date,station_id,pm25,pm10,no2,o3,temperature_c,humidity_pct,wind_speed_ms,precipitation_mm,pressure_hpa
2022-01-01,S01,25.8,40.9,32.5,2.0,1.0,74.9,6.9,0.0,1013.0
2022-01-02,S01,20.4,30.5,41.8,6.9,-1.9,82.4,5.6,0.0,1016.4
2022-01-03,S01,8.6,23.9,43.6,15.0,-0.2,74.5,6.1,17.1,1016.8
2022-01-04,S01,24.9,41.2,42.0,15.7,2.7,75.0,4.4,0.0,1013.5
2022-01-05,S01,,133.4,85.7,2.0,-3.3,75.5,1.3,0.0,1013.5
2022-01-06,S01,102.9,142.5,105.4,2.0,-4.8,87.6,1.0,0.0,1015.0
2022-01-07,S01,45.4,70.8,61.1,2.0,-2.7,88.3,5.2,0.0,1021.4
2022-01-08,S01,30.5,46.3,52.3,22.6,-2.6,95.5,7.1,1.2,1022.9
2022-01-09,S01,90.4,148.0,,2.0,-2.2,98.2,1.3,0.8,1025.8
2022-01-10,S01,33.8,56.8,57.4,2.0,-3.1,86.5,3.7,0.0,1020.8
2022-01-11,S01,26.3,40.1,46.1,5.9,-0.2,75.7,6.8,0.0,1017.1
2022-01-12,S01,33.0,51.7,68.6,11.2,1.6,89.1,3.4,1.7,1015.4
2022-01-13,S01,34.8,47.5,76.8,2.0,2.2,62.9,3.9,0.0,1014.3
2022-01-14,S01,39.3,66.7,82.0,2.0,4.6,69.7,1.5,0.0,1010.0
2022-01-15,S01,23.8,35.2,68.2,5.0,4.8,87.8,3.0,5.5,1015.7
2022-01-16,S01,7.3,15.1,56.4,16.7,0.7,90.3,9.0,5.4,1018.7
2022-01-17,S01,47.1,69.1,62.7,2.0,2.4,72.2,2.6,0.0,1016.3
2022-01-18,S01,91.4,136.5,68.3,2.0,-1.2,78.5,1.6,0.0,1018.2
2022-01-19,S01,55.9,75.2,68.0,8.9,2.0,84.7,2.0,0.3,1018.1
2022-01-20,S01,51.0,68.3,50.6,2.0,1.0,79.6,3.0,0.0,1019.9
2022-01-21,S01,34.5,52.7,59.1,17.8,0.5,83.0,3.5,0.0,1013.2
2022-01-22,S01,54.0,88.7,45.3,2.0,-2.3,85.3,3.0,0.0,1012.6
2022-01-23,S01,29.7,46.2,32.6,31.0,2.4,82.8,7.9,0.0,1012.4
2022-01-24,S01,45.8,73.4,75.0,2.0,1.6,70.0,0.5,0.0,1015.0
2022-01-25,S01,35.1,52.4,72.4,7.6,0.1,76.8,3.3,0.0,1012.1
2022-01-26,S01,,43.8,68.7,4.9,0.4,93.8,4.1,2.0,1002.3
2022-01-27,S01,35.8,56.8,39.1,13.0,0.7,76.3,5.5,0.0,1000.1
2022-01-28,S01,40.3,69.3,84.1,7.3,1.8,88.9,3.7,2.0,1002.4
2022-01-29,S01,72.3,119.9,54.6,27.6,2.3,87.6,4.1,0.0,1004.8
2022-01-30,S01,35.4,69.3,53.3,8.0,3.0,97.2,4.4,8.4,1013.2
2022-01-31,S01,59.8,98.9,38.8,28.2,8.5,69.2,3.0,0.0,1015.5
2022-02-01,S01,45.2,66.6,65.1,4.1,5.7,92.7,0.3,2.9,1015.3
2022-02-02,S01,52.2,82.0,87.5,2.0,2.2,79.7,1.2,0.0,1014.7
2022-02-03,S01,54.8,75.7,67.6,2.0,-0.2,87.7,2.4,0.9,1018.8
2022-02-04,S01,55.2,75.0,70.4,2.0,1.5,86.7,1.6,0.0,1015.3
2022-02-05,S01,11.4,16.9,24.4,35.1,5.3,73.6,11.8,0.0,1014.3
2022-02-06,S01,25.6,42.1,46.1,17.7,4.0,81.1,2.4,3.0,1009.6
2022-02-07,S01,36.8,61.4,70.0,2.0,0.7,82.1,1.4,0.0,1016.0
2022-02-08,S01,36.9,51.0,86.2,2.0,-1.7,81.5,2.7,0.0,1017.0
2022-02-09,S01,29.6,47.5,76.7,2.0,0.8,78.8,2.8,0.0,1013.3
2022-02-10,S01,44.2,70.9,65.6,2.0,3.5,78.7,1.5,0.0,1012.8
2022-02-11,S01,29.0,42.8,72.1,14.5,4.6,73.9,3.8,0.0,1014.9
2022-02-12,S01,50.3,75.4,58.0,3.1,0.9,92.9,0.9,1.2,1013.5
2022-02-13,S01,52.1,85.9,55.2,6.5,2.4,75.2,1.8,0.0,1011.3
2022-02-14,S01,27.8,48.2,83.4,9.1,3.6,92.1,3.1,5.5,1009.0
2022-02-15,S01,64.9,102.8,70.0,3.5,3.1,79.4,2.4,0.0,1011.2
2022-02-16,S01,28.1,49.6,45.7,4.5,5.9,73.5,4.4,0.0,1010.1
2022-02-17,S01,19.9,28.0,34.4,23.0,5.2,75.3,7.9,0.0,1008.9
2022-02-18,S01,37.8,60.6,51.5,2.0,5.4,66.8,2.3,0.0,1004.3
2022-02-19,S01,19.8,39.1,32.4,33.9,5.0,78.2,9.2,0.0,1006.4
2022-02-20,S01,68.6,95.6,70.6,10.6,5.1,70.5,1.2,0.0,1007.0
2022-02-21,S01,21.9,35.7,40.9,29.4,5.6,90.5,6.2,5.9,1006.9
2022-02-22,S01,50.6,73.2,58.0,2.2,1.0,95.3,1.1,2.2,1008.9
2022-02-23,S01,39.6,69.1,60.1,12.1,2.0,82.7,3.5,0.0,1012.7
2022-02-24,S01,81.2,124.0,61.8,2.0,0.2,75.6,1.9,0.0,1015.6
2022-02-25,S01,86.9,149.3,57.5,2.0,0.4,80.5,1.6,0.0,1017.3
2022-02-26,S01,13.6,21.0,32.8,12.8,0.1,100.0,11.8,0.8,1015.5
2022-02-27,S01,46.4,65.3,73.4,6.9,5.1,84.0,4.8,0.0,1012.7
2022-02-28,S01,52.6,73.8,92.9,8.4,2.8,98.0,2.3,0.8,1008.6
2022-03-01,S01,82.6,109.4,85.4,6.5,5.1,90.0,0.2,0.2,1007.1
2022-03-02,S01,76.9,123.7,72.9,2.0,1.1,87.1,0.6,4.9,1008.4
2022-03-03,S01,79.7,119.9,73.9,2.0,-0.0,84.8,1.0,0.0,1006.1
2022-03-04,S01,49.3,71.8,63.6,2.0,2.6,78.3,3.1,0.0,1007.9
2022-03-05,S01,50.9,81.0,52.0,10.2,3.3,80.5,3.3,0.0,1005.1
2022-03-06,S01,105.8,148.8,84.9,11.4,6.2,73.5,1.4,0.0,1000.0
2022-03-07,S01,35.0,44.5,30.5,29.9,8.3,73.1,4.6,0.0,1005.9
2022-03-08,S01,45.1,73.2,44.4,6.8,6.4,74.0,4.6,0.0,1005.4
2022-03-09,S01,59.9,81.9,73.0,3.6,4.0,79.7,2.2,0.0,1003.6
2022-03-10,S01,38.0,57.2,55.5,,6.4,76.6,1.3,0.0,1001.1
2022-03-11,S01,47.3,73.9,69.8,9.5,5.7,69.9,0.3,0.0,1005.2
2022-03-12,S01,23.1,37.6,66.1,2.0,2.8,80.5,3.0,1.5,1012.2
2022-03-13,S01,21.3,39.8,82.1,2.0,-0.3,100.0,3.2,5.0,1010.8
2022-03-14,S01,29.6,48.0,38.8,15.4,-0.0,95.5,5.0,0.0,1010.4
2022-03-15,S01,23.9,45.9,29.4,26.3,3.2,76.8,7.1,0.0,1015.2
2022-03-16,S01,15.6,26.1,28.1,28.3,4.2,68.6,8.3,0.0,1007.5
2022-03-17,S01,25.5,47.2,32.4,42.2,6.9,73.2,5.2,0.0,1016.5
2022-03-18,S01,27.0,36.8,45.5,17.9,5.7,90.5,2.2,10.2,1025.5
2022-03-19,S01,29.6,48.2,45.4,10.2,6.0,83.5,3.1,0.0,1012.2
2022-03-20,S01,29.2,44.9,58.2,21.9,7.0,69.2,4.9,0.0,1012.0
2022-03-21,S01,48.5,71.1,59.8,8.3,7.0,76.1,1.5,0.0,1009.3
2022-03-22,S01,57.2,73.0,60.9,22.6,7.7,89.5,1.9,0.1,1009.0
2022-03-23,S01,21.9,31.8,38.7,22.5,6.0,75.4,4.8,0.0,1008.1
2022-03-24,S01,10.6,21.1,40.7,28.2,6.0,77.6,7.4,0.0,1012.3
2022-03-25,S01,,30.8,58.5,7.0,6.1,68.4,6.3,0.0,1012.0
2022-03-26,S01,32.4,51.7,39.5,15.7,3.1,87.0,5.2,0.0,1008.6
2022-03-27,S01,52.8,79.9,80.0,5.9,6.1,81.3,2.8,0.0,1008.8
2022-03-28,S01,86.1,122.0,71.6,2.0,4.6,72.5,1.5,0.0,1011.7
2022-03-29,S01,38.3,54.0,44.1,19.2,6.4,78.2,5.3,0.0,1007.2
2022-03-30,S01,25.6,49.5,37.5,33.7,8.1,70.9,7.4,0.0,1001.8
2022-03-31,S01,,48.4,58.6,19.1,10.1,69.5,2.6,0.0,1012.0
2022-04-01,S01,43.1,58.1,81.9,2.2,10.7,80.3,2.1,0.0,1009.6
2022-04-02,S01,28.2,54.1,64.6,14.0,10.0,74.8,1.9,0.0,1009.8
2022-04-03,S01,22.4,37.0,54.8,17.1,9.4,76.2,3.7,0.0,1008.8
2022-04-04,S01,30.4,46.5,33.0,33.2,8.8,83.8,6.9,0.0,1011.8
2022-04-05,S01,94.1,124.7,86.9,2.0,4.3,70.1,0.5,0.0,1019.2
2022-04-06,S01,35.8,68.6,49.2,6.2,4.0,74.6,2.7,0.0,1020.3
2022-04-07,S01,63.0,84.5,74.9,2.0,1.0,82.6,1.1,0.0,1012.7
2022-04-08,S01,13.9,26.8,57.3,16.4,1.6,78.6,9.2,0.0,1007.2
2022-04-09,S01,25.3,42.8,33.8,24.9,5.4,83.5,3.1,0.0,1006.8
2022-04-10,S01,50.9,73.7,63.9,8.9,4.7,75.7,2.3,0.0,1007.0
2022-04-11,S01,52.4,75.8,58.3,22.5,5.4,66.2,3.2,0.0,1001.3
2022-04-12,S01,62.8,99.5,61.8,24.2,10.2,72.6,0.8,0.0,1006.9
2022-04-13,S01,48.7,86.0,60.7,26.7,9.5,72.6,1.1,0.0,1003.8
2022-04-14,S01,26.8,49.8,51.5,35.5,11.4,76.6,3.0,0.0,1011.6
2022-04-15,S01,33.6,,40.8,41.6,10.6,74.2,4.8,0.0,1019.2
2022-04-16,S01,72.3,100.6,72.4,2.0,9.5,75.8,0.2,0.0,1016.9
2022-04-17,S01,5.6,12.0,32.2,36.3,8.2,86.3,7.1,7.9,1017.9
2022-04-18,S01,46.1,76.6,85.1,18.1,8.1,70.5,2.5,0.0,1012.0
2022-04-19,S01,21.4,33.2,36.7,44.7,11.3,69.7,5.7,0.0,1014.7
2022-04-20,S01,32.1,48.0,56.0,10.5,7.2,86.6,3.9,0.6,1012.4
2022-04-21,S01,22.2,31.9,27.3,41.9,9.3,70.8,8.2,0.0,1008.1
2022-04-22,S01,,52.7,53.1,27.4,11.4,83.7,4.4,0.0,1008.0
2022-04-23,S01,17.9,43.5,44.9,44.2,10.2,94.4,5.9,1.4,1007.1
2022-04-24,S01,51.4,92.5,64.7,2.0,8.1,80.1,2.0,0.0,1007.0
2022-04-25,S01,39.5,54.7,53.6,8.4,8.8,76.1,0.9,0.0,1012.0
2022-04-26,S01,17.8,33.7,37.5,12.6,9.0,74.3,5.0,0.0,1009.0
2022-04-27,S01,48.2,55.9,89.3,10.4,10.7,67.1,0.8,0.0,1016.8
2022-04-28,S01,22.9,55.9,34.6,53.5,12.7,70.8,5.1,0.0,1010.7
2022-04-29,S01,26.8,41.1,62.8,27.6,16.1,64.5,1.4,0.0,1017.6
2022-04-30,S01,33.4,45.8,35.9,39.1,15.5,68.9,3.9,0.0,1012.6
2022-05-01,S01,7.9,19.9,31.2,50.1,12.9,87.1,9.6,5.3,1012.7
2022-05-02,S01,20.5,30.0,36.4,34.3,13.4,74.3,4.6,0.0,1010.8
2022-05-03,S01,22.6,36.1,42.4,33.0,13.7,68.4,2.4,0.0,1009.9
2022-05-04,S01,19.2,29.3,34.7,46.7,17.2,62.3,4.7,0.0,1013.7
2022-05-05,S01,16.8,27.6,47.7,32.5,19.5,74.4,1.8,0.0,1019.6
2022-05-06,S01,7.6,20.9,26.8,56.3,18.1,72.7,9.5,0.0,1023.0
2022-05-07,S01,26.8,42.3,53.9,47.8,21.6,61.0,1.8,0.0,1019.4
2022-05-08,S01,15.1,26.1,37.3,46.3,16.7,79.2,3.2,4.6,1018.8
2022-05-09,S01,29.9,46.3,40.9,47.3,14.9,70.2,4.4,0.0,1014.6
2022-05-10,S01,57.1,73.4,35.0,36.6,13.0,67.9,4.1,0.0,1010.3
2022-05-11,S01,55.2,73.9,54.3,29.1,12.2,72.9,3.4,0.0,1006.2
2022-05-12,S01,76.1,110.7,68.0,21.1,9.8,89.4,2.0,0.0,1005.8
2022-05-13,S01,41.9,70.8,52.2,23.0,14.0,71.1,2.2,0.0,1008.3
2022-05-14,S01,19.7,45.3,39.3,32.1,13.6,76.6,5.7,0.0,1001.6
2022-05-15,S01,21.7,50.6,63.7,20.0,9.7,58.7,4.5,0.0,1003.7
2022-05-16,S01,23.6,34.4,47.6,14.4,10.5,78.4,3.5,4.6,1011.6
2022-05-17,S01,21.6,34.3,27.7,43.6,12.5,79.3,7.0,0.0,1016.4
2022-05-18,S01,29.1,46.6,39.6,51.9,16.5,71.9,5.9,0.0,1013.4
2022-05-19,S01,18.3,32.2,,49.6,22.2,36.9,5.0,0.0,1007.7
2022-05-20,S01,46.9,86.8,56.4,54.6,27.6,63.6,0.8,0.0,1010.6
2022-05-21,S01,29.8,46.6,37.9,54.1,26.0,85.4,4.0,1.3,1001.8
2022-05-22,S01,40.0,73.1,39.7,38.7,20.8,50.6,3.4,0.0,1008.5
2022-05-23,S01,20.1,35.2,31.5,60.7,15.3,76.9,6.6,0.0,1008.5
2022-05-24,S01,34.6,48.6,74.9,13.4,15.6,51.6,0.2,0.0,1016.8
2022-05-25,S01,13.3,24.4,60.4,18.2,14.7,88.5,2.8,2.5,1009.1
2022-05-26,S01,10.0,34.2,54.4,33.6,15.0,78.7,3.5,5.8,1013.5
2022-05-27,S01,,42.0,60.8,26.4,14.1,54.9,1.3,0.0,1013.0
2022-05-28,S01,31.1,50.0,52.9,34.7,15.7,70.9,1.4,0.0,1011.7
2022-05-29,S01,6.7,12.6,18.6,72.2,18.6,85.5,7.6,2.0,1006.5
2022-05-30,S01,10.2,15.6,45.7,39.4,20.2,79.6,4.1,10.9,1010.2
2022-05-31,S01,9.6,18.1,17.5,55.7,19.7,68.3,8.4,0.0,1013.4
2022-06-01,S01,13.4,25.1,33.5,50.7,16.3,79.9,2.6,2.2,1020.5
2022-06-02,S01,35.3,51.4,58.7,29.3,13.1,58.3,0.9,0.0,1023.0
2022-06-03,S01,23.7,46.2,52.9,35.0,14.1,73.6,2.6,0.0,1018.6
2022-06-04,S01,14.9,24.9,48.8,24.3,14.5,88.1,1.9,6.4,1013.5
2022-06-05,S01,18.6,36.7,56.3,52.3,20.1,69.5,4.3,0.0,1007.9
2022-06-06,S01,16.8,29.7,44.8,55.3,21.3,65.3,4.5,1.5,1014.8
2022-06-07,S01,16.5,25.3,37.7,56.0,23.0,54.1,4.8,0.0,1011.4
2022-06-08,S01,5.8,11.7,,60.4,20.5,60.4,11.2,0.0,1017.6
2022-06-09,S01,17.4,30.0,49.9,42.9,17.4,58.4,5.6,0.0,1018.8
2022-06-10,S01,20.6,39.4,59.8,39.3,14.5,72.7,1.8,0.0,1018.9
2022-06-11,S01,6.5,12.6,29.5,34.9,15.1,81.5,6.2,7.3,1016.5
2022-06-12,S01,12.6,23.3,43.2,40.1,21.6,51.4,2.8,0.0,1018.5
2022-06-13,S01,15.7,38.8,38.8,37.6,19.8,67.9,2.1,0.0,1017.3
2022-06-14,S01,6.9,13.9,31.8,55.5,22.2,65.6,6.9,0.0,1015.0
2022-06-15,S01,18.8,33.4,43.9,39.4,19.3,60.3,1.7,0.0,1017.4
2022-06-16,S01,14.8,34.0,32.7,64.0,22.0,74.5,6.0,15.2,1015.9
2022-06-17,S01,18.0,31.3,42.9,53.7,21.6,53.7,4.5,0.0,1012.1
2022-06-18,S01,22.3,33.9,36.2,46.8,21.7,64.7,1.7,0.0,1014.7
2022-06-19,S01,51.6,82.7,46.6,43.1,21.4,65.0,0.6,0.0,1014.1
2022-06-20,S01,35.4,61.9,43.7,48.0,20.0,70.6,2.8,0.0,1015.8
2022-06-21,S01,21.0,37.4,35.5,41.6,21.9,65.7,5.8,0.0,1013.5
2022-06-22,S01,22.6,41.7,38.0,53.7,18.9,63.2,4.2,0.0,1008.5
2022-06-23,S01,14.4,26.7,27.7,44.2,16.8,67.7,7.8,0.0,1016.4
2022-06-24,S01,40.0,49.6,37.6,32.7,14.6,66.8,4.0,0.0,1021.9
2022-06-25,S01,16.7,29.1,24.8,52.8,17.3,71.5,6.6,0.0,1023.6
2022-06-26,S01,31.9,40.1,46.5,45.2,22.3,63.4,2.1,0.0,1020.0
2022-06-27,S01,14.1,22.6,39.5,55.8,22.3,64.6,4.4,0.0,1017.4
2022-06-28,S01,22.0,33.5,49.2,45.7,22.2,61.9,2.0,0.0,1022.0
2022-06-29,S01,17.2,27.2,51.7,,21.7,56.7,2.3,0.0,1018.8
2022-06-30,S01,18.6,34.0,49.0,64.9,24.7,63.7,3.5,0.0,1015.1
2022-07-01,S01,13.7,29.5,50.2,57.3,24.1,71.8,3.8,0.3,1022.2
2022-07-02,S01,35.4,62.9,48.0,46.9,22.4,65.1,1.6,0.0,1020.2
2022-07-03,S01,18.0,,31.2,63.0,24.4,59.3,4.0,0.0,1025.8
2022-07-04,S01,23.3,39.7,59.8,44.2,25.0,56.5,3.2,0.0,1017.6
2022-07-05,S01,25.6,45.8,62.4,67.6,27.7,55.0,1.0,0.0,1018.8
2022-07-06,S01,27.4,44.6,49.8,40.3,25.9,57.5,0.6,0.0,1025.9
2022-07-07,S01,10.4,21.5,33.9,59.2,22.2,54.2,6.9,0.0,1023.5
2022-07-08,S01,19.0,31.5,59.0,33.8,18.2,66.9,2.9,0.0,1020.3
2022-07-09,S01,31.4,59.7,82.6,34.8,23.9,71.1,0.9,3.7,1014.2
2022-07-10,S01,19.0,31.6,30.5,67.1,27.0,65.0,7.9,0.0,1018.3
2022-07-11,S01,24.4,46.9,50.5,48.6,25.0,55.8,4.5,0.0,1014.1
2022-07-12,S01,64.6,85.8,35.6,61.4,22.7,75.2,3.4,0.0,1013.5
2022-07-13,S01,55.1,72.7,53.5,41.3,26.2,56.1,1.7,0.0,1008.5
2022-07-14,S01,55.5,78.4,54.7,49.2,22.4,56.0,0.9,0.0,1015.6
2022-07-15,S01,16.7,25.4,48.7,47.2,19.4,71.4,3.4,7.7,1019.7
2022-07-16,S01,24.2,33.5,67.2,38.2,22.1,57.7,2.7,0.0,1018.2
2022-07-17,S01,15.9,27.1,59.5,40.9,20.3,86.9,1.2,9.5,1012.6
2022-07-18,S01,26.8,40.9,45.8,41.3,21.3,72.6,1.4,0.0,1018.8
2022-07-19,S01,27.7,57.5,43.8,32.0,20.4,68.6,1.2,0.0,1016.2
2022-07-20,S01,30.8,42.4,78.6,26.9,22.2,54.5,1.2,0.0,1011.1
2022-07-21,S01,,,60.2,52.3,25.2,69.3,1.6,0.0,1004.5
2022-07-22,S01,20.7,,48.8,58.3,25.0,54.3,3.6,0.0,1003.6
2022-07-23,S01,25.5,39.5,38.6,58.3,24.4,62.6,4.3,0.0,999.6
2022-07-24,S01,33.5,52.8,50.0,34.9,18.0,77.5,3.0,0.0,999.8
2022-07-25,S01,20.9,32.9,39.8,40.7,19.1,70.0,2.7,0.0,1005.4
2022-07-26,S01,17.9,38.8,44.5,37.8,17.2,80.0,4.4,0.0,1005.4
2022-07-27,S01,25.2,39.7,48.0,13.8,15.1,66.5,0.5,0.0,1008.4
2022-07-28,S01,27.9,38.6,40.5,37.6,15.5,65.8,3.8,0.0,1006.4
2022-07-29,S01,20.9,29.6,30.0,50.0,16.2,67.8,6.3,0.0,1008.0
2022-07-30,S01,35.8,65.9,26.8,46.1,19.7,54.0,2.2,0.0,1016.7
2022-07-31,S01,12.1,25.2,34.8,58.2,16.7,76.5,5.4,1.8,1014.5
2022-08-01,S01,20.5,36.2,41.7,30.8,17.9,81.6,2.5,0.8,1015.8
2022-08-02,S01,22.4,38.4,38.1,40.5,18.6,72.9,4.8,0.0,1009.0
2022-08-03,S01,29.7,48.6,47.8,38.5,17.5,66.5,2.9,0.0,1015.8
2022-08-04,S01,29.2,47.5,80.9,33.8,20.6,54.3,1.2,0.0,1013.4
2022-08-05,S01,,61.6,57.7,27.8,22.8,62.4,1.6,0.0,1017.5
2022-08-06,S01,14.6,22.0,32.7,70.1,25.1,64.1,7.4,0.0,1016.1
2022-08-07,S01,20.0,38.4,40.8,60.2,24.5,64.4,5.5,0.0,1017.9
2022-08-08,S01,11.9,25.6,59.5,22.7,20.6,77.6,2.5,21.3,1019.6
2022-08-09,S01,29.1,41.8,55.9,39.2,20.6,58.9,2.2,0.0,1016.5
2022-08-10,S01,9.0,17.9,56.1,34.4,21.3,82.9,1.9,1.2,1020.2
2022-08-11,S01,9.1,13.1,49.6,42.0,20.8,45.3,4.0,0.0,1015.7
2022-08-12,S01,15.4,29.2,32.9,28.6,17.7,82.8,1.8,0.6,1018.3
2022-08-13,S01,23.4,37.9,78.4,35.0,19.3,92.4,2.1,4.4,1015.7
2022-08-14,S01,16.6,25.4,72.4,48.5,20.1,74.0,1.9,2.7,1016.5
2022-08-15,S01,12.6,28.6,42.7,59.7,25.4,69.3,4.5,3.9,1014.0
2022-08-16,S01,17.9,27.5,35.7,45.0,28.3,67.8,3.0,1.6,1014.0
2022-08-17,S01,17.3,27.8,54.2,50.8,22.7,56.8,4.1,0.0,1009.5
2022-08-18,S01,26.6,37.0,48.9,41.7,22.2,69.0,1.3,0.0,1011.2
2022-08-19,S01,22.3,39.8,59.3,23.3,17.4,66.2,1.8,0.0,1011.7
2022-08-20,S01,20.8,37.5,37.7,40.3,16.5,69.0,2.7,0.0,1009.8
2022-08-21,S01,32.9,50.7,93.0,28.3,17.3,67.2,0.7,0.0,1010.2
2022-08-22,S01,18.0,28.8,35.7,41.9,20.9,64.0,2.9,0.0,1011.3
2022-08-23,S01,16.7,34.2,49.1,,18.7,82.0,2.8,0.0,1009.2
2022-08-24,S01,18.3,34.7,37.5,19.0,16.9,79.1,1.1,4.8,1009.4
2022-08-25,S01,21.5,37.2,36.6,30.8,12.4,73.3,6.0,0.0,1006.1
2022-08-26,S01,13.9,31.2,39.0,34.3,14.1,64.1,4.3,0.0,1016.9
2022-08-27,S01,32.5,44.8,62.9,21.5,13.7,65.3,2.7,0.0,1020.3
2022-08-28,S01,28.0,39.0,51.2,19.7,13.0,89.0,1.7,9.1,1020.0
2022-08-29,S01,67.1,83.3,77.3,21.2,12.9,61.4,0.8,0.0,1023.3
2022-08-30,S01,22.7,34.6,32.1,41.4,13.5,55.0,5.1,0.0,1013.3
2022-08-31,S01,50.6,71.4,54.0,20.5,9.9,71.0,2.1,0.0,1003.0
2022-09-01,S01,86.8,126.8,61.5,19.7,9.0,83.3,1.0,0.0,1003.4
2022-09-02,S01,45.6,59.9,59.0,24.6,16.3,66.4,1.8,0.0,999.8
2022-09-03,S01,23.0,33.6,43.6,26.4,14.0,72.1,4.8,0.0,1001.5
2022-09-04,S01,18.3,29.6,54.2,21.9,11.9,60.6,3.7,0.0,1004.6
2022-09-05,S01,32.2,46.4,58.3,26.9,17.4,78.8,1.4,12.2,1010.0
2022-09-06,S01,20.1,35.2,42.0,44.9,26.1,75.8,5.5,7.1,1006.0
2022-09-07,S01,35.2,58.9,48.4,33.2,19.6,52.6,1.0,0.0,1009.0
2022-09-08,S01,13.8,20.2,36.4,55.4,17.2,74.8,6.4,0.0,1009.9
2022-09-09,S01,20.3,33.0,61.7,44.5,18.9,67.3,3.6,0.0,1011.9
2022-09-10,S01,34.1,47.5,35.8,52.4,21.9,67.1,2.4,0.0,1010.0
2022-09-11,S01,14.2,23.0,54.6,38.1,18.6,80.7,2.6,6.5,1016.2
2022-09-12,S01,14.4,26.2,49.9,48.2,16.5,72.6,3.8,0.0,1015.1
2022-09-13,S01,15.9,23.8,53.2,32.8,18.3,83.5,4.8,2.5,1021.8
2022-09-14,S01,52.1,75.1,68.8,23.1,19.0,73.7,0.7,0.0,1016.9
2022-09-15,S01,38.7,68.8,54.3,42.1,17.3,57.4,1.8,0.0,1019.1
2022-09-16,S01,19.5,37.0,48.7,36.9,16.6,70.6,3.6,2.3,1017.6
2022-09-17,S01,17.4,34.1,33.6,30.7,12.5,79.9,5.4,29.9,1015.4
2022-09-18,S01,11.0,17.0,31.5,44.5,13.0,67.5,6.7,0.0,1017.4
2022-09-19,S01,7.6,13.8,25.1,39.1,13.2,81.2,7.0,3.2,1015.4
2022-09-20,S01,13.1,22.2,50.1,28.7,14.1,84.4,5.6,5.7,1004.2
2022-09-21,S01,17.7,36.0,61.6,,12.8,75.2,1.7,0.0,993.7
2022-09-22,S01,17.7,29.8,39.1,35.5,13.8,75.9,3.3,0.0,1002.7
2022-09-23,S01,13.5,32.4,39.6,,17.3,62.2,5.3,0.0,1009.7
2022-09-24,S01,9.8,20.5,47.4,52.6,16.6,81.4,5.3,5.9,1017.9
2022-09-25,S01,20.2,36.5,59.7,29.6,16.5,64.2,2.7,0.0,1016.8
2022-09-26,S01,15.0,24.9,35.1,38.8,16.7,68.5,4.1,0.0,1010.9
2022-09-27,S01,10.8,18.1,27.2,47.1,14.6,82.9,2.3,3.2,1009.6
2022-09-28,S01,20.5,31.6,63.2,30.5,13.8,49.1,1.1,0.0,1010.4
2022-09-29,S01,14.5,20.7,41.0,33.0,13.9,96.4,2.9,2.1,1006.9
2022-09-30,S01,16.9,32.2,57.8,13.8,13.6,72.2,2.5,0.0,1014.7
2022-10-01,S01,21.5,35.8,63.9,26.5,18.4,74.0,1.9,0.4,1023.3
2022-10-02,S01,13.8,25.4,52.6,35.1,19.9,93.0,4.2,9.7,1023.2
2022-10-03,S01,19.9,34.4,71.4,34.2,19.2,63.6,2.4,0.0,1021.1
2022-10-04,S01,9.3,16.1,54.5,30.0,15.5,70.2,4.1,0.0,1014.3
2022-10-05,S01,18.3,36.0,58.0,40.9,12.0,79.1,5.0,0.1,1020.2
2022-10-06,S01,3.1,7.7,29.1,39.4,14.7,92.9,10.7,1.7,1019.1
2022-10-07,S01,16.1,36.6,63.6,16.9,13.5,70.0,3.3,0.0,1016.7
2022-10-08,S01,13.6,22.7,35.9,41.5,14.2,71.3,5.8,0.0,1017.9
2022-10-09,S01,21.1,31.0,37.9,31.4,10.6,80.8,3.5,0.0,1014.6
2022-10-10,S01,21.0,44.9,75.9,2.0,11.9,88.4,3.8,2.5,1014.8
2022-10-11,S01,30.8,53.0,48.7,16.4,13.9,72.4,3.1,0.0,1008.7
2022-10-12,S01,25.4,41.1,63.0,16.6,9.3,92.2,3.7,4.1,1013.9
2022-10-13,S01,28.3,41.8,49.2,30.1,8.8,99.8,2.7,1.2,1013.3
2022-10-14,S01,25.2,40.8,46.2,45.0,10.4,76.4,6.0,0.0,1017.9
2022-10-15,S01,24.8,37.1,36.5,19.3,10.0,71.4,1.7,0.0,1016.1
2022-10-16,S01,34.0,60.2,58.5,15.2,10.4,72.7,0.9,0.0,1014.9
2022-10-17,S01,27.5,48.0,55.7,11.4,9.6,80.9,2.2,0.0,1009.7
2022-10-18,S01,44.6,61.4,63.1,20.6,9.3,66.5,2.1,0.0,1013.4
2022-10-19,S01,38.0,62.7,73.5,24.9,9.5,73.1,1.8,0.0,1009.8
2022-10-20,S01,32.4,65.1,40.8,40.7,13.6,59.0,2.6,0.0,1008.5
2022-10-21,S01,45.4,62.2,68.4,8.6,6.5,68.2,2.2,0.0,1009.4
2022-10-22,S01,53.9,78.5,77.5,2.0,6.1,72.3,2.1,0.0,1010.6
2022-10-23,S01,45.2,65.8,93.3,6.3,8.4,74.5,2.1,0.0,1004.3
2022-10-24,S01,26.5,47.4,54.2,31.3,8.4,95.8,4.3,2.4,1005.1
2022-10-25,S01,6.3,17.1,23.1,36.8,8.1,89.7,10.5,0.2,1009.9
2022-10-26,S01,22.2,34.7,43.3,2.0,3.8,72.3,3.4,0.0,1009.0
2022-10-27,S01,12.2,28.8,90.5,2.0,5.3,82.9,1.9,2.3,1008.9
2022-10-28,S01,34.1,56.7,77.5,9.5,11.0,78.8,0.3,0.0,1010.4
2022-10-29,S01,12.6,23.9,31.8,15.4,6.2,84.8,8.5,0.0,1010.4
2022-10-30,S01,25.4,41.2,37.2,24.7,8.4,81.7,3.4,1.5,1006.8
2022-10-31,S01,20.8,32.2,47.0,21.6,7.8,83.6,2.5,1.6,1007.9
2022-11-01,S01,46.2,76.9,80.5,19.0,7.5,80.6,0.3,0.0,1012.9
2022-11-02,S01,28.1,40.7,62.8,2.0,4.8,71.8,2.7,0.0,1008.7
2022-11-03,S01,38.5,55.0,35.7,22.3,4.6,76.5,3.8,0.0,1008.1
2022-11-04,S01,72.8,101.9,66.9,20.7,8.6,86.5,2.0,0.0,1003.5
2022-11-05,S01,47.9,66.5,46.7,21.8,9.4,86.2,1.1,17.6,1009.2
2022-11-06,S01,51.5,75.4,79.3,8.6,13.1,67.9,0.9,0.0,1009.6
2022-11-07,S01,16.6,30.9,29.1,37.2,13.7,84.7,8.5,1.9,1006.9
2022-11-08,S01,41.2,61.4,44.8,31.9,14.1,65.4,2.8,0.0,1008.5
2022-11-09,S01,37.1,62.2,65.7,25.4,14.5,59.3,1.8,0.0,1004.6
2022-11-10,S01,31.9,49.5,53.6,22.7,13.2,76.0,2.8,0.0,1002.1
2022-11-11,S01,21.4,31.1,64.0,34.9,13.0,74.5,3.0,0.0,998.4
2022-11-12,S01,22.7,33.2,63.0,14.1,11.3,82.6,1.0,2.2,997.1
2022-11-13,S01,16.2,44.2,47.1,7.5,8.4,83.3,4.6,0.3,1005.7
2022-11-14,S01,38.8,54.5,,10.9,6.4,69.3,2.5,0.0,1004.2
2022-11-15,S01,36.0,49.4,56.8,21.0,8.5,78.6,2.9,0.0,1007.8
2022-11-16,S01,20.7,34.9,53.5,21.2,4.6,85.0,7.1,5.5,1005.5
2022-11-17,S01,42.0,63.2,59.6,12.9,7.2,70.4,1.1,0.0,1010.1
2022-11-18,S01,73.3,114.5,72.6,17.9,6.2,86.2,1.6,0.0,1006.5
2022-11-19,S01,18.7,34.8,42.1,12.4,8.0,90.1,3.7,2.5,1008.0
2022-11-20,S01,12.2,20.8,26.2,28.5,9.1,90.8,5.9,4.1,1009.2
2022-11-21,S01,21.5,34.8,58.6,32.6,11.2,75.2,2.0,0.0,1019.3
2022-11-22,S01,30.5,45.8,60.8,4.6,11.6,76.0,1.9,0.0,1020.5
2022-11-23,S01,34.8,62.7,,15.4,5.0,72.2,4.6,0.0,1016.7
2022-11-24,S01,12.0,23.6,21.4,42.1,4.7,76.3,9.8,0.0,1018.7
2022-11-25,S01,31.0,46.3,62.8,10.6,0.7,80.0,3.3,0.0,1026.1
2022-11-26,S01,24.7,36.9,72.1,2.0,1.1,81.6,1.8,0.0,1017.0
2022-11-27,S01,43.4,75.5,57.3,11.3,4.6,73.6,1.2,0.0,1012.8
2022-11-28,S01,36.6,59.8,43.1,8.0,6.5,76.9,2.8,0.0,1011.9
2022-11-29,S01,42.0,76.7,45.2,24.6,3.2,68.2,5.1,0.0,1010.4
2022-11-30,S01,11.1,22.3,23.4,22.1,0.6,80.3,13.9,0.0,1009.6
2022-12-01,S01,27.1,48.0,67.1,2.0,2.3,81.5,2.6,0.0,1005.1
2022-12-02,S01,26.3,40.7,50.5,4.3,-0.6,69.9,3.3,0.0,1012.3
2022-12-03,S01,17.6,26.6,39.3,8.7,-0.9,84.7,7.9,0.0,1006.7
2022-12-04,S01,22.7,37.7,65.3,4.4,1.3,83.7,4.0,0.0,1007.2
2022-12-05,S01,29.5,45.1,44.8,14.6,3.7,89.4,3.2,0.0,1012.5
2022-12-06,S01,13.8,19.9,40.3,37.2,5.9,74.0,6.4,0.0,1012.5
2022-12-07,S01,45.8,71.7,88.1,2.0,-2.2,79.4,2.4,0.0,1008.7
2022-12-08,S01,56.5,87.4,55.1,2.0,0.8,74.4,1.4,0.0,1004.2
2022-12-09,S01,32.4,47.5,57.3,13.1,0.9,80.2,5.9,0.0,1005.0
2022-12-10,S01,47.8,68.1,102.5,2.0,2.0,80.1,0.8,0.0,1003.6
2022-12-11,S01,26.3,44.3,44.3,27.6,6.7,67.2,4.8,0.0,1006.3
2022-12-12,S01,24.4,34.5,57.9,2.0,0.3,92.8,2.9,4.0,1002.0
2022-12-13,S01,32.9,48.1,79.8,2.0,-0.6,70.1,2.5,0.0,1007.5
2022-12-14,S01,18.4,27.9,62.7,2.0,1.4,89.3,2.2,0.0,1009.0
2022-12-15,S01,19.1,29.8,40.6,2.0,-2.5,78.2,2.8,0.0,1010.6
2022-12-16,S01,21.3,31.7,63.2,2.0,2.6,76.8,2.1,0.0,1016.8
2022-12-17,S01,33.7,50.3,58.0,22.4,3.2,69.7,4.0,0.0,1014.3
2022-12-18,S01,28.1,40.3,70.2,2.0,4.9,72.9,2.4,0.0,1011.2
2022-12-19,S01,28.4,41.4,63.3,4.4,2.3,90.2,0.6,15.2,1009.3
2022-12-20,S01,28.5,38.9,54.0,4.8,4.4,77.6,3.1,0.0,1009.3
2022-12-21,S01,72.6,89.0,88.8,2.0,5.0,88.5,0.5,0.6,1009.7
2022-12-22,S01,35.8,52.7,56.7,9.7,4.9,82.2,2.9,0.0,1007.0
2022-12-23,S01,60.2,78.8,45.9,22.2,3.7,82.2,2.3,0.0,1000.1
2022-12-24,S01,31.0,49.8,60.6,16.3,4.2,86.1,4.9,0.0,1000.5
2022-12-25,S01,36.9,59.9,60.3,5.1,1.8,100.0,2.5,0.5,1004.4
2022-12-26,S01,31.6,44.8,63.8,13.1,0.4,97.4,4.8,0.8,1006.7
2022-12-27,S01,27.9,49.3,39.7,3.3,0.4,82.4,4.5,0.0,1012.7
2022-12-28,S01,31.0,54.1,51.4,16.3,1.8,86.3,4.3,0.0,1020.6
2022-12-29,S01,22.2,37.6,70.7,7.8,2.7,94.6,2.2,3.0,1022.1
2022-12-30,S01,46.3,78.7,58.8,7.3,-0.1,84.9,3.3,0.0,1025.8
2022-12-31,S01,23.5,31.9,42.6,5.6,0.2,86.5,4.3,6.8,1026.3
2023-01-01,S01,34.7,53.0,37.6,6.0,2.5,73.7,2.8,0.0,1030.5
2023-01-02,S01,27.4,51.6,86.0,2.0,0.6,79.8,2.6,0.0,1034.4
2023-01-03,S01,24.0,41.6,74.5,2.0,-0.6,97.5,1.7,3.0,1033.9
2023-01-04,S01,23.9,33.9,75.7,2.0,0.4,92.4,3.2,6.9,1032.6
2023-01-05,S01,54.5,81.0,,2.0,2.4,85.6,0.8,0.0,1027.8
2023-01-06,S01,55.0,92.0,86.5,2.0,2.2,87.2,0.4,0.0,1024.7
2023-01-07,S01,39.9,62.4,63.5,8.2,4.8,86.6,1.3,0.0,1021.0
2023-01-08,S01,22.6,53.7,52.1,20.5,5.9,78.9,4.7,0.0,1021.9
2023-01-09,S01,19.9,33.0,70.3,2.0,6.0,69.7,3.6,0.0,1017.2
2023-01-10,S01,18.7,35.1,48.6,8.6,5.9,90.9,4.6,4.6,1015.6
2023-01-11,S01,21.7,34.5,87.4,7.6,9.7,78.4,1.7,1.3,1005.7
2023-01-12,S01,24.4,43.1,30.2,21.2,7.3,66.9,5.9,0.0,1014.0
2023-01-13,S01,39.1,53.5,54.0,2.0,0.6,89.8,1.0,7.7,1012.9
2023-01-14,S01,41.7,67.9,82.2,13.6,4.7,84.8,1.3,0.0,1014.8
2023-01-15,S01,22.8,39.5,38.8,2.0,1.6,85.8,5.7,0.0,1020.3
2023-01-16,S01,29.1,47.6,83.6,13.9,1.2,100.0,3.8,0.3,1020.0
2023-01-17,S01,16.8,25.4,64.0,14.2,5.3,91.3,4.4,1.5,1024.4
2023-01-18,S01,39.4,62.0,77.5,4.2,-0.3,100.0,3.9,5.6,1017.1
2023-01-19,S01,54.9,83.1,86.0,2.0,-3.2,84.2,1.9,0.0,1025.9
2023-01-20,S01,70.5,100.2,66.8,2.0,-6.5,89.9,1.3,0.0,1027.7
2023-01-21,S01,53.7,83.0,60.8,2.0,-5.9,79.6,0.7,0.0,1025.6
2023-01-22,S01,20.2,30.0,51.5,2.0,-3.5,88.4,8.3,0.0,1028.8
2023-01-23,S01,70.7,97.8,56.6,2.0,-0.3,75.4,0.9,0.0,1020.9
2023-01-24,S01,27.1,39.0,54.1,5.1,1.2,77.6,7.3,0.0,1018.2
2023-01-25,S01,28.9,65.2,72.5,2.0,-2.1,90.7,3.0,0.0,1022.9
2023-01-26,S01,20.6,38.8,,2.0,-7.2,91.0,3.5,0.0,1013.5
2023-01-27,S01,21.0,32.7,67.5,2.9,-5.6,92.4,3.8,0.0,1015.6
2023-01-28,S01,31.7,46.4,61.2,2.0,-4.2,81.6,4.6,0.0,1017.2
2023-01-29,S01,35.1,66.9,68.9,9.2,-0.5,82.8,1.5,0.0,1024.3
2023-01-30,S01,43.9,65.4,105.2,2.0,0.5,80.6,0.4,0.0,1015.7
2023-01-31,S01,19.0,31.1,87.8,17.1,1.3,95.2,2.0,5.4,1021.6
2023-02-01,S01,20.8,33.4,54.5,25.7,3.9,88.8,3.9,0.0,1017.6
2023-02-02,S01,29.5,41.3,59.6,22.5,3.5,79.5,1.6,0.0,1014.9
2023-02-03,S01,16.3,30.5,54.9,19.6,5.2,99.1,5.9,1.5,1009.6
2023-02-04,S01,32.5,51.8,41.4,7.5,1.0,84.0,2.8,0.0,1006.0
2023-02-05,S01,31.9,50.7,78.9,2.0,0.5,80.9,1.3,0.0,1009.0
2023-02-06,S01,15.4,27.5,67.2,2.6,2.2,95.9,3.2,7.4,1005.3
2023-02-07,S01,16.0,34.0,43.4,13.6,3.0,90.9,4.3,0.0,1009.8
2023-02-08,S01,20.7,39.7,67.9,8.8,2.0,94.7,3.6,0.0,1007.8
2023-02-09,S01,56.3,88.9,76.9,2.0,3.2,83.8,0.2,0.0,1004.0
2023-02-10,S01,19.5,43.1,38.6,5.5,2.7,85.4,6.2,1.0,1003.7
2023-02-11,S01,32.1,46.4,88.0,2.0,2.1,80.1,1.0,0.0,1006.9
2023-02-12,S01,15.2,27.1,36.7,12.8,4.2,80.4,5.3,0.0,1007.0
2023-02-13,S01,20.5,38.5,58.1,2.0,-1.8,98.3,5.6,4.3,1008.3
2023-02-14,S01,47.0,68.8,51.7,2.0,-3.1,85.2,1.2,0.0,1012.1
2023-02-15,S01,49.9,68.4,81.3,2.0,-3.6,99.2,1.3,2.4,1016.6
2023-02-16,S01,22.5,29.5,59.3,2.0,-8.7,100.0,4.7,6.9,1014.6
2023-02-17,S01,56.5,80.2,64.9,2.0,-7.2,85.0,2.4,0.0,1010.1
2023-02-18,S01,41.0,64.9,50.2,11.6,-3.1,84.3,6.3,0.0,1011.0
2023-02-19,S01,32.6,53.0,44.0,8.3,-1.9,83.9,6.5,0.0,1013.3
2023-02-20,S01,49.1,68.6,91.8,2.0,0.1,90.3,1.1,0.0,1007.4
2023-02-21,S01,29.0,51.1,74.4,2.0,3.5,75.6,1.7,0.0,1004.9
2023-02-22,S01,30.0,43.0,61.7,2.0,6.9,88.7,2.8,2.4,1003.7
2023-02-23,S01,32.2,48.0,76.2,5.9,6.5,84.8,0.4,1.7,1004.7
2023-02-24,S01,32.9,52.7,61.6,18.8,8.9,92.5,0.6,9.3,1003.3
2023-02-25,S01,39.7,64.6,58.7,19.2,7.0,82.8,1.7,0.0,1008.1
2023-02-26,S01,9.3,19.5,27.8,19.2,3.3,99.8,10.9,6.3,1002.7
2023-02-27,S01,15.9,31.2,55.1,2.0,3.0,93.3,3.3,2.7,998.4
2023-02-28,S01,21.6,28.6,86.8,2.0,-0.9,96.2,1.9,3.0,1000.0
2023-03-01,S01,36.8,51.1,77.4,2.0,-2.5,78.9,1.3,0.0,1001.9
2023-03-02,S01,58.5,86.7,80.4,2.0,-0.5,83.0,1.1,0.0,998.3
2023-03-03,S01,35.6,54.1,47.5,2.0,3.2,80.0,2.3,0.0,998.8
2023-03-04,S01,46.8,68.2,75.4,2.0,6.3,76.5,1.8,0.0,1000.0
2023-03-05,S01,,60.0,55.1,2.0,2.7,81.6,2.5,0.0,1001.1
2023-03-06,S01,15.9,28.9,42.7,8.5,4.5,89.1,3.8,1.1,1004.1
2023-03-07,S01,34.4,55.1,81.4,6.7,2.4,76.2,3.1,0.0,1003.2
2023-03-08,S01,16.1,25.7,62.1,16.1,3.8,87.3,3.7,2.1,1011.1
2023-03-09,S01,42.5,76.0,75.2,2.0,3.7,89.4,2.4,0.0,1013.4
2023-03-10,S01,16.1,23.7,40.7,20.8,0.2,96.1,8.0,0.0,1010.1
2023-03-11,S01,27.2,40.7,48.3,18.1,3.6,69.6,4.7,0.0,1011.1
2023-03-12,S01,40.8,62.3,51.4,2.0,3.1,80.1,3.7,1.0,1011.9
2023-03-13,S01,32.3,54.6,59.8,5.6,1.8,74.1,4.6,0.0,1017.0
2023-03-14,S01,37.8,68.3,87.0,2.0,0.1,79.3,1.8,0.0,1013.8
2023-03-15,S01,26.2,54.7,59.9,2.9,1.1,84.3,3.0,0.0,1016.7
2023-03-16,S01,40.7,56.5,95.4,2.0,3.5,81.1,2.2,0.0,1016.1
2023-03-17,S01,40.4,62.9,61.7,6.4,4.3,81.0,1.9,0.0,1021.5
2023-03-18,S01,21.0,39.6,52.2,12.9,5.2,89.6,1.0,12.9,1024.9
2023-03-19,S01,20.9,34.7,35.1,33.2,6.3,69.6,4.1,0.0,1023.3
2023-03-20,S01,16.3,27.3,29.1,28.0,10.7,73.8,5.3,0.0,1020.2
2023-03-21,S01,14.6,28.5,45.7,15.6,7.5,86.2,3.9,4.5,1020.8
2023-03-22,S01,27.4,46.5,54.9,8.7,4.9,69.2,2.9,0.0,1018.5
2023-03-23,S01,12.4,26.3,31.9,38.9,8.5,68.4,9.5,0.0,1024.1
2023-03-24,S01,21.5,,61.0,12.4,7.3,68.5,1.8,0.0,1022.2
2023-03-25,S01,14.9,27.2,59.9,24.3,9.6,76.7,3.4,0.0,1018.8
2023-03-26,S01,16.0,28.2,41.4,19.7,9.9,75.7,5.4,0.0,1015.8
2023-03-27,S01,57.8,77.1,63.5,16.5,9.2,79.4,1.2,0.0,1010.4
2023-03-28,S01,34.6,55.0,42.2,,9.2,64.1,4.1,0.0,1013.1
2023-03-29,S01,12.9,20.8,38.7,41.4,13.8,58.1,8.1,0.0,1009.8
2023-03-30,S01,35.4,47.7,34.4,55.9,18.1,73.2,3.1,0.0,1014.8
2023-03-31,S01,23.4,42.7,48.2,23.1,15.5,51.2,3.4,0.0,1009.3
2023-04-01,S01,18.0,23.8,51.4,24.1,13.2,87.7,2.2,1.5,1010.6
2023-04-02,S01,33.2,53.3,53.2,22.5,15.4,57.5,3.4,0.0,1015.6
2023-04-03,S01,26.9,45.4,57.3,21.7,11.4,78.6,1.7,0.0,1006.5
2023-04-04,S01,34.9,56.2,50.5,34.5,12.2,67.4,2.9,0.0,1015.9
2023-04-05,S01,36.3,48.9,59.3,19.3,11.1,77.9,1.0,0.0,1013.6
2023-04-06,S01,49.5,81.1,87.7,9.8,11.9,92.7,0.2,0.0,1014.0
2023-04-07,S01,24.2,47.0,57.8,27.1,9.1,60.4,2.1,0.0,1016.1
2023-04-08,S01,35.8,65.5,90.5,4.3,5.8,79.6,2.2,0.0,1018.4
2023-04-09,S01,40.1,71.8,69.7,3.9,1.0,67.3,2.2,0.0,1018.4
2023-04-10,S01,39.6,56.7,49.2,14.9,1.4,83.0,5.1,0.0,1021.3
2023-04-11,S01,38.2,52.1,47.8,2.0,3.1,76.9,4.7,0.0,1021.7
2023-04-12,S01,33.6,52.3,58.4,10.3,4.6,87.1,3.9,6.1,1027.0
2023-04-13,S01,40.1,61.4,38.2,22.9,11.7,67.9,4.6,0.0,1026.3
2023-04-14,S01,39.0,63.6,56.3,20.0,14.5,73.2,1.6,0.0,1031.5
2023-04-15,S01,41.1,56.4,60.0,30.3,11.1,78.6,1.4,5.3,1031.4
2023-04-16,S01,37.8,58.2,47.9,25.6,11.9,75.8,4.1,0.0,1020.5
2023-04-17,S01,51.4,72.6,64.9,31.3,10.5,69.2,1.4,0.0,1029.4
2023-04-18,S01,26.8,,64.6,6.1,11.1,62.6,1.4,0.0,1023.9
2023-04-19,S01,2.3,4.6,15.7,49.0,11.6,91.2,14.9,5.9,1027.7
2023-04-20,S01,30.0,53.1,67.6,29.2,12.8,68.8,3.0,0.0,1024.8
2023-04-21,S01,25.9,40.9,58.8,19.7,12.1,86.0,2.2,0.0,1026.7
2023-04-22,S01,36.2,57.5,89.1,21.1,14.1,76.4,2.1,0.0,1021.2
2023-04-23,S01,50.0,69.0,63.3,16.5,11.5,77.2,0.9,1.0,1022.1
2023-04-24,S01,18.6,27.9,59.3,22.8,11.9,67.1,3.3,0.0,1019.3
2023-04-25,S01,20.3,27.9,43.3,37.2,18.6,75.0,2.4,0.4,1024.3
2023-04-26,S01,10.3,18.7,47.1,47.0,18.6,74.7,5.8,0.0,1023.8
2023-04-27,S01,26.8,39.6,38.3,50.5,19.5,66.1,3.7,0.0,1025.4
2023-04-28,S01,23.6,34.2,55.9,49.5,18.8,66.7,2.2,0.0,1014.3
2023-04-29,S01,,53.7,57.4,32.8,19.6,60.2,0.5,0.0,1013.7
2023-04-30,S01,15.9,22.2,51.0,34.1,17.6,66.7,3.2,0.0,1015.2
2023-05-01,S01,17.0,27.4,43.8,31.5,15.8,90.1,3.3,1.8,1015.6
2023-05-02,S01,37.7,62.5,54.9,33.0,12.9,73.3,0.4,0.0,1019.0
2023-05-03,S01,18.7,38.4,38.4,,14.2,62.8,4.7,0.0,1016.3
2023-05-04,S01,62.4,91.2,82.0,2.0,12.5,65.6,1.1,0.0,1015.8
2023-05-05,S01,20.9,43.9,43.9,20.9,14.7,75.7,4.7,1.4,1020.0
2023-05-06,S01,20.2,32.0,37.2,33.0,17.4,70.5,2.8,13.3,1009.5
2023-05-07,S01,14.9,24.3,66.8,32.7,17.8,71.5,1.7,1.6,1012.5
2023-05-08,S01,26.7,47.4,37.9,38.5,16.4,80.0,3.4,0.0,1011.3
2023-05-09,S01,27.6,48.8,53.3,41.1,17.6,65.8,3.3,0.0,1008.0
2023-05-10,S01,16.3,26.0,51.9,31.4,15.5,83.9,3.2,0.2,1010.3
2023-05-11,S01,9.6,,44.5,54.4,18.0,54.4,4.9,0.0,1015.8
2023-05-12,S01,9.9,17.4,66.3,31.6,13.0,85.7,3.7,4.7,1019.4
2023-05-13,S01,18.7,31.1,47.2,27.0,13.1,70.1,1.7,0.0,1017.6
2023-05-14,S01,12.7,24.6,60.4,28.2,10.1,69.1,2.7,0.0,1020.2
2023-05-15,S01,7.0,12.4,47.5,12.7,7.8,73.0,6.8,0.0,1022.2
2023-05-16,S01,16.1,27.9,50.1,24.3,13.0,65.6,1.5,0.0,1020.0
2023-05-17,S01,11.8,19.7,39.2,40.9,17.2,58.9,3.4,0.0,1015.8
2023-05-18,S01,20.4,35.8,35.7,45.8,15.4,75.5,5.3,0.0,1012.7
2023-05-19,S01,18.5,32.8,49.8,13.7,11.9,85.2,3.7,9.3,1016.1
2023-05-20,S01,33.7,61.2,43.2,12.4,5.6,72.0,2.8,0.0,1015.3
2023-05-21,S01,33.0,46.6,55.4,23.3,9.1,70.3,3.6,0.0,1010.7
2023-05-22,S01,24.4,45.9,33.2,44.5,16.5,55.6,3.7,0.0,1004.4
2023-05-23,S01,24.6,46.3,68.8,41.8,18.7,76.3,1.8,9.0,1009.5
2023-05-24,S01,25.4,40.7,52.4,41.3,16.9,87.9,3.0,0.9,1008.0
2023-05-25,S01,9.5,17.5,33.8,57.2,18.6,71.3,10.2,0.0,1010.3
2023-05-26,S01,52.5,80.1,50.6,39.0,15.2,64.8,3.7,0.0,1015.8
2023-05-27,S01,57.9,78.7,42.6,33.3,15.1,69.4,3.4,0.0,1010.0
2023-05-28,S01,31.9,56.8,43.2,35.2,15.8,66.2,2.3,0.0,1010.4
2023-05-29,S01,40.8,66.6,57.2,38.1,17.2,69.4,1.6,0.0,1010.3
2023-05-30,S01,23.8,41.3,44.1,42.2,18.9,69.2,3.6,0.0,1012.3
2023-05-31,S01,25.8,39.4,58.6,43.3,20.0,47.3,3.2,0.0,1017.4
2023-06-01,S01,16.5,25.2,41.4,52.1,20.6,80.6,2.5,3.3,1011.2
2023-06-02,S01,3.6,7.3,30.1,66.6,18.4,73.5,11.6,3.9,1013.9
2023-06-03,S01,21.0,29.5,68.6,47.3,21.2,66.9,1.8,8.8,1017.8
2023-06-04,S01,39.3,64.1,52.9,66.6,24.9,61.0,1.5,0.0,1016.1
2023-06-05,S01,45.2,73.7,71.0,41.1,19.8,65.3,2.5,0.0,1014.9
2023-06-06,S01,35.3,48.4,41.7,36.4,18.3,57.6,2.7,0.0,1016.2
2023-06-07,S01,54.7,81.3,56.3,44.8,21.5,66.5,1.7,0.0,1017.0
2023-06-08,S01,32.9,50.1,34.9,53.2,21.4,69.7,3.5,0.0,1018.5
2023-06-09,S01,28.4,52.7,65.2,51.6,23.8,62.7,3.5,0.0,1019.6
2023-06-10,S01,,36.0,28.4,65.1,21.1,58.4,4.8,0.0,1014.4
2023-06-11,S01,48.2,78.7,38.9,39.0,24.8,56.7,2.1,0.0,1018.1
2023-06-12,S01,23.3,41.1,30.1,72.0,23.2,64.9,6.3,0.0,1021.7
2023-06-13,S01,20.1,27.9,53.2,66.7,23.9,51.0,4.5,0.0,1020.7
2023-06-14,S01,48.4,71.2,65.0,52.8,26.3,65.6,1.7,0.0,1013.2
2023-06-15,S01,32.4,47.7,55.9,49.4,23.5,58.1,1.6,0.0,1012.7
2023-06-16,S01,33.3,45.8,61.7,37.0,20.6,63.2,2.4,0.0,1013.5
2023-06-17,S01,27.9,49.6,44.5,41.6,18.7,54.4,3.4,0.0,1008.9
2023-06-18,S01,23.7,39.2,45.8,51.2,20.1,65.9,4.2,0.0,1008.2
2023-06-19,S01,26.9,44.4,58.6,41.3,17.0,71.3,4.2,0.0,1003.6
2023-06-20,S01,13.0,25.7,24.6,64.2,19.0,59.2,9.0,0.0,1007.9
2023-06-21,S01,30.8,59.7,51.3,38.1,18.0,69.5,0.7,0.0,1009.6
2023-06-22,S01,44.1,63.5,52.2,53.6,22.5,62.6,3.0,0.0,1003.7
2023-06-23,S01,12.1,38.6,28.7,58.7,16.0,76.6,9.5,4.9,1006.9
2023-06-24,S01,22.6,29.7,41.5,28.6,14.7,75.1,4.6,0.0,1007.9
2023-06-25,S01,,63.4,71.6,25.0,12.5,59.7,1.3,0.0,1011.0
2023-06-26,S01,33.8,54.0,44.8,44.9,12.8,72.0,3.6,0.0,1009.8
2023-06-27,S01,39.9,59.1,52.8,33.6,17.1,86.2,2.2,0.8,1007.3
2023-06-28,S01,27.5,41.0,52.1,48.4,17.7,72.2,2.8,0.0,1005.3
2023-06-29,S01,36.6,61.5,56.8,25.6,17.6,68.2,1.7,0.0,1004.7
2023-06-30,S01,28.3,52.3,66.2,34.9,18.7,59.6,2.9,0.0,1006.4
2023-07-01,S01,11.8,17.4,39.2,43.0,19.1,76.7,5.6,14.1,1008.3
2023-07-02,S01,20.7,40.7,46.5,47.9,17.4,66.0,2.6,0.0,1008.5
2023-07-03,S01,19.3,33.5,42.7,62.4,20.6,66.3,5.1,0.0,1007.7
2023-07-04,S01,23.2,31.9,46.2,52.1,22.7,55.7,5.3,0.0,1007.4
2023-07-05,S01,21.7,31.7,38.0,68.0,23.1,68.9,6.7,0.0,1018.5
2023-07-06,S01,35.7,54.6,64.5,56.5,24.1,84.2,1.3,7.5,1014.3
2023-07-07,S01,24.4,41.1,34.7,53.8,24.0,59.2,3.1,0.0,1011.8
2023-07-08,S01,39.5,60.8,32.4,61.5,28.2,60.5,1.8,0.5,1025.2
2023-07-09,S01,23.1,34.6,60.9,57.0,25.9,52.1,3.0,0.0,1024.5
2023-07-10,S01,33.7,56.2,50.4,43.1,23.7,67.6,3.3,0.0,1016.7
2023-07-11,S01,46.2,70.4,56.2,40.7,21.4,65.8,1.2,0.0,1019.3
2023-07-12,S01,36.6,59.2,51.2,58.0,19.0,85.1,3.6,1.1,1014.4
2023-07-13,S01,9.9,18.4,39.9,44.9,16.6,76.4,8.6,11.6,1017.8
2023-07-14,S01,21.4,33.6,,40.1,15.2,87.2,4.2,2.0,1016.0
2023-07-15,S01,27.5,50.8,70.0,30.8,16.8,76.7,1.0,10.1,1013.6
2023-07-16,S01,40.9,74.9,46.3,37.7,19.6,57.2,1.5,0.0,1019.9
2023-07-17,S01,29.0,48.0,40.6,48.0,20.9,72.9,3.0,0.6,1020.8
2023-07-18,S01,49.6,79.4,34.5,54.1,18.7,57.1,1.4,0.0,1023.1
2023-07-19,S01,13.8,25.8,38.1,59.3,21.5,86.1,6.4,1.8,1022.8
2023-07-20,S01,36.8,61.6,72.4,45.2,23.6,71.5,1.0,0.6,1019.1
2023-07-21,S01,44.3,66.9,54.6,59.3,21.9,65.8,3.9,0.0,1020.3
2023-07-22,S01,43.7,66.5,67.7,33.1,21.2,62.4,0.8,0.0,1023.7
2023-07-23,S01,30.9,45.3,46.4,38.8,22.2,60.2,2.9,0.0,1022.1
2023-07-24,S01,26.9,39.2,50.2,,22.0,58.1,1.3,0.0,1027.5
2023-07-25,S01,23.7,32.2,34.0,47.1,18.3,70.1,4.7,0.0,1028.0
2023-07-26,S01,28.3,,35.4,55.6,18.8,60.8,5.6,0.0,1025.8
2023-07-27,S01,29.5,48.1,36.7,42.5,21.0,72.8,3.6,3.6,1024.3
2023-07-28,S01,23.8,42.3,46.9,49.6,18.3,66.6,6.6,0.0,1022.6
2023-07-29,S01,75.6,109.5,47.7,27.9,19.7,66.6,0.3,0.0,1015.7
2023-07-30,S01,,62.1,44.5,37.8,16.7,78.9,3.2,0.0,1014.8
2023-07-31,S01,29.1,,28.6,46.1,20.8,79.9,4.2,0.4,1015.3
2023-08-01,S01,35.4,64.4,45.0,47.1,24.3,65.3,4.1,0.0,1013.2
2023-08-02,S01,55.0,88.7,60.3,37.6,22.7,65.4,0.6,0.0,1014.5
2023-08-03,S01,15.7,27.6,40.4,32.2,22.2,68.0,3.9,3.7,1014.3
2023-08-04,S01,26.4,41.4,35.2,31.4,16.4,61.5,4.1,0.0,1017.1
2023-08-05,S01,29.6,55.7,45.7,39.5,14.7,74.0,3.4,12.0,1018.9
2023-08-06,S01,44.8,75.5,51.6,32.1,15.8,59.2,1.0,0.0,1018.4
2023-08-07,S01,30.3,54.4,51.4,20.1,14.5,87.8,2.0,0.5,1011.9
2023-08-08,S01,19.5,32.7,51.5,48.6,18.2,68.6,6.1,0.0,1019.3
2023-08-09,S01,8.8,21.7,31.8,57.1,24.4,76.3,7.3,4.3,1017.4
2023-08-10,S01,13.7,27.0,48.3,48.3,19.2,52.1,3.9,0.0,1016.2
2023-08-11,S01,16.2,31.9,39.3,40.9,17.7,91.8,3.9,7.8,1014.2
2023-08-12,S01,19.7,32.2,33.8,46.0,19.4,59.1,4.8,0.0,1012.0
2023-08-13,S01,21.9,36.1,41.4,53.3,23.7,88.5,4.3,0.8,1018.4
2023-08-14,S01,11.7,19.1,52.8,68.7,19.6,57.6,6.9,0.0,1022.9
2023-08-15,S01,16.0,37.8,33.8,48.5,21.5,77.0,5.8,6.5,1022.7
2023-08-16,S01,4.9,8.9,18.2,82.0,24.9,60.6,13.3,4.6,1020.3
2023-08-17,S01,30.0,60.3,43.3,47.4,19.5,81.2,2.2,0.2,1021.3
2023-08-18,S01,16.3,21.4,29.8,29.1,15.8,74.0,2.1,15.2,1019.9
2023-08-19,S01,26.7,47.8,53.4,13.7,15.4,73.4,0.2,2.4,1017.8
2023-08-20,S01,23.4,36.3,69.5,25.1,15.5,59.5,3.9,0.0,1018.2
2023-08-21,S01,9.8,15.0,27.4,65.3,19.1,71.0,9.7,0.0,1015.4
2023-08-22,S01,13.2,32.1,,47.3,19.7,82.5,6.8,1.5,1015.9
2023-08-23,S01,20.9,36.7,36.9,37.2,15.1,82.1,4.8,0.0,1016.2
2023-08-24,S01,24.7,37.9,20.3,58.7,17.3,63.4,6.7,0.0,1017.9
2023-08-25,S01,21.2,33.4,31.5,36.2,16.2,80.1,4.8,0.4,1014.5
2023-08-26,S01,29.9,50.4,53.7,39.7,20.1,56.2,2.5,0.0,1017.0
2023-08-27,S01,4.6,13.6,22.1,50.0,18.5,73.6,11.1,6.1,1012.6
2023-08-28,S01,25.9,39.6,42.1,42.9,17.0,79.7,4.2,3.3,1010.4
2023-08-29,S01,19.0,29.2,31.0,50.9,18.0,67.7,6.2,0.0,1008.8
2023-08-30,S01,65.4,104.4,74.8,38.1,20.7,72.6,0.3,0.0,1005.3
2023-08-31,S01,51.9,80.0,55.5,27.0,20.4,70.7,0.4,0.0,1010.9
2023-09-01,S01,26.5,50.0,,34.0,15.9,63.8,3.6,0.0,1007.5
2023-09-02,S01,31.5,55.8,56.8,22.2,17.5,72.5,1.6,0.0,1005.8
2023-09-03,S01,16.2,31.5,42.2,34.4,15.8,79.0,3.4,2.6,1012.2
2023-09-04,S01,26.6,42.9,43.0,46.2,16.1,63.9,2.2,0.0,1010.1
2023-09-05,S01,3.5,8.4,16.6,54.1,13.1,81.6,13.0,3.3,1009.9
2023-09-06,S01,,13.1,53.0,26.9,15.7,77.3,5.6,4.6,1006.5
2023-09-07,S01,9.5,17.3,34.3,38.9,13.4,94.4,8.8,2.2,1011.1
2023-09-08,S01,69.6,90.2,80.4,2.0,11.5,76.2,0.4,0.0,1014.9
2023-09-09,S01,24.5,42.5,31.9,30.5,14.7,69.1,5.4,0.0,1017.5
2023-09-10,S01,16.3,29.9,37.3,41.0,15.7,79.3,2.5,5.9,1018.7
2023-09-11,S01,9.9,25.6,38.5,30.8,14.4,83.9,7.4,0.0,1017.9
2023-09-12,S01,24.0,43.7,44.0,49.5,19.3,71.4,5.5,0.0,1014.8
2023-09-13,S01,68.7,114.9,50.0,34.7,16.5,62.7,2.7,0.0,1011.2
2023-09-14,S01,69.5,100.1,53.0,27.0,16.9,79.0,1.1,2.6,1016.7
2023-09-15,S01,55.7,78.1,34.1,42.9,17.2,64.9,3.3,0.0,1019.0
2023-09-16,S01,25.6,42.3,42.9,30.7,14.4,81.0,5.8,5.1,1015.0
2023-09-17,S01,13.0,28.9,36.1,55.6,16.6,63.2,8.1,0.0,1014.8
2023-09-18,S01,30.0,40.7,45.4,24.1,14.0,87.9,2.3,5.0,1013.2
2023-09-19,S01,4.2,8.4,16.1,54.4,14.1,86.8,12.4,4.0,1008.7
2023-09-20,S01,11.5,19.4,48.0,37.7,17.3,59.9,5.3,0.0,1010.3
2023-09-21,S01,17.5,27.8,50.1,32.4,14.1,74.2,1.3,0.8,1009.1
2023-09-22,S01,26.5,35.9,92.3,7.4,7.6,82.0,1.3,1.6,1006.1
2023-09-23,S01,27.9,49.9,49.7,8.3,14.2,66.3,2.5,0.0,1001.6
2023-09-24,S01,,30.7,45.4,46.5,21.0,89.7,2.6,12.7,997.6
2023-09-25,S01,22.2,37.1,44.6,25.1,17.2,74.2,3.7,0.0,999.2
2023-09-26,S01,18.1,33.0,47.6,22.2,11.3,77.5,2.9,0.0,1001.6
2023-09-27,S01,14.8,23.8,65.8,,11.7,84.2,2.6,16.1,1000.4
2023-09-28,S01,32.2,54.8,75.1,11.8,11.6,72.5,0.8,0.0,1005.5
2023-09-29,S01,11.3,20.9,57.6,26.9,10.3,76.5,4.1,6.2,1006.7
2023-09-30,S01,26.2,53.6,,20.0,10.2,77.0,0.9,0.0,1010.3
2023-10-01,S01,8.2,10.9,35.6,28.6,12.1,87.3,5.5,2.3,1010.1
2023-10-02,S01,20.7,31.5,,15.1,13.8,90.8,0.5,2.8,1007.5
2023-10-03,S01,57.1,82.1,60.6,13.3,9.4,70.3,0.7,0.0,1009.1
2023-10-04,S01,35.0,62.1,78.2,2.3,11.2,67.1,1.6,0.0,1004.8
2023-10-05,S01,22.9,32.9,62.0,29.1,17.7,63.9,2.3,0.0,1008.6
2023-10-06,S01,,90.5,52.6,41.5,15.9,73.3,1.8,0.0,1005.7
2023-10-07,S01,26.3,44.0,43.4,18.6,14.4,61.3,2.1,0.0,1010.9
2023-10-08,S01,23.8,37.8,63.3,23.0,12.9,72.4,3.6,0.0,1009.9
2023-10-09,S01,32.0,49.2,56.4,21.5,14.3,71.5,1.7,0.0,1014.8
2023-10-10,S01,41.3,58.4,50.3,35.8,8.6,67.6,3.3,0.0,1010.0
2023-10-11,S01,78.0,117.1,91.6,3.0,10.5,62.9,0.3,0.0,1007.9
2023-10-12,S01,41.5,62.0,56.1,11.1,8.8,73.2,1.4,0.0,1010.4
2023-10-13,S01,34.5,52.6,55.8,18.9,15.6,75.8,0.7,0.0,1015.6
2023-10-14,S01,17.7,27.7,36.3,38.3,14.0,81.5,5.4,0.0,1021.8
2023-10-15,S01,25.9,37.6,42.0,37.6,17.2,83.2,1.6,5.4,1020.2
2023-10-16,S01,19.5,33.8,47.1,22.8,12.4,82.1,4.2,0.0,1026.1
2023-10-17,S01,43.2,60.0,54.3,29.4,12.7,67.4,0.5,0.0,1022.3
2023-10-18,S01,16.4,37.4,28.6,44.6,13.3,76.5,7.2,0.0,1024.8
2023-10-19,S01,25.9,48.8,45.5,29.2,9.6,68.4,3.0,0.0,1018.7
2023-10-20,S01,34.1,57.7,46.1,19.3,9.3,71.9,3.2,0.0,1019.2
2023-10-21,S01,36.4,60.6,51.2,26.6,13.7,65.6,0.8,0.0,1008.6
2023-10-22,S01,26.7,43.7,63.1,16.8,11.6,63.1,1.3,0.0,1005.0
2023-10-23,S01,16.7,29.7,56.8,23.3,6.2,91.3,2.5,11.4,1008.5
2023-10-24,S01,30.8,51.8,64.8,9.0,6.4,71.6,1.5,0.0,1004.1
2023-10-25,S01,15.6,29.1,69.6,12.4,4.9,74.7,5.7,0.0,1007.6
2023-10-26,S01,19.2,27.5,54.7,6.4,4.5,79.6,3.2,0.8,1012.3
2023-10-27,S01,30.1,47.1,74.2,2.0,6.5,86.4,1.3,0.5,1010.4
2023-10-28,S01,33.2,53.9,59.0,8.1,1.6,99.2,4.6,0.7,1007.1
2023-10-29,S01,51.6,84.5,66.3,3.1,0.2,91.9,2.1,0.0,1006.4
2023-10-30,S01,25.2,36.6,48.5,8.1,3.2,68.4,5.4,0.0,1003.8
2023-10-31,S01,24.2,36.9,64.3,3.3,2.8,73.3,2.1,0.0,1005.3
2023-11-01,S01,40.1,,59.4,2.0,-1.6,75.7,4.0,0.0,1007.2
2023-11-02,S01,36.4,52.9,56.9,7.1,2.8,85.4,2.2,0.0,1007.1
2023-11-03,S01,36.3,58.6,41.0,5.7,5.3,78.2,5.2,0.0,1015.0
2023-11-04,S01,87.4,133.3,75.0,2.0,3.1,72.0,0.6,0.0,1011.7
2023-11-05,S01,74.3,131.7,49.1,2.0,1.0,82.2,1.1,0.0,1017.6
2023-11-06,S01,19.8,29.7,80.7,2.0,3.9,75.3,2.7,0.0,1012.5
2023-11-07,S01,17.8,46.0,95.2,2.0,5.3,83.3,2.1,0.0,1012.9
2023-11-08,S01,26.9,37.8,53.6,22.4,13.2,71.6,2.4,0.0,1017.6
2023-11-09,S01,21.0,31.6,46.0,22.8,12.6,73.7,5.1,0.0,1021.2
2023-11-10,S01,20.2,34.3,68.2,14.6,10.9,57.2,2.3,0.0,1017.9
2023-11-11,S01,15.7,25.9,38.5,14.2,8.5,73.8,3.6,0.0,1019.1
2023-11-12,S01,15.5,24.1,72.3,19.4,9.9,98.9,1.6,5.0,1019.6
2023-11-13,S01,24.6,35.2,60.8,19.4,10.7,79.9,0.5,0.0,1016.1
2023-11-14,S01,11.5,19.8,62.0,28.6,11.6,70.3,5.5,7.6,1018.0
2023-11-15,S01,10.3,22.6,28.7,34.0,8.7,73.9,8.8,0.0,1024.4
2023-11-16,S01,19.0,30.1,62.7,2.0,6.5,67.3,3.6,0.0,1024.0
2023-11-17,S01,24.2,52.3,56.0,5.6,4.5,87.6,2.9,0.0,1024.1
2023-11-18,S01,29.0,43.2,79.9,2.9,6.5,73.7,3.7,0.0,1024.6
2023-11-19,S01,12.3,21.6,34.6,,10.0,79.1,6.1,11.4,1016.4
2023-11-20,S01,28.4,45.1,62.8,19.1,6.6,77.3,4.1,0.0,1017.6
2023-11-21,S01,24.9,33.5,52.4,18.8,5.5,59.5,5.0,0.0,1012.6
2023-11-22,S01,27.4,44.2,53.3,24.9,5.5,71.3,4.4,0.0,1010.3
2023-11-23,S01,16.1,31.0,46.4,12.8,4.7,84.7,5.5,2.1,1019.5
2023-11-24,S01,16.0,26.1,50.5,10.8,7.5,91.3,2.4,10.0,1017.2
2023-11-25,S01,37.9,56.8,39.8,11.5,0.2,68.6,2.1,0.0,1013.4
2023-11-26,S01,50.8,81.1,69.6,2.0,-0.3,82.6,4.0,0.0,1017.9
2023-11-27,S01,26.3,47.8,44.1,2.3,-2.3,85.7,5.7,0.0,1013.1
2023-11-28,S01,,21.9,57.6,10.6,-6.0,90.0,6.9,1.9,1011.3
2023-11-29,S01,22.8,39.5,48.0,4.2,-5.4,88.7,7.0,0.0,1016.7
2023-11-30,S01,28.9,52.8,66.8,2.0,-4.2,83.9,5.2,0.0,1016.1
2023-12-01,S01,43.9,70.7,,2.0,-4.2,99.3,1.8,1.6,1009.2
2023-12-02,S01,40.7,65.6,35.3,19.8,1.4,78.6,3.4,0.0,1012.2
2023-12-03,S01,34.7,55.7,61.2,6.8,2.0,75.8,4.0,0.0,1010.7
2023-12-04,S01,64.1,102.0,57.1,2.0,-1.3,85.7,3.2,0.0,1017.4
2023-12-05,S01,62.5,92.8,68.7,5.0,-0.1,75.4,4.2,0.0,1014.1
2023-12-06,S01,64.5,,68.9,10.4,3.6,77.8,2.5,0.0,1018.1
2023-12-07,S01,72.4,109.3,71.4,2.0,0.7,77.2,2.6,0.0,1024.1
2023-12-08,S01,20.7,32.4,32.3,24.7,-0.3,93.1,8.9,0.2,1018.5
2023-12-09,S01,42.2,63.5,51.1,7.9,1.5,98.0,2.8,1.9,1016.6
2023-12-10,S01,23.5,38.6,40.3,18.3,1.6,96.9,6.1,1.1,1017.5
2023-12-11,S01,21.4,30.6,31.7,11.4,2.7,72.9,5.6,0.0,1013.1
2023-12-12,S01,47.5,69.8,51.3,21.1,2.2,82.6,3.3,0.0,1014.2
2023-12-13,S01,41.4,59.2,44.1,2.0,4.0,100.0,2.8,0.7,1013.1
2023-12-14,S01,56.2,81.9,53.8,2.0,0.2,88.5,1.4,0.3,1012.1
2023-12-15,S01,45.9,66.8,76.8,2.0,1.3,79.2,0.8,0.0,1012.4
2023-12-16,S01,32.1,45.7,,3.1,0.5,77.1,4.5,0.0,1012.8
2023-12-17,S01,26.4,,61.1,2.0,-2.5,81.5,3.4,0.0,1013.5
2023-12-18,S01,21.3,34.2,48.9,2.0,-4.7,75.1,5.0,0.0,1011.0
2023-12-19,S01,45.2,71.8,58.8,2.0,-1.9,86.8,1.8,0.0,1009.2
2023-12-20,S01,12.0,23.4,29.4,11.2,-1.1,78.3,9.9,0.0,1009.5
2023-12-21,S01,45.0,73.0,49.2,2.0,-3.4,92.1,4.1,0.0,1010.0
2023-12-22,S01,50.1,75.9,60.8,7.8,-1.6,79.9,3.2,0.0,1008.9
2023-12-23,S01,123.6,174.5,57.0,2.0,1.4,74.4,0.5,0.0,1011.0
2023-12-24,S01,85.4,118.5,81.9,2.0,-3.9,89.9,2.1,0.0,1004.1
2023-12-25,S01,50.7,74.8,53.0,2.0,-6.3,100.0,4.3,12.9,1003.0
2023-12-26,S01,57.1,102.1,49.5,2.0,-6.2,87.0,6.8,0.0,1003.9
2023-12-27,S01,55.5,84.9,75.4,2.0,-0.6,86.8,2.8,0.0,1002.3
2023-12-28,S01,14.9,24.6,35.7,25.4,-0.3,79.9,9.2,0.0,1010.9
2023-12-29,S01,59.6,95.0,80.2,2.0,3.0,80.9,1.5,0.0,1011.4
2023-12-30,S01,37.6,63.2,36.1,2.1,-0.9,75.3,4.3,0.0,1012.4
2023-12-31,S01,44.8,63.6,52.5,2.0,-2.8,89.2,4.0,0.0,1010.6
2024-01-01,S01,35.2,55.9,66.7,2.0,-0.6,76.7,4.5,0.0,1011.0
2024-01-02,S01,32.5,48.5,66.0,8.1,-0.7,89.8,3.4,0.0,1006.6
2024-01-03,S01,38.8,55.7,77.6,2.0,0.9,79.6,4.2,0.0,1007.2
2024-01-04,S01,27.1,48.9,99.1,2.0,1.0,94.4,1.5,5.8,1004.6
2024-01-05,S01,40.0,55.1,46.3,2.0,1.1,87.1,6.3,0.0,1005.2
2024-01-06,S01,35.6,58.9,41.2,,1.9,80.6,6.2,0.0,996.5
2024-01-07,S01,,46.1,,5.8,3.0,76.3,3.7,0.0,995.3
2024-01-08,S01,16.2,24.0,40.8,16.2,4.9,76.6,5.4,0.0,1004.7
2024-01-09,S01,20.0,31.7,45.1,2.0,-0.6,83.4,5.4,0.0,1009.7
2024-01-10,S01,30.3,54.4,50.1,2.0,-5.9,84.4,4.7,0.0,1015.6
2024-01-11,S01,11.0,30.5,25.9,25.6,-1.8,80.7,10.1,0.0,1020.6
2024-01-12,S01,25.0,53.9,53.9,10.9,2.1,80.3,4.8,0.0,1021.8
2024-01-13,S01,39.4,55.9,100.1,2.0,-0.4,88.1,1.6,0.0,1018.2
2024-01-14,S01,46.5,67.8,76.2,2.0,-5.2,93.9,3.5,2.1,1013.0
2024-01-15,S01,33.4,48.5,46.7,2.0,-3.0,92.4,5.5,0.0,1017.6
2024-01-16,S01,27.0,39.3,49.2,12.3,0.2,82.8,7.2,0.0,1017.0
2024-01-17,S01,36.6,51.8,57.1,3.3,4.9,76.1,3.7,0.0,1026.1
2024-01-18,S01,35.6,68.3,64.6,12.0,5.7,74.8,1.5,0.0,1022.0
2024-01-19,S01,57.8,93.1,58.1,13.2,3.2,70.6,2.8,0.0,1028.1
2024-01-20,S01,45.8,86.2,72.2,2.0,-0.2,76.9,1.0,0.0,1024.5
2024-01-21,S01,30.2,47.5,58.0,9.9,0.2,79.4,4.9,0.0,1027.5
2024-01-22,S01,33.9,52.1,68.5,2.0,-0.9,85.1,2.3,0.0,1031.4
2024-01-23,S01,36.8,61.9,63.5,2.0,-2.8,86.0,1.6,0.0,1023.6
2024-01-24,S01,17.2,23.7,38.8,33.3,3.6,89.1,5.5,0.6,1019.6
2024-01-25,S01,10.3,17.6,39.1,18.9,7.5,82.2,6.9,0.0,1014.1
2024-01-26,S01,25.3,35.4,66.5,18.3,8.4,81.3,1.7,0.0,1009.0
2024-01-27,S01,17.1,29.0,55.5,17.0,3.1,87.6,2.9,0.0,1012.5
2024-01-28,S01,23.6,37.9,46.4,5.4,5.4,72.7,2.7,0.0,1011.8
2024-01-29,S01,9.9,25.9,43.6,19.8,5.3,70.6,8.1,0.0,1012.2
2024-01-30,S01,22.0,39.0,70.8,2.0,4.7,87.1,2.9,0.0,1014.6
2024-01-31,S01,33.7,53.8,42.3,15.3,7.7,94.9,1.5,5.1,1006.9
2024-02-01,S01,21.7,41.1,66.7,11.4,7.6,73.7,3.6,0.0,1013.2
2024-02-02,S01,17.1,28.9,37.1,24.9,7.2,78.0,6.5,0.0,1011.8
2024-02-03,S01,25.0,36.0,59.9,19.6,7.2,91.3,2.5,3.5,1014.2
2024-02-04,S01,26.2,40.9,77.8,2.0,6.5,88.1,1.9,6.2,1016.4
2024-02-05,S01,41.7,65.5,85.6,2.0,0.9,83.6,2.9,0.0,1021.2
2024-02-06,S01,118.2,160.4,86.7,2.0,1.2,88.5,1.4,0.0,1019.2
2024-02-07,S01,78.2,115.7,68.2,2.0,-1.0,74.6,2.6,0.0,1009.4
2024-02-08,S01,,94.2,51.8,2.0,-1.9,97.7,2.3,2.2,1010.4
2024-02-09,S01,20.6,36.1,15.8,39.5,3.2,70.3,12.0,0.0,1011.7
2024-02-10,S01,87.6,131.3,84.8,11.8,6.5,69.8,0.5,0.0,1007.8
2024-02-11,S01,79.7,124.2,81.5,7.1,8.2,71.0,1.5,0.0,1009.4
2024-02-12,S01,74.6,111.6,51.5,6.5,7.6,80.6,1.9,0.0,1008.7
2024-02-13,S01,39.6,58.8,58.1,22.0,9.0,84.2,1.5,6.7,1004.2
2024-02-14,S01,37.3,74.2,42.4,35.0,7.2,70.0,4.4,0.0,1008.6
2024-02-15,S01,18.4,30.8,53.3,5.5,6.5,88.3,2.2,6.8,1007.3
2024-02-16,S01,52.8,82.7,91.1,2.0,2.0,68.7,0.9,0.0,1006.8
2024-02-17,S01,17.4,31.9,60.4,14.1,2.8,88.0,3.2,2.5,1006.2
2024-02-18,S01,16.9,28.5,57.7,7.2,3.5,86.6,2.6,0.0,1012.5
2024-02-19,S01,39.9,62.4,119.1,,-0.4,79.7,1.8,0.0,1012.4
2024-02-20,S01,13.4,26.9,30.7,19.7,0.7,78.6,7.0,0.0,1012.9
2024-02-21,S01,26.7,37.5,61.6,2.0,0.5,83.8,4.0,0.0,1011.1
2024-02-22,S01,33.1,50.2,45.0,5.3,6.1,66.5,3.0,0.0,1013.3
2024-02-23,S01,19.3,29.1,46.2,,7.9,91.1,4.2,3.3,1018.7
2024-02-24,S01,18.6,27.3,51.5,26.4,6.6,100.0,4.0,1.1,1020.1
2024-02-25,S01,37.7,59.8,67.4,2.0,5.7,76.2,2.9,0.0,1021.5
2024-02-26,S01,50.3,68.5,60.8,9.3,4.8,76.4,1.8,0.0,1022.2
2024-02-27,S01,42.3,67.1,53.3,14.6,4.4,82.2,3.0,0.0,1014.8
2024-02-28,S01,36.1,51.8,59.4,3.6,1.8,86.9,2.5,0.0,1011.0
2024-02-29,S01,50.4,85.1,61.8,2.0,2.1,87.1,0.5,0.0,1010.5
2024-03-01,S01,73.2,136.2,82.7,2.0,0.4,62.4,1.2,0.0,1008.1
2024-03-02,S01,71.1,104.2,70.0,2.0,-1.2,84.1,2.5,0.0,1004.8
2024-03-03,S01,26.1,44.2,51.1,5.1,2.4,95.0,5.3,0.0,999.0
2024-03-04,S01,28.0,46.4,,2.5,3.6,80.2,3.6,0.0,996.4
2024-03-05,S01,39.5,60.0,71.5,2.0,-1.5,73.5,1.3,0.0,998.7
2024-03-06,S01,33.6,54.9,91.6,2.0,0.8,85.6,1.2,0.0,1001.3
2024-03-07,S01,11.5,23.1,51.4,21.9,5.5,71.8,6.0,0.0,1000.5
2024-03-08,S01,18.7,,74.1,17.9,6.6,81.0,2.9,0.0,1003.3
2024-03-09,S01,37.6,53.6,75.1,11.4,9.3,66.7,0.2,0.0,1003.5
2024-03-10,S01,23.4,46.0,70.9,6.3,8.1,84.1,2.9,5.4,1009.8
2024-03-11,S01,19.9,35.0,41.2,2.1,5.3,72.8,5.3,0.0,1009.8
2024-03-12,S01,54.3,86.9,67.7,2.0,2.8,74.9,1.2,0.0,1013.2
2024-03-13,S01,41.7,64.5,68.4,2.0,5.1,82.2,3.5,0.0,1014.0
2024-03-14,S01,32.8,52.8,65.5,4.4,6.0,76.9,3.1,0.0,1008.2
2024-03-15,S01,20.1,30.9,59.0,17.8,9.9,83.0,1.2,1.3,1008.8
2024-03-16,S01,8.5,15.2,27.9,38.2,11.0,79.0,6.9,9.0,1004.7
2024-03-17,S01,17.4,26.3,50.6,35.2,9.2,73.9,3.0,6.1,1005.9
2024-03-18,S01,40.6,79.6,52.2,14.4,5.1,68.2,2.4,0.0,1004.3
2024-03-19,S01,35.3,47.9,83.6,16.7,4.2,93.4,2.7,0.5,1007.6
2024-03-20,S01,37.4,53.6,77.4,9.9,6.3,81.7,1.2,0.0,1003.3
2024-03-21,S01,54.0,86.2,57.2,19.0,7.0,74.1,1.1,0.0,1005.3
2024-03-22,S01,60.7,98.4,49.8,7.9,5.2,85.2,2.2,0.0,1009.1
2024-03-23,S01,27.7,44.6,50.3,5.5,6.7,84.8,2.4,12.9,1013.5
2024-03-24,S01,52.3,77.5,53.4,7.0,5.3,72.1,2.4,0.0,1010.4
2024-03-25,S01,17.4,23.1,39.0,20.7,4.5,81.7,6.5,18.9,1011.0
2024-03-26,S01,24.2,38.9,57.7,12.4,6.9,79.2,4.7,0.0,1012.1
2024-03-27,S01,43.3,71.2,57.3,2.0,7.0,98.8,0.6,1.7,1018.5
2024-03-28,S01,8.9,19.9,63.7,23.8,8.0,78.9,5.9,3.4,1011.5
2024-03-29,S01,29.3,40.4,48.0,10.3,8.8,82.8,2.2,1.4,1008.1
2024-03-30,S01,31.8,51.2,33.1,10.2,5.6,85.3,5.5,0.0,1020.3
2024-03-31,S01,23.1,38.6,85.4,2.0,5.5,82.8,2.2,3.7,1017.8
2024-04-01,S01,23.2,37.6,67.1,15.6,9.7,76.1,3.2,0.0,1009.2
2024-04-02,S01,25.0,42.9,65.4,2.0,6.2,84.6,1.0,0.0,1007.7
2024-04-03,S01,27.8,53.7,59.8,2.9,1.8,80.4,3.8,0.0,997.7
2024-04-04,S01,17.5,27.0,52.1,11.1,-0.1,96.4,5.5,6.6,1001.7
2024-04-05,S01,31.2,48.9,75.2,2.0,2.8,100.0,0.8,0.2,1007.2
2024-04-06,S01,22.0,33.1,35.1,13.8,4.4,92.1,5.3,0.0,1004.7
2024-04-07,S01,48.1,,37.5,5.3,6.3,86.1,2.0,0.9,1004.5
2024-04-08,S01,14.8,34.2,24.5,36.1,10.4,67.2,8.8,0.0,1009.9
2024-04-09,S01,25.1,39.0,66.4,14.4,3.3,70.1,5.3,0.0,1003.5
2024-04-10,S01,29.4,48.4,67.2,21.7,6.7,83.1,4.7,0.0,1000.1
2024-04-11,S01,22.6,53.6,47.5,29.2,11.8,77.2,3.0,4.0,1001.8
2024-04-12,S01,6.2,9.9,17.6,55.3,8.6,71.1,12.2,0.0,1001.0
2024-04-13,S01,27.0,43.5,62.1,28.9,9.1,82.2,1.9,0.4,1002.2
2024-04-14,S01,32.9,59.7,70.3,3.3,6.7,70.4,1.5,0.0,999.3
2024-04-15,S01,25.5,52.5,70.2,18.0,5.6,90.3,2.0,7.4,1002.9
2024-04-16,S01,17.9,32.4,23.1,28.3,7.3,90.2,6.5,0.0,1004.3
2024-04-17,S01,29.4,52.1,88.6,26.3,12.3,70.6,3.6,0.0,1008.3
2024-04-18,S01,9.6,17.5,57.2,40.7,17.0,75.7,3.4,6.5,1010.0
2024-04-19,S01,23.6,32.8,49.3,13.7,14.4,89.2,2.3,15.4,1011.4
2024-04-20,S01,26.0,49.7,41.5,32.7,18.3,67.9,2.9,0.0,1006.0
2024-04-21,S01,42.9,74.4,64.6,20.3,17.0,89.0,1.9,9.5,1009.3
2024-04-22,S01,20.0,31.9,43.8,32.7,19.9,78.0,4.8,2.2,1008.8
2024-04-23,S01,33.1,49.8,51.1,44.7,18.6,66.1,2.4,0.0,1008.9
2024-04-24,S01,64.0,99.1,57.7,47.6,16.6,57.6,1.9,0.0,1013.9
2024-04-25,S01,27.4,44.3,35.9,41.8,16.6,67.9,5.5,0.9,1010.9
2024-04-26,S01,43.4,,59.7,53.2,24.9,51.6,1.5,0.0,1016.7
2024-04-27,S01,18.0,32.6,53.4,58.9,22.7,78.4,3.2,34.6,1021.7
2024-04-28,S01,49.1,68.5,64.5,32.6,18.7,60.2,0.6,0.0,1023.0
2024-04-29,S01,25.1,41.5,62.6,33.9,19.8,85.6,0.8,14.3,1017.1
2024-04-30,S01,22.7,33.7,66.5,29.5,17.4,65.4,2.4,0.0,1007.5
2024-05-01,S01,25.4,34.9,37.0,38.4,15.2,65.7,2.3,0.0,1012.9
2024-05-02,S01,20.8,36.0,43.0,44.0,17.3,73.1,2.4,12.2,1013.4
2024-05-03,S01,8.4,16.9,38.1,46.3,16.6,83.7,5.2,5.2,1010.3
2024-05-04,S01,16.8,28.4,30.9,48.8,16.5,62.3,5.8,0.0,1015.6
2024-05-05,S01,21.0,35.1,40.6,38.3,16.5,59.6,3.7,0.0,1011.6
2024-05-06,S01,16.8,29.9,72.1,16.2,17.8,72.2,1.4,0.0,1010.2
2024-05-07,S01,26.3,43.5,46.3,46.1,18.1,64.8,2.9,0.0,1012.8
2024-05-08,S01,12.7,24.8,19.1,35.9,12.2,63.5,9.0,0.0,1008.4
2024-05-09,S01,7.8,12.1,19.7,60.9,15.3,72.5,10.9,0.0,1008.9
2024-05-10,S01,24.4,35.8,40.1,,12.3,75.3,5.3,0.0,1014.1
2024-05-11,S01,39.5,59.0,62.3,6.3,10.0,78.6,1.3,0.0,1014.7
2024-05-12,S01,16.1,22.8,56.1,20.0,12.3,64.5,2.9,0.0,1019.4
2024-05-13,S01,18.8,41.1,50.1,48.3,14.1,94.8,3.5,3.1,1022.6
2024-05-14,S01,28.7,42.0,48.1,26.5,12.2,64.3,3.1,0.0,1020.7
2024-05-15,S01,9.3,16.7,28.6,34.2,15.7,86.8,5.6,4.6,1009.8
2024-05-16,S01,11.8,21.1,36.2,43.7,13.9,79.0,5.0,2.5,1006.0
2024-05-17,S01,22.1,29.1,50.7,18.8,13.1,74.7,1.4,0.0,1010.5
2024-05-18,S01,22.6,33.5,51.9,11.2,13.7,74.6,1.8,0.0,1004.8
2024-05-19,S01,9.7,17.9,45.4,39.5,14.2,88.9,5.0,0.4,1005.1
2024-05-20,S01,6.2,11.6,32.4,40.0,15.9,76.5,7.6,1.1,1008.1
2024-05-21,S01,23.9,33.4,56.3,30.6,13.6,75.5,3.2,0.0,1014.9
2024-05-22,S01,15.7,27.0,26.8,45.6,17.3,78.5,7.9,0.0,1012.2
2024-05-23,S01,16.2,32.9,59.5,42.6,17.9,75.2,3.7,2.4,1009.8
2024-05-24,S01,27.2,38.5,64.8,21.7,12.2,80.1,1.7,1.3,1010.2
2024-05-25,S01,37.0,56.2,45.0,4.7,9.3,67.1,4.8,0.0,1012.2
2024-05-26,S01,5.2,10.8,16.9,62.4,12.5,70.4,15.0,0.0,1011.7
2024-05-27,S01,29.0,50.6,50.5,22.9,13.4,91.7,1.3,0.8,1016.2
2024-05-28,S01,10.2,18.8,23.2,55.0,14.4,59.3,6.0,0.0,1012.4
2024-05-29,S01,16.0,30.4,37.1,43.4,16.3,62.4,4.2,0.0,1013.0
2024-05-30,S01,15.4,22.4,60.9,38.9,17.8,74.2,2.0,0.0,1014.8
2024-05-31,S01,48.0,74.6,61.4,28.3,19.9,71.8,0.5,0.0,1012.8
2024-06-01,S01,35.9,64.9,59.7,22.3,17.1,78.8,0.4,0.0,1016.2
2024-06-02,S01,19.4,31.2,44.7,29.4,14.1,67.7,2.0,0.0,1016.2
2024-06-03,S01,22.9,42.2,30.3,31.8,12.9,73.1,4.0,0.0,1018.7
2024-06-04,S01,14.0,29.3,50.7,48.7,15.9,62.2,5.2,0.0,1018.3
2024-06-05,S01,14.0,26.1,34.3,50.4,20.1,65.8,5.8,0.0,1018.8
2024-06-06,S01,25.6,39.1,41.1,32.2,18.3,56.2,3.5,0.0,1015.1
2024-06-07,S01,32.4,49.8,41.7,23.2,12.5,74.9,3.4,0.0,1012.1
2024-06-08,S01,35.0,51.6,71.9,23.0,10.1,74.9,2.2,0.0,1017.2
2024-06-09,S01,,34.1,53.0,25.6,11.6,68.7,4.3,0.0,1018.9
2024-06-10,S01,27.7,42.3,,22.2,11.5,69.5,2.0,0.0,1013.6
2024-06-11,S01,21.9,35.7,73.5,27.6,13.3,75.4,1.3,7.8,1014.2
2024-06-12,S01,17.6,31.7,46.5,25.1,14.8,85.2,2.9,2.7,1004.5
2024-06-13,S01,28.2,41.5,36.6,23.2,16.5,62.5,4.3,0.0,1003.9
2024-06-14,S01,42.7,69.5,54.7,28.4,19.2,69.1,1.0,0.0,1009.6
2024-06-15,S01,29.4,52.4,42.4,42.0,18.6,79.1,2.5,0.0,1009.7
2024-06-16,S01,34.9,54.0,34.8,40.2,17.8,77.4,3.4,0.0,1010.9
2024-06-17,S01,17.2,30.6,55.6,28.1,20.1,69.8,2.9,1.3,999.2
2024-06-18,S01,24.6,38.6,39.2,45.5,14.9,67.9,4.4,0.0,1000.4
2024-06-19,S01,9.2,15.4,28.4,58.2,18.4,68.7,9.3,0.0,1004.3
2024-06-20,S01,48.2,84.5,65.5,33.4,18.8,77.3,0.3,0.9,1007.9
2024-06-21,S01,9.4,24.4,26.1,63.0,18.8,58.8,10.1,0.0,1012.8
2024-06-22,S01,,22.6,18.2,58.0,23.7,75.1,8.5,2.1,1012.0
2024-06-23,S01,31.8,52.7,31.6,57.6,22.0,61.0,5.3,0.0,1011.5
2024-06-24,S01,32.1,58.7,50.3,63.7,26.7,84.1,3.5,6.4,1006.5
2024-06-25,S01,56.6,80.0,40.3,59.5,23.9,59.5,2.1,0.0,1007.0
2024-06-26,S01,20.9,29.0,41.9,54.7,20.5,69.3,5.0,0.0,1003.1
2024-06-27,S01,9.9,20.4,35.3,49.0,19.5,69.7,3.1,6.6,997.7
2024-06-28,S01,12.5,23.4,49.9,22.6,17.7,75.0,2.5,3.4,996.4
2024-06-29,S01,14.7,26.0,57.0,36.3,16.8,80.1,4.4,18.0,1005.8
2024-06-30,S01,15.9,21.8,42.4,40.4,19.4,73.8,5.6,0.0,1006.1
2024-07-01,S01,7.5,23.1,20.5,71.5,21.3,52.9,7.7,0.0,1008.4
2024-07-02,S01,27.5,44.2,63.1,44.9,19.7,64.3,1.8,0.0,1007.3
2024-07-03,S01,21.3,39.4,45.7,48.8,22.7,58.0,7.0,0.0,1001.2
2024-07-04,S01,53.5,72.0,86.2,42.3,25.3,58.9,2.6,0.0,1007.3
2024-07-05,S01,39.9,64.4,46.1,63.3,28.0,63.8,4.2,0.0,999.8
2024-07-06,S01,43.3,56.1,33.2,69.4,27.2,58.0,3.8,0.0,1000.2
2024-07-07,S01,16.3,31.2,37.0,55.9,28.7,52.8,6.3,0.0,1002.5
2024-07-08,S01,21.3,38.3,54.9,30.8,22.1,56.6,4.7,0.0,1005.6
2024-07-09,S01,40.7,61.6,47.5,45.0,21.4,60.2,2.6,0.0,1004.1
2024-07-10,S01,46.7,74.6,75.4,7.7,18.7,79.9,0.4,0.0,998.6
2024-07-11,S01,14.5,25.0,33.2,51.2,20.0,74.7,4.9,1.4,998.2
2024-07-12,S01,22.3,32.4,49.5,46.7,19.6,70.8,3.3,8.1,998.2
2024-07-13,S01,51.1,81.5,34.4,49.9,18.8,61.6,1.2,0.0,998.1
2024-07-14,S01,25.3,36.0,35.8,53.6,25.6,49.4,3.9,0.0,1004.9
2024-07-15,S01,30.0,49.9,46.9,49.6,22.7,58.3,3.1,0.0,1001.7
2024-07-16,S01,12.1,29.9,28.7,68.3,23.6,70.0,7.3,0.0,1005.2
2024-07-17,S01,10.3,17.7,18.8,57.8,22.1,60.8,9.6,0.0,1007.4
2024-07-18,S01,23.0,39.1,32.2,66.4,23.5,73.2,5.8,0.0,1012.3
2024-07-19,S01,19.7,24.5,50.9,47.5,21.9,73.4,2.9,15.2,1011.9
2024-07-20,S01,30.0,43.6,46.0,43.9,22.8,61.2,3.1,0.0,1015.3
2024-07-21,S01,36.6,61.5,54.9,49.7,25.3,73.8,1.6,0.0,1014.2
2024-07-22,S01,60.9,96.5,62.5,51.9,28.4,41.6,1.7,0.0,1015.7
2024-07-23,S01,44.7,62.6,44.0,63.5,26.8,59.7,3.0,0.0,1009.1
2024-07-24,S01,40.8,53.5,66.0,47.3,26.7,57.6,2.4,0.0,999.3
2024-07-25,S01,47.9,73.7,47.3,41.5,20.5,72.2,1.0,0.0,1003.6
2024-07-26,S01,16.5,23.7,44.9,50.5,21.7,69.7,7.4,0.0,1007.2
2024-07-27,S01,,13.5,35.4,56.2,23.9,53.8,8.1,0.0,1010.3
2024-07-28,S01,,19.8,33.0,64.9,25.7,67.8,5.9,0.0,1008.7
2024-07-29,S01,11.3,25.6,27.9,60.1,25.2,63.9,7.7,0.0,1015.5
2024-07-30,S01,3.2,18.6,21.0,83.8,25.6,71.1,11.5,1.1,1013.2
2024-07-31,S01,15.8,28.8,60.6,53.3,25.9,71.5,1.7,11.7,1014.8
2024-08-01,S01,3.6,6.0,24.0,73.5,26.6,56.1,12.0,0.0,1016.8
2024-08-02,S01,15.5,30.8,39.0,57.6,26.3,79.2,2.2,0.5,1022.9
2024-08-03,S01,18.0,33.0,47.1,44.8,23.2,66.2,3.9,0.0,1019.7
2024-08-04,S01,32.5,51.5,38.3,33.7,22.9,62.4,0.9,0.0,1015.7
2024-08-05,S01,21.2,36.2,50.0,25.8,15.2,74.4,2.1,0.0,1009.2
2024-08-06,S01,17.9,25.8,52.0,42.1,18.5,89.1,5.0,0.3,1016.2
2024-08-07,S01,15.8,28.0,33.1,33.1,9.6,77.9,4.8,0.0,1017.2
2024-08-08,S01,19.2,32.5,39.9,23.3,9.2,96.0,2.6,3.1,1018.2
2024-08-09,S01,26.3,45.7,51.9,34.3,12.8,75.0,3.0,0.0,1029.6
2024-08-10,S01,19.8,32.9,66.4,22.8,17.0,67.5,2.4,0.0,1027.6
2024-08-11,S01,11.9,24.0,40.3,34.9,14.3,90.6,5.4,7.5,1019.5
2024-08-12,S01,9.7,17.0,21.1,60.3,14.6,79.0,7.3,2.1,1017.4
2024-08-13,S01,19.6,27.3,39.1,25.7,19.7,80.0,1.6,6.0,1012.6
2024-08-14,S01,49.1,72.2,47.9,,18.8,75.2,3.1,0.0,1011.1
2024-08-15,S01,43.7,63.0,45.7,39.6,24.6,70.0,1.0,0.0,1009.9
2024-08-16,S01,26.1,38.3,47.7,46.7,22.6,72.2,3.2,10.9,1008.2
2024-08-17,S01,17.3,24.8,38.9,52.9,23.4,69.8,5.4,0.0,1003.5
2024-08-18,S01,15.6,28.2,40.1,64.3,26.8,67.9,3.7,0.0,1011.8
2024-08-19,S01,14.1,23.4,61.6,51.2,24.0,73.3,4.0,9.7,1013.2
2024-08-20,S01,25.0,39.8,52.9,29.7,19.4,66.0,3.1,0.0,1012.3
2024-08-21,S01,18.5,29.8,58.5,35.6,19.9,62.1,3.3,0.0,1015.5
2024-08-22,S01,16.5,30.2,56.6,38.9,19.2,68.9,3.0,0.0,1016.9
2024-08-23,S01,22.3,31.8,51.1,37.0,15.7,68.9,1.9,0.0,1017.2
2024-08-24,S01,13.6,24.7,48.5,53.3,16.3,62.6,2.4,0.0,1019.1
2024-08-25,S01,15.2,27.2,42.2,40.3,14.7,68.7,3.6,0.0,1018.4
2024-08-26,S01,13.3,27.0,34.5,43.2,18.2,79.2,7.5,1.0,1020.0
2024-08-27,S01,34.2,49.5,49.3,34.8,18.4,78.8,1.3,0.6,1021.6
2024-08-28,S01,53.0,87.5,68.9,35.0,18.4,70.4,2.7,0.0,1020.5
2024-08-29,S01,29.1,53.1,48.6,29.8,17.6,85.1,1.2,6.2,1018.2
2024-08-30,S01,38.5,62.0,53.3,38.6,17.6,69.8,2.2,0.0,1023.2
2024-08-31,S01,55.5,84.1,48.1,21.2,19.1,60.4,2.4,0.0,1019.3
2024-09-01,S01,44.1,63.4,39.6,44.1,16.7,72.7,3.9,0.0,1019.6
2024-09-02,S01,39.8,58.8,70.6,21.7,13.7,70.3,3.6,0.0,1019.9
2024-09-03,S01,,53.3,42.5,37.8,17.2,61.6,3.2,0.0,1016.1
2024-09-04,S01,34.4,51.4,41.8,51.2,17.1,73.5,3.6,0.0,1012.3
2024-09-05,S01,39.9,57.2,47.8,17.4,13.7,87.8,1.8,0.7,1011.0
2024-09-06,S01,22.7,58.6,46.5,36.3,15.4,83.8,3.3,0.0,1009.4
2024-09-07,S01,18.6,31.0,35.8,51.6,17.2,75.4,5.6,0.0,1004.3
2024-09-08,S01,35.2,44.5,43.9,29.0,13.2,72.0,1.8,0.0,1003.4
2024-09-09,S01,37.8,61.8,54.6,13.4,15.0,71.9,0.7,0.0,1006.4
2024-09-10,S01,18.2,36.1,38.7,56.8,17.4,80.4,6.2,0.7,1012.8
2024-09-11,S01,40.1,60.6,71.2,23.8,16.5,61.9,1.0,0.0,1015.1
2024-09-12,S01,28.8,51.4,52.3,32.7,18.7,53.0,2.0,0.0,1004.2
2024-09-13,S01,10.0,34.5,38.4,36.3,14.7,76.7,5.3,5.0,1008.6
2024-09-14,S01,24.6,31.2,50.4,27.0,15.5,68.4,1.6,0.0,1007.2
2024-09-15,S01,15.4,21.8,35.2,29.9,14.9,56.5,5.0,0.0,1010.2
2024-09-16,S01,37.9,60.7,45.0,30.6,14.2,77.1,1.8,2.4,1010.7
2024-09-17,S01,45.8,59.3,40.9,29.2,16.5,68.5,1.3,0.0,1010.4
2024-09-18,S01,37.6,63.0,48.8,45.2,20.5,79.8,1.3,0.9,1010.5
2024-09-19,S01,24.6,37.0,65.3,46.2,23.3,56.4,1.6,0.0,1010.9
2024-09-20,S01,15.6,26.4,36.2,69.3,23.6,73.3,4.8,11.5,1016.7
2024-09-21,S01,30.3,50.8,47.5,40.6,20.6,68.9,2.3,0.0,1015.9
2024-09-22,S01,9.2,24.2,34.1,41.1,18.3,82.4,5.5,2.3,1019.6
2024-09-23,S01,26.1,,59.1,28.1,19.8,57.7,3.3,0.0,1022.1
2024-09-24,S01,19.6,30.0,38.3,58.6,17.8,76.5,3.3,3.6,1022.9
2024-09-25,S01,38.0,70.8,57.1,38.0,17.6,64.0,1.7,0.0,1013.8
2024-09-26,S01,18.2,26.9,35.6,42.4,18.5,61.0,5.7,0.0,1018.1
2024-09-27,S01,14.4,31.6,38.5,57.1,17.1,76.4,5.2,1.6,1015.3
2024-09-28,S01,31.4,51.1,44.3,46.0,14.6,72.0,4.2,0.0,1017.7
2024-09-29,S01,,53.3,53.5,14.3,12.7,67.4,2.3,0.0,1012.8
2024-09-30,S01,36.8,55.5,67.0,19.0,15.5,61.7,1.1,0.0,1008.1
2024-10-01,S01,42.2,61.4,46.2,30.7,14.0,72.6,3.4,0.0,1017.0
2024-10-02,S01,18.8,29.2,59.8,21.3,13.7,82.9,4.4,1.3,1012.4
2024-10-03,S01,21.5,36.2,42.7,35.7,15.2,54.2,4.1,0.0,1017.1
2024-10-04,S01,18.9,37.9,29.7,42.8,13.4,68.7,4.6,0.0,1016.7
2024-10-05,S01,21.4,,49.1,23.8,15.4,89.1,3.9,1.5,1014.3
2024-10-06,S01,20.2,34.9,57.6,29.4,14.6,72.9,1.9,0.0,1013.9
2024-10-07,S01,21.6,38.4,57.3,29.1,10.8,83.5,2.0,0.0,1008.5
2024-10-08,S01,25.0,32.8,53.3,30.5,14.7,75.9,1.4,0.0,1009.3
2024-10-09,S01,23.1,,24.0,38.6,12.3,79.0,6.1,0.0,1005.7
2024-10-10,S01,12.6,20.3,18.9,34.2,8.4,90.1,9.5,0.0,1005.6
2024-10-11,S01,5.5,12.5,23.1,52.6,6.6,88.9,15.0,0.1,1010.8
2024-10-12,S01,40.2,55.5,49.6,4.2,5.7,76.3,3.1,0.0,1012.2
2024-10-13,S01,27.4,38.6,64.8,14.4,6.8,95.9,3.3,0.0,1006.5
2024-10-14,S01,34.9,54.1,40.0,20.1,7.9,70.8,2.8,0.0,1011.2
2024-10-15,S01,,48.7,42.6,27.2,6.7,75.3,3.5,0.0,1011.5
2024-10-16,S01,20.5,29.9,69.8,7.7,9.1,69.4,1.6,0.0,1009.6
2024-10-17,S01,,18.6,52.1,17.2,10.1,91.1,2.8,1.2,1013.3
2024-10-18,S01,17.7,41.0,64.1,8.5,11.2,79.9,1.8,2.0,1012.6
2024-10-19,S01,22.8,36.4,53.4,27.9,12.3,69.5,2.3,0.0,1008.0
2024-10-20,S01,26.6,40.3,53.9,19.8,12.3,72.0,1.8,0.0,1016.4
2024-10-21,S01,28.8,56.4,44.7,10.3,6.1,74.4,3.8,0.0,1015.6
2024-10-22,S01,23.6,40.4,36.7,15.0,6.1,64.3,4.8,0.0,1014.8
2024-10-23,S01,46.5,69.4,77.3,3.6,1.9,69.3,3.2,0.0,1012.8
2024-10-24,S01,47.0,64.7,88.0,2.0,3.6,82.5,2.0,0.3,1017.6
2024-10-25,S01,60.5,88.4,56.1,2.0,5.0,73.1,1.0,0.0,1014.6
2024-10-26,S01,19.0,40.4,37.0,31.7,8.1,86.7,4.5,1.4,1008.1
2024-10-27,S01,19.7,36.5,45.8,25.0,11.3,72.9,3.3,0.0,1006.3
2024-10-28,S01,19.8,35.5,68.3,23.6,11.6,91.8,0.7,6.2,1013.0
2024-10-29,S01,,27.0,51.4,16.4,8.9,88.6,3.0,1.7,1016.3
2024-10-30,S01,17.6,27.3,54.4,20.9,9.3,81.7,3.7,0.0,1014.6
2024-10-31,S01,,47.7,66.4,11.4,8.3,78.4,0.8,0.0,1019.8
2024-11-01,S01,15.8,26.7,49.4,29.4,7.3,87.7,3.8,2.0,1021.4
2024-11-02,S01,15.2,24.6,101.7,16.8,10.6,87.4,1.0,5.8,1018.7
2024-11-03,S01,21.0,32.0,54.1,24.6,8.4,79.4,1.9,0.0,1016.9
2024-11-04,S01,38.0,61.2,88.8,2.3,9.5,76.3,1.0,0.0,1017.4
2024-11-05,S01,22.8,31.9,79.7,3.2,9.5,95.7,1.7,1.5,1013.2
2024-11-06,S01,61.6,92.8,71.6,,7.9,62.4,1.2,0.0,1013.2
2024-11-07,S01,16.9,26.0,27.5,42.5,9.3,86.1,5.7,1.3,1014.4
2024-11-08,S01,35.0,51.7,55.8,28.2,9.8,68.6,2.4,0.0,1007.4
2024-11-09,S01,29.5,43.4,51.5,19.1,9.5,80.2,2.2,0.0,1007.7
2024-11-10,S01,9.5,19.8,43.4,,6.5,99.7,5.5,2.2,1007.6
2024-11-11,S01,8.1,20.7,35.9,25.6,4.5,79.2,5.5,24.9,1012.8
2024-11-12,S01,21.2,30.0,72.8,2.0,2.7,100.0,2.4,2.3,1005.4
2024-11-13,S01,32.3,49.3,64.1,11.9,5.3,83.2,3.7,0.1,1005.4
2024-11-14,S01,20.1,35.3,78.7,2.0,2.2,72.3,2.5,0.0,1005.0
2024-11-15,S01,29.3,55.1,54.9,3.4,4.9,75.1,2.6,0.0,1010.4
2024-11-16,S01,36.5,55.9,57.2,2.0,1.6,75.7,1.4,0.0,1010.8
2024-11-17,S01,31.9,50.2,59.9,2.0,2.2,73.4,3.6,0.0,1018.4
2024-11-18,S01,16.2,27.3,61.3,2.0,3.0,83.5,6.1,0.0,1020.0
2024-11-19,S01,21.8,33.7,41.7,29.1,9.5,77.9,5.4,0.0,1016.9
2024-11-20,S01,41.3,69.1,60.4,8.3,4.2,82.6,3.4,0.0,1017.1
2024-11-21,S01,47.6,69.8,64.9,16.7,8.6,83.7,0.6,9.4,1014.9
2024-11-22,S01,60.8,90.9,54.2,25.1,8.1,75.0,1.9,0.0,1017.9
2024-11-23,S01,29.6,43.2,63.8,22.9,7.1,75.5,2.8,0.0,1011.6
2024-11-24,S01,70.0,117.1,66.1,18.9,6.9,99.1,0.9,3.4,1008.6
2024-11-25,S01,61.5,82.1,73.6,2.0,7.0,56.8,0.9,0.0,1011.3
2024-11-26,S01,19.1,36.0,41.4,11.8,5.5,67.8,7.1,0.0,1016.5
2024-11-27,S01,30.0,38.3,46.5,30.2,7.7,74.2,5.2,0.0,1007.0
2024-11-28,S01,26.4,41.4,54.5,25.2,5.1,78.2,4.5,4.1,1013.7
2024-11-29,S01,31.1,45.5,38.6,35.7,7.5,72.3,4.7,0.0,1013.0
2024-11-30,S01,70.0,117.7,57.8,7.8,3.7,75.2,1.2,0.0,1005.5
2024-12-01,S01,34.4,47.9,66.4,2.0,4.8,74.6,1.4,0.0,995.0
2024-12-02,S01,47.7,78.5,55.8,7.4,1.2,84.3,3.8,0.0,992.5
2024-12-03,S01,29.1,58.7,50.2,12.9,2.7,90.5,3.6,5.0,996.5
2024-12-04,S01,69.5,96.6,72.0,13.0,5.2,78.9,1.1,0.0,999.5
2024-12-05,S01,28.1,41.1,63.9,19.6,4.0,73.7,3.8,0.0,1004.8
2024-12-06,S01,32.6,51.5,74.3,,3.7,77.5,2.9,0.0,1004.2
2024-12-07,S01,20.0,33.8,65.0,2.0,1.5,77.5,5.0,0.0,1001.5
2024-12-08,S01,39.6,62.0,43.6,2.0,0.1,72.0,3.8,0.0,1002.2
2024-12-09,S01,22.9,34.2,30.6,16.0,-2.6,86.1,8.1,0.0,1004.5
2024-12-10,S01,43.3,66.4,,2.0,-4.1,93.0,2.3,1.1,1007.1
2024-12-11,S01,40.3,55.2,76.3,2.0,-1.5,85.7,1.2,0.0,1005.1
2024-12-12,S01,19.5,32.8,33.5,9.4,3.4,94.3,8.1,0.6,1010.3
2024-12-13,S01,26.2,39.3,42.4,29.2,9.3,81.9,4.1,0.0,1008.4
2024-12-14,S01,37.3,,53.8,14.0,5.3,69.7,2.9,0.0,1005.8
2024-12-15,S01,48.4,76.0,68.7,10.0,8.7,74.5,1.4,0.0,1005.1
2024-12-16,S01,51.9,99.7,44.5,8.4,6.7,70.3,2.5,0.0,1011.0
2024-12-17,S01,29.3,47.2,98.0,2.0,5.3,71.5,2.2,0.0,1010.8
2024-12-18,S01,40.0,65.4,68.4,2.0,4.4,99.7,1.3,2.2,1008.5
2024-12-19,S01,63.7,91.6,91.1,2.0,4.6,98.7,0.4,11.4,1013.1
2024-12-20,S01,82.4,123.1,57.6,13.9,3.5,83.3,1.9,9.9,1021.6
2024-12-21,S01,21.8,33.9,55.2,2.1,1.9,76.9,4.9,0.0,1020.8
2024-12-22,S01,25.2,39.1,43.9,11.0,-1.9,82.1,6.9,0.0,1024.1
2024-12-23,S01,22.3,35.2,58.9,2.0,-5.2,94.7,5.9,2.9,1026.1
2024-12-24,S01,29.1,43.5,45.4,9.7,-1.5,71.1,5.9,0.0,1021.0
2024-12-25,S01,40.1,68.3,,2.0,-1.7,81.7,1.2,5.5,1019.5
2024-12-26,S01,35.6,59.4,42.4,19.1,-1.8,88.8,4.0,0.0,1013.1
2024-12-27,S01,29.3,42.9,65.6,2.0,-1.4,85.3,4.5,2.5,1012.3
2024-12-28,S01,25.6,34.9,56.1,2.0,0.5,78.8,4.1,0.0,1009.9
2024-12-29,S01,49.6,76.1,51.0,2.0,0.7,80.0,2.7,0.0,1008.9
2024-12-30,S01,50.1,65.7,88.7,2.0,-1.2,81.5,3.4,0.0,1006.7
2024-12-31,S01,13.2,21.3,63.7,5.7,3.3,88.2,5.8,1.8,1006.8
2022-01-01,S02,16.9,27.7,33.4,3.5,0.6,77.8,6.6,0.0,1013.0
2022-01-02,S02,16.7,28.4,37.5,13.0,-2.2,78.8,6.1,0.0,1016.4
2022-01-03,S02,10.6,20.8,36.6,14.3,0.3,76.0,6.6,17.1,1016.8
2022-01-04,S02,31.3,47.3,32.9,11.9,2.5,76.3,5.2,0.0,1013.5
2022-01-05,S02,54.4,80.7,49.0,2.0,-2.2,80.9,1.4,0.0,1013.5
2022-01-06,S02,76.8,125.8,78.6,2.0,-4.3,87.7,1.0,0.0,1015.0
2022-01-07,S02,22.5,37.5,17.1,17.7,-3.1,84.8,7.3,0.0,1021.4
2022-01-08,S02,13.4,19.6,31.3,,-2.7,91.2,6.9,1.2,1022.9
2022-01-09,S02,56.2,87.5,59.2,2.0,-2.4,95.7,1.2,0.8,1025.8
2022-01-10,S02,28.6,47.7,65.2,2.0,-3.2,82.9,3.2,0.0,1020.8
2022-01-11,S02,11.4,19.4,21.7,25.5,0.2,74.1,6.7,0.0,1017.1
2022-01-12,S02,19.4,27.0,36.8,18.2,2.0,88.6,3.6,1.7,1015.4
2022-01-13,S02,41.1,60.7,30.0,18.0,2.0,67.0,3.7,0.0,1014.3
2022-01-14,S02,49.7,74.6,32.2,11.9,4.4,71.9,1.8,0.0,1010.0
2022-01-15,S02,33.6,,40.3,17.3,3.8,86.1,2.8,5.5,1015.7
2022-01-16,S02,11.0,23.6,30.9,28.6,1.6,91.2,7.9,5.4,1018.7
2022-01-17,S02,41.7,65.5,55.9,8.1,1.7,72.0,2.7,0.0,1016.3
2022-01-18,S02,46.3,69.6,44.8,2.0,-0.1,79.3,1.7,0.0,1018.2
2022-01-19,S02,49.2,79.3,,8.6,1.9,83.7,2.0,0.3,1018.1
2022-01-20,S02,28.1,42.7,41.5,3.9,2.2,82.7,2.8,0.0,1019.9
2022-01-21,S02,21.7,39.3,47.3,17.4,1.2,83.6,3.1,0.0,1013.2
2022-01-22,S02,25.9,47.1,54.5,2.0,-1.0,86.7,3.3,0.0,1012.6
2022-01-23,S02,18.4,32.3,24.3,23.3,2.1,77.9,8.1,0.0,1012.4
2022-01-24,S02,50.1,79.3,68.1,2.0,1.2,72.4,0.5,0.0,1015.0
2022-01-25,S02,24.0,35.0,32.2,3.5,0.5,80.9,3.5,0.0,1012.1
2022-01-26,S02,10.9,19.1,43.6,8.1,-0.4,90.8,4.4,2.0,1002.3
2022-01-27,S02,22.0,33.5,42.5,2.0,1.0,78.4,5.2,0.0,1000.1
2022-01-28,S02,18.1,36.6,50.2,24.3,2.5,89.7,3.1,2.0,1002.4
2022-01-29,S02,25.2,39.5,31.3,2.6,2.8,88.9,3.5,0.0,1004.8
2022-01-30,S02,10.3,18.6,32.5,10.2,3.8,97.3,5.0,8.4,1013.2
2022-01-31,S02,18.0,38.5,40.5,11.3,7.5,67.5,3.1,0.0,1015.5
2022-02-01,S02,23.2,34.5,57.3,7.3,5.4,94.1,0.3,2.9,1015.3
2022-02-02,S02,41.6,73.5,51.1,11.9,2.8,83.2,1.2,0.0,1014.7
2022-02-03,S02,24.9,57.9,60.7,3.9,0.7,88.6,2.5,0.9,1018.8
2022-02-04,S02,20.3,25.9,38.5,18.3,2.5,85.9,1.3,0.0,1015.3
2022-02-05,S02,5.3,13.3,14.9,32.4,4.6,77.1,12.5,0.0,1014.3
2022-02-06,S02,24.8,41.9,31.9,17.0,3.3,81.3,2.3,3.0,1009.6
2022-02-07,S02,50.6,73.4,58.5,2.0,1.7,84.6,1.1,0.0,1016.0
2022-02-08,S02,34.6,59.3,50.7,2.0,-1.2,85.1,2.8,0.0,1017.0
2022-02-09,S02,34.0,59.4,86.2,4.7,1.8,77.2,2.6,0.0,1013.3
2022-02-10,S02,54.2,75.6,58.4,2.0,3.2,77.8,1.7,0.0,1012.8
2022-02-11,S02,42.9,65.8,40.7,28.7,3.4,69.5,3.9,0.0,1014.9
2022-02-12,S02,38.1,58.0,55.2,2.0,1.3,96.1,1.0,1.2,1013.5
2022-02-13,S02,27.5,39.4,45.2,2.0,2.8,80.9,1.6,0.0,1011.3
2022-02-14,S02,18.0,30.6,43.5,4.0,3.1,91.1,2.8,5.5,1009.0
2022-02-15,S02,31.9,53.1,47.1,8.9,3.4,80.7,2.3,0.0,1011.2
2022-02-16,S02,27.1,41.6,24.1,16.6,5.7,69.3,4.1,0.0,1010.1
2022-02-17,S02,12.7,24.0,27.8,9.6,5.1,70.8,7.1,0.0,1008.9
2022-02-18,S02,23.0,33.7,43.6,14.1,5.5,63.3,2.4,0.0,1004.3
2022-02-19,S02,,20.7,29.9,25.0,5.4,78.5,9.4,0.0,1006.4
2022-02-20,S02,40.5,54.7,47.1,14.8,5.2,68.9,1.2,0.0,1007.0
2022-02-21,S02,8.2,20.2,20.9,22.2,5.8,86.9,7.9,5.9,1006.9
2022-02-22,S02,34.3,44.3,,19.1,1.8,95.0,1.2,2.2,1008.9
2022-02-23,S02,25.2,37.7,38.6,13.9,1.3,83.9,4.2,0.0,1012.7
2022-02-24,S02,58.8,93.9,47.1,3.0,0.4,72.2,1.9,0.0,1015.6
2022-02-25,S02,51.9,79.0,37.9,7.4,-0.2,80.6,1.9,0.0,1017.3
2022-02-26,S02,11.3,21.4,18.8,13.2,1.0,99.6,11.0,0.8,1015.5
2022-02-27,S02,21.6,35.8,28.3,19.5,5.8,89.3,5.3,0.0,1012.7
2022-02-28,S02,36.3,57.7,41.6,22.9,2.6,95.8,2.7,0.8,1008.6
2022-03-01,S02,42.3,65.9,61.4,2.0,5.4,91.8,0.2,0.2,1007.1
2022-03-02,S02,25.1,31.9,48.2,2.0,0.1,84.7,0.7,4.9,1008.4
2022-03-03,S02,,70.3,48.8,2.0,1.8,86.0,1.2,0.0,1006.1
2022-03-04,S02,20.9,45.9,45.2,21.3,2.9,80.0,3.3,0.0,1007.9
2022-03-05,S02,14.9,40.3,33.8,16.3,4.9,82.7,4.3,0.0,1005.1
2022-03-06,S02,35.0,47.6,79.2,2.0,5.2,74.9,1.5,0.0,1000.0
2022-03-07,S02,10.1,17.3,32.2,47.4,7.9,74.1,5.3,0.0,1005.9
2022-03-08,S02,21.1,39.8,29.6,9.1,6.0,79.4,3.4,0.0,1005.4
2022-03-09,S02,23.2,34.5,36.4,13.3,5.0,81.8,2.4,0.0,1003.6
2022-03-10,S02,18.9,34.8,39.4,7.5,6.7,75.9,1.1,0.0,1001.1
2022-03-11,S02,25.0,42.2,43.9,4.4,5.9,71.3,0.4,0.0,1005.2
2022-03-12,S02,11.6,18.1,42.5,3.2,3.0,79.6,3.9,1.5,1012.2
2022-03-13,S02,23.5,41.7,33.6,3.3,0.4,100.0,3.4,5.0,1010.8
2022-03-14,S02,21.9,39.4,35.8,15.6,-0.3,92.7,4.4,0.0,1010.4
2022-03-15,S02,19.8,31.1,41.2,2.0,3.1,77.5,5.4,0.0,1015.2
2022-03-16,S02,19.3,27.1,22.5,38.5,5.0,67.2,7.8,0.0,1007.5
2022-03-17,S02,22.0,42.2,34.2,34.1,7.1,67.3,5.6,0.0,1016.5
2022-03-18,S02,19.6,43.6,31.6,20.6,6.1,92.0,1.9,10.2,1025.5
2022-03-19,S02,37.3,59.6,37.8,18.1,6.3,81.6,2.7,0.0,1012.2
2022-03-20,S02,26.8,38.5,25.9,31.8,8.8,63.7,5.0,0.0,1012.0
2022-03-21,S02,40.5,63.6,,23.6,6.1,74.4,1.8,0.0,1009.3
2022-03-22,S02,33.0,53.5,34.7,7.7,9.2,87.5,1.7,0.1,1009.0
2022-03-23,S02,23.6,29.9,44.8,29.2,7.3,77.2,5.7,0.0,1008.1
2022-03-24,S02,14.8,21.9,17.3,26.2,6.0,72.7,8.0,0.0,1012.3
2022-03-25,S02,11.0,25.6,37.8,28.8,5.8,67.0,5.8,0.0,1012.0
2022-03-26,S02,18.2,33.5,41.1,9.3,3.1,81.3,4.9,0.0,1008.6
2022-03-27,S02,19.1,28.9,44.4,19.6,5.7,82.2,2.6,0.0,1008.8
2022-03-28,S02,25.8,50.5,47.0,2.0,5.0,78.4,1.6,0.0,1011.7
2022-03-29,S02,13.4,23.6,47.6,5.3,6.3,82.5,4.9,0.0,1007.2
2022-03-30,S02,11.1,21.7,38.6,30.4,8.4,70.8,7.8,0.0,1001.8
2022-03-31,S02,23.9,34.2,38.4,34.2,9.7,65.5,2.3,0.0,1012.0
2022-04-01,S02,15.4,30.6,42.0,29.6,11.9,77.7,1.7,0.0,1009.6
2022-04-02,S02,20.9,39.8,36.3,28.2,10.2,75.4,2.1,0.0,1009.8
2022-04-03,S02,22.3,31.9,27.5,32.6,8.1,76.6,4.0,0.0,1008.8
2022-04-04,S02,13.5,25.8,28.4,30.8,9.6,84.0,6.6,0.0,1011.8
2022-04-05,S02,40.2,76.8,55.3,9.0,4.2,75.0,0.5,0.0,1019.2
2022-04-06,S02,27.3,38.0,31.3,6.3,2.4,71.9,2.7,0.0,1020.3
2022-04-07,S02,46.6,68.1,56.5,2.0,1.7,79.5,1.1,0.0,1012.7
2022-04-08,S02,13.6,25.9,23.9,23.4,1.9,79.2,9.3,0.0,1007.2
2022-04-09,S02,27.3,43.2,33.4,12.4,4.5,80.2,3.8,0.0,1006.8
2022-04-10,S02,33.8,55.6,38.4,11.4,4.2,77.6,2.3,0.0,1007.0
2022-04-11,S02,28.4,,41.6,12.7,4.7,71.7,3.6,0.0,1001.3
2022-04-12,S02,43.3,63.4,62.6,10.1,10.6,75.4,0.8,0.0,1006.9
2022-04-13,S02,43.5,67.0,47.9,18.2,10.3,77.9,1.2,0.0,1003.8
2022-04-14,S02,46.4,69.3,42.3,27.9,11.4,77.5,3.0,0.0,1011.6
2022-04-15,S02,21.8,33.8,26.1,22.8,10.0,72.1,4.8,0.0,1019.2
2022-04-16,S02,32.2,50.6,44.8,21.2,10.1,74.5,0.2,0.0,1016.9
2022-04-17,S02,9.2,15.7,31.6,24.2,7.6,92.8,6.2,7.9,1017.9
2022-04-18,S02,16.2,32.0,30.4,22.5,7.3,70.2,2.7,0.0,1012.0
2022-04-19,S02,15.9,24.5,29.7,28.6,11.0,68.3,5.4,0.0,1014.7
2022-04-20,S02,24.9,39.2,38.7,29.6,7.1,83.5,4.0,0.6,1012.4
2022-04-21,S02,8.2,20.8,18.6,52.5,10.8,68.1,9.7,0.0,1008.1
2022-04-22,S02,19.3,35.6,36.1,21.1,11.4,83.6,3.6,0.0,1008.0
2022-04-23,S02,7.5,16.7,24.1,41.3,9.9,92.6,7.4,1.4,1007.1
2022-04-24,S02,26.1,48.5,37.9,29.8,7.6,77.8,1.9,0.0,1007.0
2022-04-25,S02,,41.4,36.7,11.2,8.8,73.9,0.9,0.0,1012.0
2022-04-26,S02,9.4,15.2,26.1,26.9,9.6,68.8,6.4,0.0,1009.0
2022-04-27,S02,26.2,57.4,59.8,22.1,10.7,65.7,0.7,0.0,1016.8
2022-04-28,S02,12.9,22.9,34.7,23.3,11.6,69.3,5.4,0.0,1010.7
2022-04-29,S02,22.8,40.8,37.3,29.0,16.8,65.1,1.3,0.0,1017.6
2022-04-30,S02,17.4,,29.9,32.0,16.1,70.1,3.5,0.0,1012.6
2022-05-01,S02,6.0,16.1,17.3,55.3,13.5,86.9,9.1,5.3,1012.7
2022-05-02,S02,19.8,27.0,28.4,30.2,12.9,75.2,4.2,0.0,1010.8
2022-05-03,S02,18.0,25.6,37.4,30.4,14.0,65.4,2.7,0.0,1009.9
2022-05-04,S02,14.8,32.3,38.7,36.5,18.1,62.5,3.7,0.0,1013.7
2022-05-05,S02,19.4,28.9,57.9,46.7,19.7,72.8,2.1,0.0,1019.6
2022-05-06,S02,4.7,9.3,11.7,57.8,17.7,70.5,11.9,0.0,1023.0
2022-05-07,S02,23.7,43.5,43.1,32.9,21.4,62.8,1.8,0.0,1019.4
2022-05-08,S02,12.8,25.7,38.5,25.5,16.4,80.9,2.7,4.6,1018.8
2022-05-09,S02,16.8,26.8,27.7,43.7,13.8,70.0,4.5,0.0,1014.6
2022-05-10,S02,21.2,34.1,27.9,38.5,12.0,69.5,3.4,0.0,1010.3
2022-05-11,S02,20.4,40.6,34.4,42.4,12.4,74.7,3.8,0.0,1006.2
2022-05-12,S02,29.8,47.1,62.0,7.6,10.3,88.7,2.0,0.0,1005.8
2022-05-13,S02,20.0,34.5,37.2,31.1,14.2,69.6,2.7,0.0,1008.3
2022-05-14,S02,12.9,30.1,22.8,61.5,14.1,72.7,5.5,0.0,1001.6
2022-05-15,S02,8.2,19.1,27.4,33.0,11.5,63.2,5.4,0.0,1003.7
2022-05-16,S02,9.4,25.8,26.9,25.4,10.2,84.5,3.9,4.6,1011.6
2022-05-17,S02,8.7,14.4,25.5,39.7,12.6,74.2,6.3,0.0,1016.4
2022-05-18,S02,7.7,11.9,28.2,50.3,16.2,73.5,6.1,0.0,1013.4
2022-05-19,S02,20.4,35.9,24.5,59.8,21.9,39.6,4.8,0.0,1007.7
2022-05-20,S02,32.8,58.0,21.8,55.9,28.1,63.2,0.8,0.0,1010.6
2022-05-21,S02,17.7,34.3,32.8,54.2,25.5,83.4,3.8,1.3,1001.8
2022-05-22,S02,25.8,38.5,28.8,46.5,20.2,53.1,3.6,0.0,1008.5
2022-05-23,S02,17.6,49.0,19.8,40.7,14.6,77.1,6.8,0.0,1008.5
2022-05-24,S02,33.1,45.5,38.2,22.3,16.4,50.9,0.2,0.0,1016.8
2022-05-25,S02,28.1,43.3,36.4,50.4,15.3,83.7,3.0,2.5,1009.1
2022-05-26,S02,28.0,50.1,29.9,33.4,14.3,77.5,3.5,5.8,1013.5
2022-05-27,S02,29.1,43.5,49.0,23.8,13.9,60.0,1.3,0.0,1013.0
2022-05-28,S02,33.2,58.2,47.5,28.0,15.5,71.5,1.5,0.0,1011.7
2022-05-29,S02,6.6,8.3,17.8,58.3,18.6,85.1,8.8,2.0,1006.5
2022-05-30,S02,13.6,26.1,28.1,50.3,18.9,79.6,3.8,10.9,1010.2
2022-05-31,S02,7.3,13.1,18.3,57.4,19.3,67.7,9.3,0.0,1013.4
2022-06-01,S02,18.0,30.3,33.5,45.6,15.4,76.8,2.7,2.2,1020.5
2022-06-02,S02,48.2,74.1,29.8,35.4,13.8,59.6,1.0,0.0,1023.0
2022-06-03,S02,25.7,49.9,54.0,24.7,13.2,73.8,2.4,0.0,1018.6
2022-06-04,S02,19.1,34.0,42.7,27.6,15.5,89.7,2.0,6.4,1013.5
2022-06-05,S02,13.5,26.0,25.5,62.0,20.7,71.9,4.9,0.0,1007.9
2022-06-06,S02,16.0,36.0,19.3,53.5,20.8,64.7,4.7,1.5,1014.8
2022-06-07,S02,14.4,28.3,26.2,47.6,22.7,54.2,5.1,0.0,1011.4
2022-06-08,S02,7.7,12.2,13.1,77.9,21.1,60.6,11.2,0.0,1017.6
2022-06-09,S02,9.3,23.3,22.9,44.8,17.2,57.0,6.7,0.0,1018.8
2022-06-10,S02,15.2,30.7,24.9,43.4,15.4,68.1,1.7,0.0,1018.9
2022-06-11,S02,9.3,15.4,21.8,27.9,16.1,86.0,6.4,7.3,1016.5
2022-06-12,S02,17.0,27.9,31.4,47.4,22.0,52.8,2.9,0.0,1018.5
2022-06-13,S02,20.3,35.3,33.7,52.6,19.0,66.2,2.6,0.0,1017.3
2022-06-14,S02,9.9,31.5,24.1,56.2,21.0,68.1,5.9,0.0,1015.0
2022-06-15,S02,15.6,25.5,39.2,46.6,20.0,61.0,1.6,0.0,1017.4
2022-06-16,S02,6.9,13.4,34.7,47.0,21.5,72.2,5.7,15.2,1015.9
2022-06-17,S02,10.6,21.5,26.2,60.4,23.4,53.0,4.5,0.0,1012.1
2022-06-18,S02,18.3,29.5,32.0,47.1,21.6,61.4,1.7,0.0,1014.7
2022-06-19,S02,23.6,,29.9,46.7,21.2,61.5,0.7,0.0,1014.1
2022-06-20,S02,11.0,21.7,31.0,61.5,19.4,70.2,2.8,0.0,1015.8
2022-06-21,S02,8.9,18.6,18.8,70.3,22.0,63.1,6.0,0.0,1013.5
2022-06-22,S02,12.3,20.1,35.7,51.8,18.6,66.3,4.3,0.0,1008.5
2022-06-23,S02,5.6,12.3,23.1,56.6,17.1,61.8,6.6,0.0,1016.4
2022-06-24,S02,8.7,26.0,37.7,29.0,14.9,71.1,3.8,0.0,1021.9
2022-06-25,S02,6.8,19.5,27.9,47.6,17.1,71.7,7.8,0.0,1023.6
2022-06-26,S02,11.5,27.0,31.1,37.4,22.4,64.0,2.1,0.0,1020.0
2022-06-27,S02,13.3,20.0,27.2,44.8,22.2,64.8,4.4,0.0,1017.4
2022-06-28,S02,25.0,49.7,46.5,38.3,21.8,65.0,2.4,0.0,1022.0
2022-06-29,S02,15.9,26.4,36.1,49.1,22.3,58.2,2.7,0.0,1018.8
2022-06-30,S02,15.1,30.1,35.0,46.4,24.6,60.5,3.7,0.0,1015.1
2022-07-01,S02,20.1,33.9,38.2,55.8,24.8,70.3,3.8,0.3,1022.2
2022-07-02,S02,18.0,25.5,45.7,45.2,22.9,64.5,1.7,0.0,1020.2
2022-07-03,S02,13.5,21.9,31.4,50.1,24.7,57.3,4.5,0.0,1025.8
2022-07-04,S02,26.6,48.3,44.7,67.3,25.9,56.9,3.0,0.0,1017.6
2022-07-05,S02,24.7,48.4,40.4,46.7,28.4,55.2,1.0,0.0,1018.8
2022-07-06,S02,33.1,53.3,47.4,60.3,26.7,59.8,0.6,0.0,1025.9
2022-07-07,S02,9.5,16.4,21.3,44.0,22.2,54.9,7.2,0.0,1023.5
2022-07-08,S02,17.0,,40.4,40.3,18.3,67.8,3.2,0.0,1020.3
2022-07-09,S02,17.1,25.7,36.1,39.6,23.9,76.4,0.9,3.7,1014.2
2022-07-10,S02,4.5,12.1,14.0,72.4,27.9,60.1,8.4,0.0,1018.3
2022-07-11,S02,12.2,24.0,33.5,74.1,25.4,56.5,4.4,0.0,1014.1
2022-07-12,S02,,26.9,25.7,52.0,22.7,74.6,3.7,0.0,1013.5
2022-07-13,S02,22.9,40.1,30.7,47.7,26.2,57.9,1.7,0.0,1008.5
2022-07-14,S02,20.1,28.3,53.0,45.8,22.3,56.9,1.0,0.0,1015.6
2022-07-15,S02,9.2,16.8,40.8,41.6,20.0,71.1,3.0,7.7,1019.7
2022-07-16,S02,,26.7,31.3,51.5,21.8,53.6,3.0,0.0,1018.2
2022-07-17,S02,15.5,30.4,21.7,39.3,20.4,85.4,1.3,9.5,1012.6
2022-07-18,S02,25.0,38.7,44.3,36.6,21.7,74.0,1.3,0.0,1018.8
2022-07-19,S02,28.0,43.7,45.9,33.5,20.1,68.5,1.2,0.0,1016.2
2022-07-20,S02,28.6,48.2,44.9,48.6,21.3,59.0,1.2,0.0,1011.1
2022-07-21,S02,31.1,51.2,40.6,49.6,24.5,75.0,2.1,0.0,1004.5
2022-07-22,S02,,38.7,29.6,48.2,23.8,60.9,3.9,0.0,1003.6
2022-07-23,S02,21.5,36.8,26.3,63.8,25.6,62.7,4.6,0.0,999.6
2022-07-24,S02,,46.9,26.8,47.4,19.4,73.1,3.1,0.0,999.8
2022-07-25,S02,34.0,50.6,28.5,51.2,19.4,66.0,3.3,0.0,1005.4
2022-07-26,S02,23.6,38.7,30.8,,18.1,79.4,4.5,0.0,1005.4
2022-07-27,S02,62.5,104.8,46.6,28.7,15.8,69.2,0.4,0.0,1008.4
2022-07-28,S02,31.9,50.4,35.6,40.4,14.6,69.2,4.1,0.0,1006.4
2022-07-29,S02,17.2,25.7,17.4,44.1,17.3,61.9,6.8,0.0,1008.0
2022-07-30,S02,26.2,47.7,23.8,57.1,20.6,53.6,3.1,0.0,1016.7
2022-07-31,S02,8.2,11.4,24.4,47.6,17.1,78.4,5.4,1.8,1014.5
2022-08-01,S02,29.6,42.1,29.0,32.9,17.8,85.3,2.5,0.8,1015.8
2022-08-02,S02,12.7,29.4,29.7,36.8,17.7,69.8,4.6,0.0,1009.0
2022-08-03,S02,21.6,46.0,23.8,44.5,17.5,67.3,3.8,0.0,1015.8
2022-08-04,S02,42.1,64.1,50.8,36.5,21.3,60.0,1.2,0.0,1013.4
2022-08-05,S02,38.0,61.9,,54.4,22.6,67.3,1.5,0.0,1017.5
2022-08-06,S02,13.1,20.7,31.1,62.5,25.1,66.8,7.0,0.0,1016.1
2022-08-07,S02,14.6,21.2,32.1,57.3,22.7,63.0,4.5,0.0,1017.9
2022-08-08,S02,6.5,13.7,27.6,44.4,21.9,80.2,2.9,21.3,1019.6
2022-08-09,S02,11.3,16.4,54.8,39.7,20.2,57.8,2.3,0.0,1016.5
2022-08-10,S02,15.4,41.7,41.3,53.7,21.0,85.0,1.5,1.2,1020.2
2022-08-11,S02,16.6,26.7,32.1,48.6,20.9,47.8,3.8,0.0,1015.7
2022-08-12,S02,20.6,33.3,37.3,33.0,17.3,83.6,1.8,0.6,1018.3
2022-08-13,S02,9.8,24.2,,35.2,18.9,94.5,2.7,4.4,1015.7
2022-08-14,S02,21.6,31.9,41.0,41.5,19.6,63.7,2.1,2.7,1016.5
2022-08-15,S02,9.2,18.2,22.1,78.1,26.5,68.4,5.5,3.9,1014.0
2022-08-16,S02,23.0,32.8,32.6,53.9,29.3,70.3,2.9,1.6,1014.0
2022-08-17,S02,20.2,28.8,33.0,55.5,24.4,57.5,3.4,0.0,1009.5
2022-08-18,S02,30.0,45.5,44.0,31.6,22.4,68.8,1.5,0.0,1011.2
2022-08-19,S02,23.5,38.6,43.2,34.7,18.4,70.8,1.7,0.0,1011.7
2022-08-20,S02,33.7,60.0,33.8,42.3,16.8,68.1,3.3,0.0,1009.8
2022-08-21,S02,48.0,83.6,37.6,25.5,18.7,68.6,0.8,0.0,1010.2
2022-08-22,S02,44.1,73.6,30.5,46.3,21.7,65.5,2.8,0.0,1011.3
2022-08-23,S02,26.3,42.9,27.1,45.5,18.0,85.8,2.8,0.0,1009.2
2022-08-24,S02,33.9,52.1,45.5,34.9,17.2,79.4,1.2,4.8,1009.4
2022-08-25,S02,25.9,49.3,23.5,41.1,11.9,73.5,5.9,0.0,1006.1
2022-08-26,S02,29.0,58.1,29.8,29.3,13.9,59.7,4.1,0.0,1016.9
2022-08-27,S02,23.5,34.7,37.6,31.6,12.2,70.1,2.9,0.0,1020.3
2022-08-28,S02,14.8,26.1,38.4,24.8,13.3,89.6,2.0,9.1,1020.0
2022-08-29,S02,24.5,37.7,43.8,30.5,12.9,65.5,0.8,0.0,1023.3
2022-08-30,S02,12.0,16.6,21.8,24.8,14.5,53.0,5.7,0.0,1013.3
2022-08-31,S02,15.4,23.8,41.7,22.9,11.5,73.3,2.1,0.0,1003.0
2022-09-01,S02,25.5,51.8,44.2,16.7,8.3,80.9,0.9,0.0,1003.4
2022-09-02,S02,25.4,39.6,36.5,47.1,16.5,65.7,2.0,0.0,999.8
2022-09-03,S02,19.5,49.4,39.1,37.9,15.5,69.9,3.8,0.0,1001.5
2022-09-04,S02,,30.5,36.1,34.0,12.8,61.6,3.7,0.0,1004.6
2022-09-05,S02,9.4,25.7,35.3,42.4,18.5,76.8,1.4,12.2,1010.0
2022-09-06,S02,6.9,21.0,22.8,76.6,25.3,78.0,6.6,7.1,1006.0
2022-09-07,S02,35.8,55.3,57.6,32.4,19.8,55.4,0.8,0.0,1009.0
2022-09-08,S02,9.8,,20.7,40.8,17.1,71.7,7.3,0.0,1009.9
2022-09-09,S02,32.8,48.3,32.5,30.7,18.1,68.9,3.4,0.0,1011.9
2022-09-10,S02,31.0,42.1,41.6,52.1,22.2,66.6,2.2,0.0,1010.0
2022-09-11,S02,,22.9,37.0,41.3,17.7,81.2,2.5,6.5,1016.2
2022-09-12,S02,7.9,15.2,29.8,39.1,16.6,70.9,3.5,0.0,1015.1
2022-09-13,S02,9.8,14.7,24.9,46.3,19.8,82.7,4.5,2.5,1021.8
2022-09-14,S02,23.3,39.4,42.5,38.1,18.7,71.5,0.6,0.0,1016.9
2022-09-15,S02,33.2,51.0,44.3,36.5,17.1,54.2,1.6,0.0,1019.1
2022-09-16,S02,,27.5,44.4,39.7,16.4,71.3,2.9,2.3,1017.6
2022-09-17,S02,9.9,17.2,18.4,33.8,12.9,77.8,6.5,29.9,1015.4
2022-09-18,S02,18.2,30.0,39.5,20.4,12.5,67.9,5.4,0.0,1017.4
2022-09-19,S02,6.2,12.0,20.8,38.0,13.4,81.7,7.6,3.2,1015.4
2022-09-20,S02,5.7,10.1,27.3,33.6,14.2,84.8,7.1,5.7,1004.2
2022-09-21,S02,23.2,45.3,35.0,16.3,12.2,78.1,1.7,0.0,993.7
2022-09-22,S02,18.8,37.3,24.2,50.4,14.5,77.2,3.2,0.0,1002.7
2022-09-23,S02,12.3,19.6,20.4,29.9,17.0,60.5,5.4,0.0,1009.7
2022-09-24,S02,11.0,21.3,25.8,48.7,16.5,81.3,5.0,5.9,1017.9
2022-09-25,S02,30.6,49.6,38.1,45.8,17.0,59.6,2.8,0.0,1016.8
2022-09-26,S02,13.0,26.3,30.3,49.7,16.3,64.9,4.1,0.0,1010.9
2022-09-27,S02,8.0,13.4,34.0,38.2,15.6,82.5,2.4,3.2,1009.6
2022-09-28,S02,,47.8,53.9,33.7,13.2,50.5,0.9,0.0,1010.4
2022-09-29,S02,9.7,25.8,32.4,49.7,13.9,92.9,3.6,2.1,1006.9
2022-09-30,S02,19.3,32.1,39.1,26.2,12.4,71.3,2.6,0.0,1014.7
2022-10-01,S02,15.6,29.2,68.1,37.3,18.9,73.6,2.2,0.4,1023.3
2022-10-02,S02,8.4,14.0,30.4,61.2,21.0,89.7,4.0,9.7,1023.2
2022-10-03,S02,14.8,25.9,29.8,37.4,18.8,61.6,2.8,0.0,1021.1
2022-10-04,S02,9.1,26.1,33.3,37.4,15.5,69.6,4.1,0.0,1014.3
2022-10-05,S02,14.1,20.7,35.5,27.7,12.0,81.0,4.5,0.1,1020.2
2022-10-06,S02,4.2,20.7,16.2,60.7,15.4,90.4,10.9,1.7,1019.1
2022-10-07,S02,23.2,41.4,34.3,20.8,14.8,69.0,3.2,0.0,1016.7
2022-10-08,S02,10.6,19.9,30.7,56.3,15.1,67.0,6.9,0.0,1017.9
2022-10-09,S02,33.8,64.9,47.8,27.2,10.1,79.0,3.1,0.0,1014.6
2022-10-10,S02,14.1,24.7,32.8,36.7,12.3,89.2,3.5,2.5,1014.8
2022-10-11,S02,9.1,17.2,29.6,15.6,13.4,72.9,3.3,0.0,1008.7
2022-10-12,S02,12.6,29.1,39.5,15.9,9.5,93.3,3.3,4.1,1013.9
2022-10-13,S02,17.1,29.0,34.0,36.2,9.5,100.0,2.6,1.2,1013.3
2022-10-14,S02,15.9,28.2,32.9,29.6,9.3,71.0,6.1,0.0,1017.9
2022-10-15,S02,39.7,53.6,45.7,8.0,10.8,71.3,1.6,0.0,1016.1
2022-10-16,S02,25.1,36.4,79.1,11.4,9.6,73.5,0.8,0.0,1014.9
2022-10-17,S02,35.9,66.8,54.8,24.3,10.0,85.9,2.0,0.0,1009.7
2022-10-18,S02,52.0,71.9,33.5,25.9,8.6,69.4,2.1,0.0,1013.4
2022-10-19,S02,34.8,48.3,36.2,22.1,9.7,72.9,2.2,0.0,1009.8
2022-10-20,S02,23.6,36.2,23.9,44.2,13.3,61.7,2.9,0.0,1008.5
2022-10-21,S02,38.0,58.8,28.5,11.8,5.9,69.8,2.1,0.0,1009.4
2022-10-22,S02,32.7,47.6,40.9,19.9,5.7,72.7,3.0,0.0,1010.6
2022-10-23,S02,43.7,65.0,33.3,21.0,7.8,72.1,2.1,0.0,1004.3
2022-10-24,S02,35.6,51.3,47.6,19.4,7.7,91.1,4.2,2.4,1005.1
2022-10-25,S02,11.1,20.4,20.0,39.1,7.4,92.4,11.9,0.2,1009.9
2022-10-26,S02,31.3,58.0,36.0,10.3,2.8,71.2,4.0,0.0,1009.0
2022-10-27,S02,20.0,34.4,40.4,15.5,6.3,80.0,2.1,2.3,1008.9
2022-10-28,S02,30.0,46.3,63.9,13.0,11.1,81.2,0.3,0.0,1010.4
2022-10-29,S02,5.0,11.7,27.9,40.0,6.4,83.5,9.9,0.0,1010.4
2022-10-30,S02,10.0,17.0,27.9,24.4,9.6,87.4,4.0,1.5,1006.8
2022-10-31,S02,11.9,24.3,32.5,33.2,7.5,86.2,2.6,1.6,1007.9
2022-11-01,S02,26.5,43.4,47.4,8.2,7.8,79.7,0.3,0.0,1012.9
2022-11-02,S02,40.2,70.8,43.7,20.8,4.8,69.3,3.1,0.0,1008.7
2022-11-03,S02,33.5,60.8,37.0,22.0,4.6,78.8,2.9,0.0,1008.1
2022-11-04,S02,17.7,31.3,46.3,20.4,9.3,89.2,1.8,0.0,1003.5
2022-11-05,S02,14.2,21.2,66.0,15.8,10.6,82.2,1.0,17.6,1009.2
2022-11-06,S02,25.9,38.1,32.5,22.1,12.8,66.0,1.0,0.0,1009.6
2022-11-07,S02,5.8,9.7,18.5,45.0,14.4,85.9,8.2,1.9,1006.9
2022-11-08,S02,25.1,36.4,25.8,36.3,13.0,69.5,3.3,0.0,1008.5
2022-11-09,S02,36.9,62.3,31.1,35.3,15.3,61.7,2.1,0.0,1004.6
2022-11-10,S02,38.3,52.0,32.6,43.1,13.6,76.3,3.0,0.0,1002.1
2022-11-11,S02,32.5,55.8,28.8,30.8,13.1,71.4,3.5,0.0,998.4
2022-11-12,S02,42.2,64.4,51.8,11.3,8.5,85.9,1.0,2.2,997.1
2022-11-13,S02,14.0,24.5,28.9,19.2,9.8,84.0,5.8,0.3,1005.7
2022-11-14,S02,42.0,,45.1,18.8,5.8,72.7,2.3,0.0,1004.2
2022-11-15,S02,28.1,50.1,36.3,26.1,8.3,70.8,2.9,0.0,1007.8
2022-11-16,S02,6.3,15.0,25.0,33.7,4.3,82.4,7.5,5.5,1005.5
2022-11-17,S02,,50.2,44.1,20.5,6.2,73.1,1.2,0.0,1010.1
2022-11-18,S02,57.7,107.4,43.9,18.3,5.7,85.9,1.6,0.0,1006.5
2022-11-19,S02,19.5,33.6,38.5,29.4,8.2,88.4,3.8,2.5,1008.0
2022-11-20,S02,18.2,30.7,21.7,34.7,8.6,90.1,4.7,4.1,1009.2
2022-11-21,S02,22.3,37.6,42.3,32.1,12.2,77.9,1.8,0.0,1019.3
2022-11-22,S02,18.4,30.2,33.2,12.7,11.6,78.3,2.0,0.0,1020.5
2022-11-23,S02,13.4,22.8,32.5,12.0,5.9,74.4,4.3,0.0,1016.7
2022-11-24,S02,6.7,14.2,15.8,21.6,4.1,76.5,9.4,0.0,1018.7
2022-11-25,S02,22.8,43.2,40.6,16.6,1.2,79.3,2.8,0.0,1026.1
2022-11-26,S02,33.1,54.0,53.0,2.0,1.3,84.1,1.4,0.0,1017.0
2022-11-27,S02,22.0,29.8,51.8,3.7,5.2,74.8,1.4,0.0,1012.8
2022-11-28,S02,22.5,42.9,31.7,18.4,6.0,76.2,2.9,0.0,1011.9
2022-11-29,S02,21.2,37.4,35.5,7.4,3.5,64.8,5.4,0.0,1010.4
2022-11-30,S02,5.9,11.4,21.3,32.9,1.0,82.9,12.3,0.0,1009.6
2022-12-01,S02,27.2,46.7,40.0,2.0,1.7,76.9,2.6,0.0,1005.1
2022-12-02,S02,25.1,43.7,42.9,2.0,-1.0,71.6,3.4,0.0,1012.3
2022-12-03,S02,10.2,19.7,17.9,17.8,-2.0,86.1,8.1,0.0,1006.7
2022-12-04,S02,20.8,32.9,33.8,2.0,0.9,86.1,3.6,0.0,1007.2
2022-12-05,S02,34.2,44.1,41.5,24.6,4.7,93.6,3.3,0.0,1012.5
2022-12-06,S02,22.9,37.2,32.3,23.6,4.2,74.2,7.3,0.0,1012.5
2022-12-07,S02,39.1,59.8,37.6,11.1,-2.2,80.1,3.7,0.0,1008.7
2022-12-08,S02,48.0,63.0,84.9,2.0,1.0,78.2,1.6,0.0,1004.2
2022-12-09,S02,19.2,32.5,33.0,16.4,1.9,78.4,6.2,0.0,1005.0
2022-12-10,S02,46.4,67.4,41.2,2.0,1.4,73.7,0.8,0.0,1003.6
2022-12-11,S02,11.9,28.4,40.9,29.6,6.8,70.0,5.1,0.0,1006.3
2022-12-12,S02,16.8,27.8,33.0,11.5,0.7,90.9,3.2,4.0,1002.0
2022-12-13,S02,32.3,45.4,51.2,14.1,-1.4,69.0,2.3,0.0,1007.5
2022-12-14,S02,25.9,42.9,36.8,15.2,2.1,83.5,2.5,0.0,1009.0
2022-12-15,S02,34.3,55.5,33.4,2.0,-2.6,80.0,3.4,0.0,1010.6
2022-12-16,S02,40.5,60.0,55.7,6.2,2.5,75.9,2.1,0.0,1016.8
2022-12-17,S02,15.8,24.0,32.6,19.0,2.7,70.7,5.0,0.0,1014.3
2022-12-18,S02,29.0,47.2,60.6,17.7,5.2,74.9,2.4,0.0,1011.2
2022-12-19,S02,21.3,35.1,43.9,14.4,2.7,90.0,0.5,15.2,1009.3
2022-12-20,S02,35.7,62.6,30.1,15.0,4.8,78.5,2.8,0.0,1009.3
2022-12-21,S02,43.8,81.1,45.4,2.0,6.5,92.9,0.6,0.6,1009.7
2022-12-22,S02,36.6,67.6,,2.0,5.0,85.5,3.1,0.0,1007.0
2022-12-23,S02,33.0,49.6,51.5,2.6,6.0,81.0,2.1,0.0,1000.1
2022-12-24,S02,23.9,45.9,36.0,14.9,4.7,84.3,5.3,0.0,1000.5
2022-12-25,S02,27.7,48.6,50.1,15.7,1.3,100.0,2.6,0.5,1004.4
2022-12-26,S02,18.3,34.4,32.8,22.5,0.1,97.5,4.9,0.8,1006.7
2022-12-27,S02,16.5,39.0,64.2,8.6,-0.5,76.9,4.7,0.0,1012.7
2022-12-28,S02,23.1,36.9,37.7,20.9,0.7,85.4,5.3,0.0,1020.6
2022-12-29,S02,31.5,54.2,47.7,2.1,3.3,94.1,2.4,3.0,1022.1
2022-12-30,S02,31.6,44.9,50.9,2.0,0.9,85.7,3.3,0.0,1025.8
2022-12-31,S02,33.1,50.4,30.7,2.0,0.3,85.5,3.9,6.8,1026.3
2023-01-01,S02,43.3,63.3,34.3,2.0,3.6,72.1,3.1,0.0,1030.5
2023-01-02,S02,28.0,56.9,42.0,2.0,1.0,76.8,2.7,0.0,1034.4
2023-01-03,S02,31.2,55.3,64.1,2.0,-1.3,99.6,1.4,3.0,1033.9
2023-01-04,S02,13.1,24.9,35.4,6.5,0.3,92.5,2.5,6.9,1032.6
2023-01-05,S02,19.1,38.6,51.8,2.0,1.8,88.7,0.9,0.0,1027.8
2023-01-06,S02,33.7,42.9,52.4,2.0,1.9,90.9,0.5,0.0,1024.7
2023-01-07,S02,27.8,36.6,35.6,16.1,4.8,86.2,1.1,0.0,1021.0
2023-01-08,S02,12.3,17.3,33.0,13.1,5.1,84.0,4.0,0.0,1021.9
2023-01-09,S02,,33.5,39.1,20.9,6.9,73.3,4.1,0.0,1017.2
2023-01-10,S02,8.7,15.9,24.7,14.4,5.7,91.5,4.8,4.6,1015.6
2023-01-11,S02,22.7,43.6,55.7,26.1,9.6,80.2,1.8,1.3,1005.7
2023-01-12,S02,12.8,22.1,29.4,29.0,7.1,64.2,6.7,0.0,1014.0
2023-01-13,S02,28.2,46.9,57.1,2.0,-0.2,89.8,1.0,7.7,1012.9
2023-01-14,S02,40.2,59.6,47.6,2.0,4.2,85.5,1.5,0.0,1014.8
2023-01-15,S02,28.3,44.4,27.9,15.7,1.2,83.0,5.1,0.0,1020.3
2023-01-16,S02,24.9,44.7,37.0,14.1,2.1,97.2,3.0,0.3,1020.0
2023-01-17,S02,12.1,21.0,35.5,4.5,5.7,89.3,4.9,1.5,1024.4
2023-01-18,S02,16.7,29.7,36.6,13.6,-1.2,100.0,3.7,5.6,1017.1
2023-01-19,S02,23.9,34.8,51.5,2.0,-3.2,85.9,2.2,0.0,1025.9
2023-01-20,S02,75.6,109.5,49.0,2.0,-6.6,85.8,1.0,0.0,1027.7
2023-01-21,S02,53.4,78.4,65.0,2.0,-4.8,78.5,0.6,0.0,1025.6
2023-01-22,S02,14.7,29.0,27.2,22.9,-2.4,87.4,9.2,0.0,1028.8
2023-01-23,S02,40.8,61.6,39.5,2.0,-0.4,76.4,0.8,0.0,1020.9
2023-01-24,S02,21.4,32.2,30.4,12.8,-0.1,76.4,6.8,0.0,1018.2
2023-01-25,S02,29.8,48.9,32.7,10.1,-3.4,91.9,3.4,0.0,1022.9
2023-01-26,S02,42.7,70.2,32.2,2.0,-7.2,94.3,3.4,0.0,1013.5
2023-01-27,S02,,61.0,40.6,2.0,-5.6,89.8,3.4,0.0,1015.6
2023-01-28,S02,19.7,36.3,75.0,2.0,-5.0,81.6,3.9,0.0,1017.2
2023-01-29,S02,39.7,55.2,60.3,2.0,-1.6,84.8,1.6,0.0,1024.3
2023-01-30,S02,25.7,43.0,73.8,2.0,1.0,80.8,0.4,0.0,1015.7
2023-01-31,S02,18.2,31.3,53.8,6.9,1.5,96.1,1.9,5.4,1021.6
2023-02-01,S02,17.9,29.0,40.1,7.0,3.0,85.5,3.8,0.0,1017.6
2023-02-02,S02,21.1,28.7,59.3,3.2,3.6,79.1,1.2,0.0,1014.9
2023-02-03,S02,12.1,20.7,25.1,20.9,3.5,100.0,6.7,1.5,1009.6
2023-02-04,S02,35.5,52.6,48.4,9.9,1.7,85.6,2.7,0.0,1006.0
2023-02-05,S02,59.0,99.9,64.9,2.0,1.1,79.8,1.2,0.0,1009.0
2023-02-06,S02,19.5,31.3,49.4,17.2,1.9,97.3,2.9,7.4,1005.3
2023-02-07,S02,14.8,35.4,45.3,22.5,4.2,87.4,4.5,0.0,1009.8
2023-02-08,S02,23.0,45.3,38.8,4.6,1.8,90.1,4.3,0.0,1007.8
2023-02-09,S02,52.8,70.8,77.5,6.3,2.9,89.4,0.2,0.0,1004.0
2023-02-10,S02,19.4,33.6,32.1,16.6,1.3,90.1,5.5,1.0,1003.7
2023-02-11,S02,32.4,59.9,80.9,2.0,0.8,75.5,1.0,0.0,1006.9
2023-02-12,S02,17.2,26.5,40.4,21.6,3.8,77.8,4.3,0.0,1007.0
2023-02-13,S02,17.5,25.9,32.0,2.0,-1.7,99.3,5.6,4.3,1008.3
2023-02-14,S02,42.5,71.6,44.2,2.0,-4.2,88.2,1.2,0.0,1012.1
2023-02-15,S02,37.8,64.6,47.9,2.0,-6.0,98.8,1.4,2.4,1016.6
2023-02-16,S02,15.4,28.7,30.8,2.0,-8.3,100.0,5.8,6.9,1014.6
2023-02-17,S02,44.4,59.5,51.4,3.0,-6.8,84.6,2.2,0.0,1010.1
2023-02-18,S02,15.3,25.0,23.6,4.5,-3.1,84.0,7.1,0.0,1011.0
2023-02-19,S02,18.3,28.0,32.6,14.6,-1.8,81.4,8.8,0.0,1013.3
2023-02-20,S02,39.2,64.5,52.8,2.0,0.4,89.4,1.3,0.0,1007.4
2023-02-21,S02,39.3,61.3,48.4,16.3,3.5,76.5,1.6,0.0,1004.9
2023-02-22,S02,16.8,31.6,31.5,11.4,6.5,88.6,2.9,2.4,1003.7
2023-02-23,S02,22.4,34.3,44.5,2.0,5.4,82.8,0.4,1.7,1004.7
2023-02-24,S02,31.1,,30.5,31.1,8.8,91.0,0.7,9.3,1003.3
2023-02-25,S02,39.4,56.8,61.4,12.3,7.7,84.5,1.6,0.0,1008.1
2023-02-26,S02,11.5,19.2,15.1,38.8,3.6,96.6,10.2,6.3,1002.7
2023-02-27,S02,15.2,26.3,28.2,22.1,2.6,91.4,4.3,2.7,998.4
2023-02-28,S02,17.5,33.5,65.0,2.7,-0.9,95.9,2.0,3.0,1000.0
2023-03-01,S02,69.6,103.2,58.2,2.0,-2.2,80.3,1.3,0.0,1001.9
2023-03-02,S02,55.6,82.5,54.6,2.0,-1.0,85.4,1.2,0.0,998.3
2023-03-03,S02,52.7,84.0,49.1,2.0,2.1,79.5,2.2,0.0,998.8
2023-03-04,S02,45.6,77.5,52.0,7.4,8.1,71.1,1.9,0.0,1000.0
2023-03-05,S02,33.0,48.9,42.4,12.0,3.9,78.6,2.9,0.0,1001.1
2023-03-06,S02,23.2,36.4,26.8,13.2,4.4,89.7,4.1,1.1,1004.1
2023-03-07,S02,37.1,59.6,49.6,2.0,1.7,78.4,2.9,0.0,1003.2
2023-03-08,S02,17.2,26.0,36.7,18.7,4.6,89.7,4.8,2.1,1011.1
2023-03-09,S02,21.8,39.8,54.1,20.0,4.7,83.4,2.5,0.0,1013.4
2023-03-10,S02,15.3,35.9,20.5,17.9,-0.7,95.6,8.2,0.0,1010.1
2023-03-11,S02,27.2,41.4,31.3,7.7,3.8,71.2,4.3,0.0,1011.1
2023-03-12,S02,24.3,36.3,43.6,20.2,2.8,80.2,3.4,1.0,1011.9
2023-03-13,S02,36.2,57.3,32.6,5.6,2.0,74.7,3.7,0.0,1017.0
2023-03-14,S02,46.7,74.3,29.9,18.6,0.9,81.7,2.0,0.0,1013.8
2023-03-15,S02,45.3,70.9,48.1,2.0,0.3,85.3,2.4,0.0,1016.7
2023-03-16,S02,45.5,69.4,51.4,8.1,3.1,80.1,2.7,0.0,1016.1
2023-03-17,S02,61.5,82.5,45.0,21.0,3.8,74.2,1.9,0.0,1021.5
2023-03-18,S02,39.2,59.1,55.0,2.0,4.7,93.2,1.1,12.9,1024.9
2023-03-19,S02,26.0,39.2,39.7,9.3,5.7,75.3,3.9,0.0,1023.3
2023-03-20,S02,29.7,48.4,28.8,30.6,10.5,74.9,5.4,0.0,1020.2
2023-03-21,S02,22.5,38.2,37.6,20.8,7.9,85.7,3.5,4.5,1020.8
2023-03-22,S02,32.8,56.9,53.6,32.5,5.3,65.7,2.8,0.0,1018.5
2023-03-23,S02,11.1,20.5,14.3,37.1,8.8,69.2,10.8,0.0,1024.1
2023-03-24,S02,33.5,58.6,50.6,2.8,6.7,68.3,2.0,0.0,1022.2
2023-03-25,S02,34.5,43.6,26.6,24.0,11.1,78.4,3.7,0.0,1018.8
2023-03-26,S02,15.9,42.4,21.8,39.6,10.7,74.7,6.6,0.0,1015.8
2023-03-27,S02,40.0,56.5,56.8,18.7,8.9,77.2,1.3,0.0,1010.4
2023-03-28,S02,21.0,37.3,25.9,22.3,8.5,64.0,4.4,0.0,1013.1
2023-03-29,S02,8.8,18.9,17.8,51.3,14.6,62.6,9.0,0.0,1009.8
2023-03-30,S02,21.6,36.9,52.7,52.9,17.8,69.5,3.2,0.0,1014.8
2023-03-31,S02,22.5,39.7,40.4,36.0,15.4,50.1,3.2,0.0,1009.3
2023-04-01,S02,21.5,30.3,33.2,33.8,13.6,84.2,1.9,1.5,1010.6
2023-04-02,S02,29.6,48.9,27.4,53.7,14.4,57.2,4.0,0.0,1015.6
2023-04-03,S02,26.3,47.0,41.2,17.4,11.0,74.7,1.4,0.0,1006.5
2023-04-04,S02,24.4,46.0,46.5,20.4,11.8,67.1,3.0,0.0,1015.9
2023-04-05,S02,31.1,53.0,37.2,18.4,10.7,77.7,0.8,0.0,1013.6
2023-04-06,S02,37.9,56.2,38.7,17.3,11.1,90.5,0.2,0.0,1014.0
2023-04-07,S02,32.8,51.6,49.4,2.0,8.1,61.7,1.9,0.0,1016.1
2023-04-08,S02,36.0,52.4,31.7,16.3,5.3,81.6,2.0,0.0,1018.4
2023-04-09,S02,46.3,73.9,38.8,7.0,1.0,68.4,2.2,0.0,1018.4
2023-04-10,S02,19.0,33.5,,13.2,1.9,85.5,5.3,0.0,1021.3
2023-04-11,S02,28.7,42.3,32.9,18.4,2.7,78.6,5.3,0.0,1021.7
2023-04-12,S02,23.4,40.1,29.8,18.9,4.6,89.0,3.4,6.1,1027.0
2023-04-13,S02,13.2,22.6,31.8,24.6,12.5,65.4,4.7,0.0,1026.3
2023-04-14,S02,25.2,40.4,43.7,31.3,14.0,75.7,1.7,0.0,1031.5
2023-04-15,S02,15.0,28.4,37.2,28.1,10.7,75.8,1.5,5.3,1031.4
2023-04-16,S02,25.4,41.9,45.4,16.6,12.3,76.4,3.8,0.0,1020.5
2023-04-17,S02,33.9,55.4,47.0,31.1,10.0,71.4,1.3,0.0,1029.4
2023-04-18,S02,17.5,50.0,34.9,14.9,11.1,66.5,1.4,0.0,1023.9
2023-04-19,S02,2.1,5.4,17.6,45.5,12.0,95.6,13.3,5.9,1027.7
2023-04-20,S02,9.3,15.8,30.6,35.9,13.5,72.9,3.2,0.0,1024.8
2023-04-21,S02,20.3,37.8,42.7,26.8,10.5,86.6,1.8,0.0,1026.7
2023-04-22,S02,12.4,19.8,34.4,39.5,14.9,79.6,1.8,0.0,1021.2
2023-04-23,S02,22.2,39.2,50.6,24.0,10.9,79.5,1.0,1.0,1022.1
2023-04-24,S02,12.4,23.1,30.4,28.9,12.5,70.3,3.5,0.0,1019.3
2023-04-25,S02,16.8,26.3,32.3,45.1,19.4,74.8,2.6,0.4,1024.3
2023-04-26,S02,9.8,19.6,24.9,47.0,18.0,75.8,5.7,0.0,1023.8
2023-04-27,S02,19.2,35.6,28.0,49.5,19.5,68.4,3.8,0.0,1025.4
2023-04-28,S02,32.7,54.0,43.5,41.6,19.2,67.2,2.6,0.0,1014.3
2023-04-29,S02,27.9,40.1,33.7,33.7,18.4,61.0,0.5,0.0,1013.7
2023-04-30,S02,17.7,33.5,33.5,39.2,17.9,66.3,3.0,0.0,1015.2
2023-05-01,S02,11.7,22.8,34.2,23.0,15.9,89.3,3.0,1.8,1015.6
2023-05-02,S02,25.9,43.6,43.4,32.6,13.7,68.0,0.5,0.0,1019.0
2023-05-03,S02,14.7,26.8,38.6,37.8,14.6,66.9,3.6,0.0,1016.3
2023-05-04,S02,18.7,30.7,30.6,11.7,13.4,68.1,1.2,0.0,1015.8
2023-05-05,S02,6.9,11.7,28.7,49.8,15.3,79.7,5.7,1.4,1020.0
2023-05-06,S02,,19.1,26.3,44.5,18.5,73.6,3.0,13.3,1009.5
2023-05-07,S02,14.9,30.8,33.3,32.9,18.0,73.2,2.1,1.6,1012.5
2023-05-08,S02,24.8,45.7,24.8,33.7,16.4,77.0,3.3,0.0,1011.3
2023-05-09,S02,18.8,23.4,29.7,38.0,17.6,66.1,3.6,0.0,1008.0
2023-05-10,S02,16.7,28.9,28.3,34.8,16.8,85.4,3.6,0.2,1010.3
2023-05-11,S02,11.3,21.2,34.8,,18.9,52.3,5.9,0.0,1015.8
2023-05-12,S02,10.5,17.4,34.0,47.5,13.2,88.6,3.7,4.7,1019.4
2023-05-13,S02,24.8,46.0,43.6,28.8,12.3,64.6,1.8,0.0,1017.6
2023-05-14,S02,24.1,44.9,31.7,,9.6,71.4,2.4,0.0,1020.2
2023-05-15,S02,17.5,31.4,33.1,28.2,6.9,76.7,6.1,0.0,1022.2
2023-05-16,S02,24.9,37.8,54.8,30.3,13.8,66.3,1.6,0.0,1020.0
2023-05-17,S02,24.8,41.9,36.4,34.0,16.9,50.0,3.9,0.0,1015.8
2023-05-18,S02,19.0,27.1,20.8,41.4,14.5,74.1,5.3,0.0,1012.7
2023-05-19,S02,14.6,23.7,28.3,33.9,12.2,83.2,4.4,9.3,1016.1
2023-05-20,S02,25.9,37.4,40.5,23.4,7.3,77.3,2.8,0.0,1015.3
2023-05-21,S02,26.6,54.2,32.6,22.9,8.0,69.2,3.4,0.0,1010.7
2023-05-22,S02,17.9,25.7,45.6,44.8,17.4,56.7,5.0,0.0,1004.4
2023-05-23,S02,15.7,30.3,34.5,45.0,19.5,75.4,1.8,9.0,1009.5
2023-05-24,S02,13.7,18.9,32.9,38.6,17.2,90.2,3.1,0.9,1008.0
2023-05-25,S02,5.8,15.7,14.0,58.9,18.0,68.8,10.6,0.0,1010.3
2023-05-26,S02,15.0,26.5,32.6,31.7,14.5,60.6,3.9,0.0,1015.8
2023-05-27,S02,16.0,32.5,45.3,41.5,15.0,71.5,2.8,0.0,1010.0
2023-05-28,S02,16.5,23.7,36.5,35.4,16.8,66.9,2.4,0.0,1010.4
2023-05-29,S02,27.9,40.7,38.0,38.8,17.2,74.8,1.3,0.0,1010.3
2023-05-30,S02,25.2,44.1,25.9,43.4,17.8,71.1,3.5,0.0,1012.3
2023-05-31,S02,15.1,30.7,39.8,53.5,19.5,43.7,3.7,0.0,1017.4
2023-06-01,S02,25.1,43.5,33.5,32.2,21.3,76.2,2.7,3.3,1011.2
2023-06-02,S02,3.1,7.0,9.8,75.1,18.4,75.7,14.9,3.9,1013.9
2023-06-03,S02,20.7,34.3,23.2,35.4,19.4,69.2,2.0,8.8,1017.8
2023-06-04,S02,26.1,46.6,37.7,54.0,24.3,57.4,1.6,0.0,1016.1
2023-06-05,S02,15.2,25.8,33.7,44.5,20.7,63.6,2.2,0.0,1014.9
2023-06-06,S02,13.6,21.9,22.5,33.4,17.8,56.9,3.4,0.0,1016.2
2023-06-07,S02,17.2,28.3,46.8,45.6,21.4,65.3,1.7,0.0,1017.0
2023-06-08,S02,18.4,29.1,29.5,50.9,20.7,68.2,3.3,0.0,1018.5
2023-06-09,S02,15.2,26.8,45.5,51.1,24.1,61.8,3.8,0.0,1019.6
2023-06-10,S02,9.3,18.1,36.5,51.3,21.4,58.1,5.0,0.0,1014.4
2023-06-11,S02,20.6,33.2,32.3,56.6,25.4,57.4,2.0,0.0,1018.1
2023-06-12,S02,11.4,19.4,30.7,71.0,23.7,71.7,6.7,0.0,1021.7
2023-06-13,S02,21.5,29.8,39.7,50.9,22.8,52.2,4.6,0.0,1020.7
2023-06-14,S02,21.8,40.4,,62.6,25.7,63.9,1.6,0.0,1013.2
2023-06-15,S02,14.6,22.2,31.6,50.4,23.5,61.7,1.6,0.0,1012.7
2023-06-16,S02,17.9,34.3,23.6,59.1,20.8,67.3,2.3,0.0,1013.5
2023-06-17,S02,21.4,34.5,32.7,44.1,18.8,54.4,4.0,0.0,1008.9
2023-06-18,S02,16.8,33.9,25.5,46.6,21.0,65.0,3.8,0.0,1008.2
2023-06-19,S02,10.2,18.2,31.3,34.7,16.8,69.4,4.6,0.0,1003.6
2023-06-20,S02,6.6,18.6,16.9,62.6,20.6,57.2,8.7,0.0,1007.9
2023-06-21,S02,24.7,49.1,36.5,31.8,18.8,66.6,0.6,0.0,1009.6
2023-06-22,S02,17.8,28.4,31.5,60.5,21.8,63.7,2.5,0.0,1003.7
2023-06-23,S02,7.2,18.7,,48.6,16.1,76.1,9.1,4.9,1006.9
2023-06-24,S02,22.3,41.3,25.0,37.9,15.7,74.9,4.9,0.0,1007.9
2023-06-25,S02,35.9,58.6,35.5,32.4,12.6,60.9,1.4,0.0,1011.0
2023-06-26,S02,19.3,35.3,35.4,40.3,12.7,71.5,2.9,0.0,1009.8
2023-06-27,S02,15.4,34.5,35.6,43.7,16.5,85.5,2.6,0.8,1007.3
2023-06-28,S02,19.0,36.5,28.7,49.3,17.3,75.2,2.5,0.0,1005.3
2023-06-29,S02,14.1,20.6,45.7,34.8,17.1,69.5,2.1,0.0,1004.7
2023-06-30,S02,17.2,31.5,32.1,43.4,18.6,64.6,3.2,0.0,1006.4
2023-07-01,S02,8.0,19.0,,66.6,19.5,72.8,5.8,14.1,1008.3
2023-07-02,S02,13.2,19.7,38.8,50.4,17.0,67.8,2.1,0.0,1008.5
2023-07-03,S02,17.1,28.9,27.7,58.3,20.4,67.9,5.1,0.0,1007.7
2023-07-04,S02,13.7,24.0,26.4,65.9,23.1,57.8,4.5,0.0,1007.4
2023-07-05,S02,9.6,21.3,27.2,68.7,23.7,65.3,6.3,0.0,1018.5
2023-07-06,S02,19.3,28.0,39.0,41.3,24.5,82.9,1.6,7.5,1014.3
2023-07-07,S02,14.4,23.1,40.0,52.4,24.1,61.9,3.0,0.0,1011.8
2023-07-08,S02,27.6,46.5,52.5,68.1,28.6,62.6,1.8,0.5,1025.2
2023-07-09,S02,20.7,34.8,29.8,64.5,26.1,49.8,2.8,0.0,1024.5
2023-07-10,S02,30.6,45.6,37.9,51.3,23.4,66.2,3.0,0.0,1016.7
2023-07-11,S02,21.0,40.4,45.3,53.3,20.9,63.1,1.2,0.0,1019.3
2023-07-12,S02,20.5,41.9,34.0,47.5,18.5,81.8,3.8,1.1,1014.4
2023-07-13,S02,2.8,11.0,12.6,69.7,17.2,74.8,12.0,11.6,1017.8
2023-07-14,S02,21.5,32.6,27.7,45.5,16.3,86.0,4.1,2.0,1016.0
2023-07-15,S02,20.6,35.0,36.7,39.1,16.8,77.5,1.0,10.1,1013.6
2023-07-16,S02,37.7,62.3,34.3,46.9,19.4,59.7,1.6,0.0,1019.9
2023-07-17,S02,23.8,34.9,29.2,56.9,20.0,72.5,2.7,0.6,1020.8
2023-07-18,S02,36.2,62.7,38.4,50.4,18.6,58.4,1.5,0.0,1023.1
2023-07-19,S02,9.5,29.7,21.4,54.5,21.5,89.2,6.0,1.8,1022.8
2023-07-20,S02,20.7,36.5,45.1,50.3,24.2,73.8,0.9,0.6,1019.1
2023-07-21,S02,7.7,16.4,30.6,64.0,22.5,66.2,4.0,0.0,1020.3
2023-07-22,S02,35.5,51.2,43.7,39.2,20.6,61.8,0.7,0.0,1023.7
2023-07-23,S02,,39.9,32.6,39.9,22.2,59.5,2.8,0.0,1022.1
2023-07-24,S02,12.9,28.2,39.7,37.9,21.8,62.5,1.5,0.0,1027.5
2023-07-25,S02,11.2,22.8,27.2,41.2,18.5,73.2,4.6,0.0,1028.0
2023-07-26,S02,,20.7,29.8,48.2,19.6,63.7,5.8,0.0,1025.8
2023-07-27,S02,11.6,19.0,30.5,43.3,21.1,71.0,3.1,3.6,1024.3
2023-07-28,S02,11.2,20.4,26.1,58.4,17.8,67.4,6.3,0.0,1022.6
2023-07-29,S02,23.6,42.4,34.0,36.2,18.9,67.1,0.3,0.0,1015.7
2023-07-30,S02,20.5,37.1,36.4,49.7,16.5,74.4,3.6,0.0,1014.8
2023-07-31,S02,17.7,33.3,26.7,44.6,21.7,78.7,4.2,0.4,1015.3
2023-08-01,S02,26.4,40.1,24.7,56.8,24.4,66.0,4.3,0.0,1013.2
2023-08-02,S02,37.9,55.7,34.3,47.6,22.9,66.5,0.5,0.0,1014.5
2023-08-03,S02,13.7,28.3,22.3,63.3,22.3,69.6,4.7,3.7,1014.3
2023-08-04,S02,13.1,31.1,25.5,52.9,16.0,60.5,4.8,0.0,1017.1
2023-08-05,S02,10.2,25.6,44.2,27.4,13.6,71.0,3.5,12.0,1018.9
2023-08-06,S02,26.2,45.8,35.2,41.5,15.7,58.8,1.2,0.0,1018.4
2023-08-07,S02,31.2,46.2,24.5,20.0,13.4,82.9,2.1,0.5,1011.9
2023-08-08,S02,13.1,28.1,24.2,61.0,18.8,68.7,7.0,0.0,1019.3
2023-08-09,S02,9.5,20.5,20.5,53.1,24.6,72.8,5.7,4.3,1017.4
2023-08-10,S02,18.6,31.5,34.7,51.8,19.9,51.4,4.3,0.0,1016.2
2023-08-11,S02,12.0,24.0,26.7,54.0,17.1,92.8,4.5,7.8,1014.2
2023-08-12,S02,15.4,37.5,25.3,58.4,19.3,58.3,5.3,0.0,1012.0
2023-08-13,S02,33.0,54.6,38.4,42.7,24.4,84.8,4.1,0.8,1018.4
2023-08-14,S02,13.1,26.6,29.3,48.0,19.6,57.7,5.6,0.0,1022.9
2023-08-15,S02,11.0,20.1,18.9,63.5,20.7,73.8,6.3,6.5,1022.7
2023-08-16,S02,5.5,9.7,11.3,83.3,24.3,55.9,11.7,4.6,1020.3
2023-08-17,S02,23.5,32.4,26.6,44.6,18.5,80.4,1.8,0.2,1021.3
2023-08-18,S02,21.0,32.5,62.2,11.2,15.9,69.0,2.1,15.2,1019.9
2023-08-19,S02,33.7,50.6,37.5,39.1,15.0,72.5,0.2,2.4,1017.8
2023-08-20,S02,15.1,26.3,38.0,51.8,16.8,62.2,4.1,0.0,1018.2
2023-08-21,S02,6.4,19.2,16.2,61.9,18.8,76.5,9.2,0.0,1015.4
2023-08-22,S02,7.2,13.5,17.6,60.3,19.9,81.0,7.3,1.5,1015.9
2023-08-23,S02,13.5,19.9,27.1,45.7,14.7,77.3,5.3,0.0,1016.2
2023-08-24,S02,11.6,30.3,22.2,60.9,16.6,61.8,6.5,0.0,1017.9
2023-08-25,S02,23.4,34.0,35.2,44.1,17.1,81.2,4.2,0.4,1014.5
2023-08-26,S02,25.0,37.7,42.0,40.6,19.7,55.5,2.4,0.0,1017.0
2023-08-27,S02,4.3,9.8,13.8,66.3,18.3,74.4,10.8,6.1,1012.6
2023-08-28,S02,12.0,22.2,22.8,44.4,16.8,75.5,4.0,3.3,1010.4
2023-08-29,S02,12.5,22.6,20.1,52.0,18.5,69.6,5.7,0.0,1008.8
2023-08-30,S02,20.8,33.6,27.9,27.7,19.9,70.3,0.3,0.0,1005.3
2023-08-31,S02,26.5,,41.4,44.4,20.6,68.4,0.4,0.0,1010.9
2023-09-01,S02,14.8,30.5,33.2,46.2,15.2,61.9,3.1,0.0,1007.5
2023-09-02,S02,20.8,35.8,30.9,48.1,18.0,71.9,1.6,0.0,1005.8
2023-09-03,S02,17.9,35.4,25.7,46.6,15.3,78.5,3.1,2.6,1012.2
2023-09-04,S02,26.1,39.6,35.9,36.4,16.3,64.4,2.3,0.0,1010.1
2023-09-05,S02,2.3,12.4,10.7,59.7,12.8,79.4,13.6,3.3,1009.9
2023-09-06,S02,5.9,18.3,22.7,58.3,16.5,76.7,6.5,4.6,1006.5
2023-09-07,S02,,15.5,22.6,49.3,13.2,88.7,6.6,2.2,1011.1
2023-09-08,S02,30.5,55.9,49.2,30.7,10.8,75.5,0.5,0.0,1014.9
2023-09-09,S02,11.6,22.2,23.7,37.7,14.8,70.8,5.4,0.0,1017.5
2023-09-10,S02,,21.1,31.6,32.2,15.9,75.7,2.6,5.9,1018.7
2023-09-11,S02,12.4,18.7,15.4,46.4,15.1,83.1,7.1,0.0,1017.9
2023-09-12,S02,20.7,34.5,29.6,40.0,19.0,72.1,4.2,0.0,1014.8
2023-09-13,S02,19.9,28.2,35.5,28.0,16.8,64.4,2.6,0.0,1011.2
2023-09-14,S02,16.9,25.1,39.2,38.4,16.9,77.1,1.1,2.6,1016.7
2023-09-15,S02,13.2,24.3,49.2,40.0,17.3,65.7,3.0,0.0,1019.0
2023-09-16,S02,7.4,9.9,23.1,51.0,16.1,81.3,7.1,5.1,1015.0
2023-09-17,S02,12.8,21.5,22.6,51.9,16.5,60.6,6.6,0.0,1014.8
2023-09-18,S02,9.2,16.5,40.0,20.3,14.3,86.5,2.4,5.0,1013.2
2023-09-19,S02,3.5,9.4,20.9,51.7,13.9,91.8,12.2,4.0,1008.7
2023-09-20,S02,8.5,17.6,25.8,44.4,16.2,57.4,6.1,0.0,1010.3
2023-09-21,S02,20.1,37.1,25.2,34.0,14.1,75.1,1.6,0.8,1009.1
2023-09-22,S02,23.3,41.8,48.5,5.0,8.8,85.3,1.4,1.6,1006.1
2023-09-23,S02,23.4,48.1,29.4,27.9,14.4,67.0,2.7,0.0,1001.6
2023-09-24,S02,8.2,26.7,24.4,45.0,20.7,91.5,2.4,12.7,997.6
2023-09-25,S02,12.2,15.2,42.3,50.4,17.9,78.6,4.1,0.0,999.2
2023-09-26,S02,20.7,32.6,45.7,30.4,12.2,76.9,3.4,0.0,1001.6
2023-09-27,S02,18.9,25.1,29.9,39.5,12.2,80.9,2.9,16.1,1000.4
2023-09-28,S02,18.0,39.6,37.5,22.9,11.6,68.0,0.8,0.0,1005.5
2023-09-29,S02,20.4,35.2,34.0,30.5,11.4,70.4,3.9,6.2,1006.7
2023-09-30,S02,33.0,49.4,39.9,20.3,8.1,80.6,0.8,0.0,1010.3
2023-10-01,S02,6.2,12.6,24.3,38.6,12.3,85.6,6.5,2.3,1010.1
2023-10-02,S02,21.2,30.7,38.0,22.6,13.7,91.5,0.6,2.8,1007.5
2023-10-03,S02,40.6,63.7,43.0,6.5,9.6,74.1,0.8,0.0,1009.1
2023-10-04,S02,29.2,39.5,30.7,23.0,11.8,68.1,1.7,0.0,1004.8
2023-10-05,S02,22.5,37.8,41.7,45.4,17.8,66.1,2.5,0.0,1008.6
2023-10-06,S02,25.9,48.5,46.8,43.2,16.1,76.7,2.1,0.0,1005.7
2023-10-07,S02,24.8,58.0,35.8,,14.1,60.6,2.4,0.0,1010.9
2023-10-08,S02,14.1,37.3,33.8,18.7,13.0,73.5,3.3,0.0,1009.9
2023-10-09,S02,30.3,49.2,44.6,36.7,14.4,67.3,1.6,0.0,1014.8
2023-10-10,S02,21.0,30.4,35.3,24.6,8.4,67.0,3.8,0.0,1010.0
2023-10-11,S02,58.7,72.4,68.1,2.0,10.4,63.2,0.3,0.0,1007.9
2023-10-12,S02,45.9,83.6,33.5,2.0,9.0,73.8,1.5,0.0,1010.4
2023-10-13,S02,77.8,125.2,50.7,17.9,14.1,78.3,0.8,0.0,1015.6
2023-10-14,S02,21.1,40.1,26.2,36.1,13.3,83.7,5.6,0.0,1021.8
2023-10-15,S02,19.4,33.9,30.1,27.2,15.8,84.6,1.9,5.4,1020.2
2023-10-16,S02,25.5,42.6,47.4,35.8,12.2,83.8,4.6,0.0,1026.1
2023-10-17,S02,39.0,62.9,72.3,10.6,12.8,75.9,0.5,0.0,1022.3
2023-10-18,S02,,27.2,23.4,40.2,11.9,75.8,6.8,0.0,1024.8
2023-10-19,S02,10.5,20.3,41.0,43.6,10.4,72.6,2.8,0.0,1018.7
2023-10-20,S02,12.7,25.3,33.1,27.9,10.3,68.8,3.1,0.0,1019.2
2023-10-21,S02,23.3,40.8,40.7,25.4,13.1,68.2,0.8,0.0,1008.6
2023-10-22,S02,28.7,45.2,34.0,24.9,11.5,59.1,1.3,0.0,1005.0
2023-10-23,S02,12.5,22.8,32.8,23.9,7.0,96.5,2.2,11.4,1008.5
2023-10-24,S02,32.0,46.5,65.7,13.5,7.1,76.2,1.5,0.0,1004.1
2023-10-25,S02,15.8,32.1,30.9,14.8,5.5,73.7,5.5,0.0,1007.6
2023-10-26,S02,33.2,49.7,40.4,12.2,5.6,82.4,3.0,0.8,1012.3
2023-10-27,S02,43.8,72.3,40.0,7.6,5.9,85.2,1.3,0.5,1010.4
2023-10-28,S02,26.2,44.6,36.4,10.4,1.7,100.0,5.0,0.7,1007.1
2023-10-29,S02,57.6,93.2,34.2,19.7,0.2,91.3,2.4,0.0,1006.4
2023-10-30,S02,31.9,42.3,29.3,24.3,4.3,69.7,4.8,0.0,1003.8
2023-10-31,S02,42.3,64.2,36.3,10.2,3.8,77.6,1.9,0.0,1005.3
2023-11-01,S02,38.7,60.3,51.6,9.6,-2.2,75.6,4.3,0.0,1007.2
2023-11-02,S02,28.2,44.1,31.4,14.1,3.5,87.7,2.5,0.0,1007.1
2023-11-03,S02,17.9,33.4,24.7,9.9,4.8,81.6,5.6,0.0,1015.0
2023-11-04,S02,43.9,69.1,35.4,19.6,2.7,74.3,0.6,0.0,1011.7
2023-11-05,S02,43.8,69.2,43.1,2.4,1.9,81.3,1.1,0.0,1017.6
2023-11-06,S02,36.6,63.1,38.9,2.0,4.6,72.7,2.5,0.0,1012.5
2023-11-07,S02,31.3,44.7,54.0,2.0,7.3,84.8,1.7,0.0,1012.9
2023-11-08,S02,17.3,21.3,37.4,37.8,12.9,72.1,1.9,0.0,1017.6
2023-11-09,S02,7.9,10.4,27.1,22.0,11.4,74.6,5.0,0.0,1021.2
2023-11-10,S02,20.8,30.2,41.5,35.6,11.1,55.9,2.3,0.0,1017.9
2023-11-11,S02,19.6,33.0,31.2,29.2,10.1,69.9,3.8,0.0,1019.1
2023-11-12,S02,28.7,47.6,68.6,21.2,10.5,98.5,1.6,5.0,1019.6
2023-11-13,S02,60.2,78.3,42.0,17.6,10.3,82.6,0.5,0.0,1016.1
2023-11-14,S02,13.5,21.4,32.2,40.6,13.4,72.2,4.6,7.6,1018.0
2023-11-15,S02,13.3,20.9,26.3,38.4,8.7,66.6,8.3,0.0,1024.4
2023-11-16,S02,26.2,42.4,33.4,20.1,6.8,67.9,3.4,0.0,1024.0
2023-11-17,S02,29.4,52.5,40.5,5.3,4.3,84.4,3.4,0.0,1024.1
2023-11-18,S02,22.6,33.7,34.1,21.8,5.9,75.6,3.5,0.0,1024.6
2023-11-19,S02,8.4,27.6,26.5,20.7,9.7,83.2,6.9,11.4,1016.4
2023-11-20,S02,34.0,58.7,36.2,29.0,7.1,70.4,3.9,0.0,1017.6
2023-11-21,S02,19.0,43.9,30.2,24.4,5.4,59.3,5.5,0.0,1012.6
2023-11-22,S02,23.9,35.4,28.0,24.0,5.0,71.4,4.4,0.0,1010.3
2023-11-23,S02,9.6,20.3,44.4,2.0,4.9,87.9,5.8,2.1,1019.5
2023-11-24,S02,15.1,32.4,45.3,,6.4,90.9,2.8,10.0,1017.2
2023-11-25,S02,45.7,80.4,34.4,2.0,0.6,73.0,2.1,0.0,1013.4
2023-11-26,S02,24.5,38.2,35.7,12.9,-0.3,79.9,4.2,0.0,1017.9
2023-11-27,S02,17.8,27.4,,2.5,-1.6,89.9,5.6,0.0,1013.1
2023-11-28,S02,17.0,24.9,41.1,18.2,-6.3,89.7,6.1,1.9,1011.3
2023-11-29,S02,17.0,34.9,28.3,5.9,-4.7,86.9,8.0,0.0,1016.7
2023-11-30,S02,27.2,47.6,39.6,2.0,-4.7,87.8,4.7,0.0,1016.1
2023-12-01,S02,29.4,47.0,43.3,2.0,-3.1,100.0,1.9,1.6,1009.2
2023-12-02,S02,43.9,61.9,39.7,2.0,2.2,74.9,3.0,0.0,1012.2
2023-12-03,S02,41.2,87.9,50.1,2.0,1.3,78.7,3.0,0.0,1010.7
2023-12-04,S02,69.1,102.7,54.3,6.9,-1.2,86.6,3.1,0.0,1017.4
2023-12-05,S02,49.5,76.2,45.2,9.2,-0.5,72.0,4.4,0.0,1014.1
2023-12-06,S02,61.4,96.6,31.8,16.4,3.3,78.7,2.5,0.0,1018.1
2023-12-07,S02,31.7,40.8,42.1,16.0,1.0,78.1,2.8,0.0,1024.1
2023-12-08,S02,15.9,21.1,23.5,25.3,-0.4,96.7,9.8,0.2,1018.5
2023-12-09,S02,29.2,43.2,37.5,2.0,1.3,99.1,2.9,1.9,1016.6
2023-12-10,S02,8.7,15.5,22.8,23.6,1.6,98.1,6.0,1.1,1017.5
2023-12-11,S02,9.8,16.8,24.3,10.7,2.8,71.6,5.8,0.0,1013.1
2023-12-12,S02,27.7,40.7,53.0,3.3,2.2,78.0,3.7,0.0,1014.2
2023-12-13,S02,26.2,41.6,34.5,11.2,3.4,97.0,2.4,0.7,1013.1
2023-12-14,S02,27.5,47.6,49.4,2.0,0.5,89.8,1.8,0.3,1012.1
2023-12-15,S02,45.0,64.8,52.3,2.0,0.4,78.9,0.8,0.0,1012.4
2023-12-16,S02,23.1,37.1,37.0,3.0,1.7,77.2,4.1,0.0,1012.8
2023-12-17,S02,22.2,35.5,39.4,2.1,-1.9,79.9,3.7,0.0,1013.5
2023-12-18,S02,16.8,26.9,44.6,2.0,-5.0,80.5,5.1,0.0,1011.0
2023-12-19,S02,34.5,55.7,48.7,8.5,-0.5,90.1,2.1,0.0,1009.2
2023-12-20,S02,7.4,24.7,20.2,29.2,-2.1,78.4,9.8,0.0,1009.5
2023-12-21,S02,18.3,28.6,41.7,2.0,-3.3,87.2,4.1,0.0,1010.0
2023-12-22,S02,14.3,23.3,33.9,4.5,-1.1,80.7,3.2,0.0,1008.9
2023-12-23,S02,25.8,43.6,60.6,10.0,1.6,72.2,0.4,0.0,1011.0
2023-12-24,S02,29.4,44.7,40.9,2.0,-3.0,89.5,2.8,0.0,1004.1
2023-12-25,S02,18.4,35.6,33.3,2.0,-6.0,98.5,5.4,12.9,1003.0
2023-12-26,S02,19.6,38.1,37.3,7.2,-5.9,87.7,6.5,0.0,1003.9
2023-12-27,S02,39.3,64.8,37.8,4.2,0.0,84.3,3.7,0.0,1002.3
2023-12-28,S02,15.2,31.3,22.9,31.3,0.5,81.7,8.7,0.0,1010.9
2023-12-29,S02,64.7,120.3,61.8,2.0,2.3,79.8,1.5,0.0,1011.4
2023-12-30,S02,29.2,44.2,32.3,,-0.9,76.2,4.2,0.0,1012.4
2023-12-31,S02,19.6,41.7,47.5,3.0,-3.7,90.8,3.7,0.0,1010.6
2024-01-01,S02,24.3,43.2,49.1,2.9,-1.0,76.6,3.9,0.0,1011.0
2024-01-02,S02,26.8,53.6,53.3,2.2,-0.3,88.8,3.4,0.0,1006.6
2024-01-03,S02,20.9,39.4,57.3,2.0,2.2,79.6,4.3,0.0,1007.2
2024-01-04,S02,24.7,35.5,44.1,2.0,0.9,87.5,1.5,5.8,1004.6
2024-01-05,S02,10.7,14.6,22.0,30.4,2.5,85.8,7.8,0.0,1005.2
2024-01-06,S02,16.7,27.8,37.6,5.8,0.4,78.3,6.1,0.0,996.5
2024-01-07,S02,21.1,31.0,46.9,15.0,2.5,75.1,3.8,0.0,995.3
2024-01-08,S02,18.9,36.2,25.6,24.8,4.2,81.1,6.1,0.0,1004.7
2024-01-09,S02,15.3,25.6,29.8,14.9,-0.1,85.8,7.8,0.0,1009.7
2024-01-10,S02,35.9,51.3,71.2,2.0,-6.1,83.6,4.5,0.0,1015.6
2024-01-11,S02,10.9,18.8,23.3,15.0,-2.3,81.9,9.8,0.0,1020.6
2024-01-12,S02,16.3,36.2,42.6,9.0,1.9,80.0,4.8,0.0,1021.8
2024-01-13,S02,35.9,54.8,72.7,2.0,-1.6,86.3,1.3,0.0,1018.2
2024-01-14,S02,21.4,34.4,73.0,2.0,-5.9,95.8,3.7,2.1,1013.0
2024-01-15,S02,18.3,41.2,35.0,13.5,-2.2,97.3,6.0,0.0,1017.6
2024-01-16,S02,19.9,34.3,37.5,2.0,0.0,81.6,7.1,0.0,1017.0
2024-01-17,S02,34.9,52.9,32.6,24.2,4.9,74.5,3.6,0.0,1026.1
2024-01-18,S02,41.4,65.3,47.2,9.9,4.8,73.8,1.5,0.0,1022.0
2024-01-19,S02,39.4,57.6,41.6,12.0,2.5,69.6,2.2,0.0,1028.1
2024-01-20,S02,70.0,104.2,36.4,19.6,-0.6,76.7,1.2,0.0,1024.5
2024-01-21,S02,31.0,46.9,26.2,7.5,-0.1,79.9,4.9,0.0,1027.5
2024-01-22,S02,29.8,43.8,52.0,2.0,-0.3,89.1,2.2,0.0,1031.4
2024-01-23,S02,42.2,63.9,54.3,2.0,-2.0,79.5,2.0,0.0,1023.6
2024-01-24,S02,19.1,36.8,25.2,24.5,3.9,88.6,5.8,0.6,1019.6
2024-01-25,S02,13.3,25.2,32.4,36.5,6.5,85.1,8.1,0.0,1014.1
2024-01-26,S02,30.3,54.7,,16.8,8.6,84.0,1.9,0.0,1009.0
2024-01-27,S02,12.8,18.7,42.6,5.2,3.8,89.4,3.2,0.0,1012.5
2024-01-28,S02,12.9,25.4,38.5,2.0,4.6,69.1,2.7,0.0,1011.8
2024-01-29,S02,6.4,14.2,25.1,18.0,5.4,74.9,7.9,0.0,1012.2
2024-01-30,S02,19.7,50.5,49.0,9.4,5.4,85.5,2.8,0.0,1014.6
2024-01-31,S02,26.1,37.3,53.7,10.9,7.1,90.7,1.3,5.1,1006.9
2024-02-01,S02,25.5,46.7,44.6,34.2,7.1,74.9,3.1,0.0,1013.2
2024-02-02,S02,15.7,28.1,31.7,12.9,6.6,83.1,6.3,0.0,1011.8
2024-02-03,S02,12.9,19.6,30.5,24.8,7.9,94.3,2.7,3.5,1014.2
2024-02-04,S02,23.9,37.1,57.2,2.1,5.1,83.7,1.8,6.2,1016.4
2024-02-05,S02,29.0,52.1,37.7,6.4,0.5,81.0,2.3,0.0,1021.2
2024-02-06,S02,56.0,80.0,48.7,2.0,1.0,85.2,1.6,0.0,1019.2
2024-02-07,S02,64.8,99.1,42.9,11.0,-0.0,73.1,2.5,0.0,1009.4
2024-02-08,S02,67.2,102.3,54.5,2.0,-3.3,97.9,2.0,2.2,1010.4
2024-02-09,S02,22.0,43.8,20.3,27.4,3.2,74.5,9.2,0.0,1011.7
2024-02-10,S02,59.6,92.3,48.3,22.5,6.7,66.5,0.6,0.0,1007.8
2024-02-11,S02,42.2,61.3,60.4,19.0,8.1,70.5,1.7,0.0,1009.4
2024-02-12,S02,44.1,62.5,33.3,28.9,6.8,77.9,2.0,0.0,1008.7
2024-02-13,S02,25.0,37.2,43.6,18.6,9.2,82.0,1.5,6.7,1004.2
2024-02-14,S02,19.7,35.1,30.4,,6.3,72.1,3.4,0.0,1008.6
2024-02-15,S02,18.6,34.7,51.0,7.0,7.1,91.1,1.7,6.8,1007.3
2024-02-16,S02,29.2,41.3,44.6,2.0,2.8,73.9,0.9,0.0,1006.8
2024-02-17,S02,23.2,29.6,40.8,30.4,4.3,95.4,3.1,2.5,1006.2
2024-02-18,S02,26.4,40.6,33.2,4.7,4.1,83.5,2.5,0.0,1012.5
2024-02-19,S02,31.3,42.4,63.5,2.0,-0.3,80.5,1.9,0.0,1012.4
2024-02-20,S02,21.7,39.2,27.9,2.0,0.2,77.6,7.6,0.0,1012.9
2024-02-21,S02,53.6,69.3,42.2,2.0,-0.2,82.6,3.7,0.0,1011.1
2024-02-22,S02,28.3,42.1,43.0,9.5,6.0,64.3,3.8,0.0,1013.3
2024-02-23,S02,18.9,40.7,25.6,22.5,8.4,91.9,4.4,3.3,1018.7
2024-02-24,S02,14.5,25.3,32.6,22.1,5.9,100.0,3.8,1.1,1020.1
2024-02-25,S02,38.7,56.6,43.0,19.1,6.0,76.6,2.6,0.0,1021.5
2024-02-26,S02,51.1,80.5,31.6,6.6,5.1,74.0,1.9,0.0,1022.2
2024-02-27,S02,31.8,67.0,28.2,11.0,4.6,79.0,3.3,0.0,1014.8
2024-02-28,S02,40.7,56.3,37.0,17.7,2.2,90.5,2.7,0.0,1011.0
2024-02-29,S02,53.2,91.1,43.7,14.5,1.1,88.2,0.6,0.0,1010.5
2024-03-01,S02,56.8,88.5,48.2,9.1,0.0,67.3,1.3,0.0,1008.1
2024-03-02,S02,43.0,60.0,53.5,2.0,-0.6,82.2,2.1,0.0,1004.8
2024-03-03,S02,21.3,40.0,38.1,23.6,2.0,99.1,5.6,0.0,999.0
2024-03-04,S02,26.7,38.8,57.4,22.4,3.3,82.7,3.4,0.0,996.4
2024-03-05,S02,30.1,45.7,50.6,2.0,0.2,74.7,1.5,0.0,998.7
2024-03-06,S02,44.6,73.3,53.3,6.5,-0.0,79.6,1.3,0.0,1001.3
2024-03-07,S02,12.7,34.5,27.4,26.9,4.9,69.6,6.8,0.0,1000.5
2024-03-08,S02,18.3,30.4,43.4,14.6,7.3,83.7,2.5,0.0,1003.3
2024-03-09,S02,21.4,47.8,53.5,15.5,9.5,68.7,0.2,0.0,1003.5
2024-03-10,S02,8.3,16.2,48.7,19.1,7.0,85.3,2.6,5.4,1009.8
2024-03-11,S02,15.4,30.9,43.3,25.4,5.2,71.3,4.1,0.0,1009.8
2024-03-12,S02,34.4,59.2,54.1,12.8,3.1,74.1,1.4,0.0,1013.2
2024-03-13,S02,19.0,33.2,54.7,2.0,4.5,89.4,3.1,0.0,1014.0
2024-03-14,S02,30.9,50.7,39.0,12.9,6.5,78.5,3.1,0.0,1008.2
2024-03-15,S02,18.1,51.3,39.4,21.4,9.8,81.0,1.2,1.3,1008.8
2024-03-16,S02,9.1,21.2,24.0,49.0,10.6,74.7,6.3,9.0,1004.7
2024-03-17,S02,15.1,39.1,35.5,3.9,9.8,74.6,3.2,6.1,1005.9
2024-03-18,S02,40.5,62.8,33.8,10.3,5.0,67.9,2.6,0.0,1004.3
2024-03-19,S02,25.8,44.0,37.7,2.0,5.1,88.6,2.4,0.5,1007.6
2024-03-20,S02,48.4,74.9,38.4,2.9,6.5,79.5,1.0,0.0,1003.3
2024-03-21,S02,52.4,97.3,51.7,16.8,5.6,70.6,1.1,0.0,1005.3
2024-03-22,S02,38.9,63.5,46.9,7.5,5.3,86.6,2.2,0.0,1009.1
2024-03-23,S02,38.1,78.0,30.0,2.0,6.1,82.9,2.2,12.9,1013.5
2024-03-24,S02,31.9,54.0,36.4,13.9,5.2,80.0,2.7,0.0,1010.4
2024-03-25,S02,16.5,41.4,39.1,38.9,5.0,83.8,7.0,18.9,1011.0
2024-03-26,S02,18.9,29.1,38.5,5.5,6.0,79.3,4.6,0.0,1012.1
2024-03-27,S02,34.8,55.1,55.9,11.0,5.5,96.9,0.6,1.7,1018.5
2024-03-28,S02,12.8,31.0,26.8,40.6,7.8,77.2,5.3,3.4,1011.5
2024-03-29,S02,18.4,37.9,44.4,17.9,8.4,83.2,2.0,1.4,1008.1
2024-03-30,S02,30.1,53.0,34.9,33.8,4.9,86.6,4.4,0.0,1020.3
2024-03-31,S02,31.1,45.0,36.3,10.5,5.8,80.4,2.3,3.7,1017.8
2024-04-01,S02,23.6,33.6,34.3,36.9,9.9,72.2,2.8,0.0,1009.2
2024-04-02,S02,49.5,67.2,43.4,22.1,6.2,80.5,1.1,0.0,1007.7
2024-04-03,S02,21.0,35.0,29.7,10.5,1.1,78.0,3.7,0.0,997.7
2024-04-04,S02,7.8,16.5,26.8,2.0,0.4,97.1,5.2,6.6,1001.7
2024-04-05,S02,24.8,39.4,50.3,2.0,2.5,97.9,0.8,0.2,1007.2
2024-04-06,S02,19.5,31.5,27.8,,4.5,88.7,5.1,0.0,1004.7
2024-04-07,S02,30.1,48.7,42.0,19.5,6.7,84.7,1.7,0.9,1004.5
2024-04-08,S02,7.4,11.2,14.3,48.9,11.0,69.2,9.1,0.0,1009.9
2024-04-09,S02,19.1,32.4,40.6,15.5,3.5,72.9,4.8,0.0,1003.5
2024-04-10,S02,20.8,28.4,48.7,19.8,7.4,84.1,4.9,0.0,1000.1
2024-04-11,S02,18.0,25.0,44.5,39.6,13.0,75.5,2.6,4.0,1001.8
2024-04-12,S02,3.8,7.4,18.4,50.1,9.6,70.5,12.3,0.0,1001.0
2024-04-13,S02,19.4,31.7,46.3,15.3,9.3,89.5,2.2,0.4,1002.2
2024-04-14,S02,34.3,58.4,47.6,16.1,7.8,71.3,1.4,0.0,999.3
2024-04-15,S02,13.4,,45.3,29.9,6.3,90.8,1.8,7.4,1002.9
2024-04-16,S02,9.5,20.9,24.3,33.7,7.3,89.1,5.8,0.0,1004.3
2024-04-17,S02,14.7,27.4,38.1,28.1,12.5,70.4,3.6,0.0,1008.3
2024-04-18,S02,10.9,18.9,37.5,37.5,16.2,75.1,3.2,6.5,1010.0
2024-04-19,S02,12.0,18.7,33.1,37.2,14.3,87.8,2.4,15.4,1011.4
2024-04-20,S02,14.6,23.5,39.2,36.4,18.0,68.8,2.5,0.0,1006.0
2024-04-21,S02,15.0,25.8,32.7,34.3,17.1,86.8,1.9,9.5,1009.3
2024-04-22,S02,7.0,16.8,24.9,52.0,20.2,76.6,4.7,2.2,1008.8
2024-04-23,S02,17.4,37.2,40.5,50.8,17.5,65.8,2.7,0.0,1008.9
2024-04-24,S02,31.4,54.4,41.3,42.4,17.2,55.1,1.8,0.0,1013.9
2024-04-25,S02,9.1,16.6,25.8,41.4,16.1,66.7,5.2,0.9,1010.9
2024-04-26,S02,23.6,41.1,36.1,56.2,23.3,51.6,1.6,0.0,1016.7
2024-04-27,S02,9.9,22.7,33.3,53.5,23.2,76.6,3.4,34.6,1021.7
2024-04-28,S02,29.5,45.5,29.6,42.7,18.8,57.7,0.6,0.0,1023.0
2024-04-29,S02,28.3,42.8,35.5,41.8,19.1,85.8,1.0,14.3,1017.1
2024-04-30,S02,24.0,32.6,28.2,23.4,17.2,68.7,2.2,0.0,1007.5
2024-05-01,S02,26.5,47.5,36.7,8.7,14.6,67.0,2.2,0.0,1012.9
2024-05-02,S02,11.8,18.8,46.2,37.0,17.1,71.8,2.0,12.2,1013.4
2024-05-03,S02,10.1,19.0,31.2,36.5,16.6,82.0,4.7,5.2,1010.3
2024-05-04,S02,11.5,15.3,25.5,32.6,17.0,63.7,4.7,0.0,1015.6
2024-05-05,S02,19.9,40.6,27.7,35.0,16.5,62.1,3.5,0.0,1011.6
2024-05-06,S02,18.9,35.6,33.7,44.3,17.0,73.4,1.5,0.0,1010.2
2024-05-07,S02,18.3,27.0,53.0,36.9,16.9,67.4,2.5,0.0,1012.8
2024-05-08,S02,10.4,21.7,18.9,53.3,12.3,71.0,9.4,0.0,1008.4
2024-05-09,S02,5.3,15.5,15.8,60.3,15.1,72.3,11.0,0.0,1008.9
2024-05-10,S02,12.4,35.8,17.9,33.7,13.1,72.2,5.4,0.0,1014.1
2024-05-11,S02,40.0,56.9,34.5,28.4,9.8,76.8,1.4,0.0,1014.7
2024-05-12,S02,21.6,37.8,36.0,34.3,12.3,65.8,2.8,0.0,1019.4
2024-05-13,S02,21.2,31.8,30.4,32.3,12.7,96.4,3.5,3.1,1022.6
2024-05-14,S02,25.5,41.4,36.1,30.9,12.4,67.5,3.1,0.0,1020.7
2024-05-15,S02,10.7,29.9,26.5,51.0,15.8,89.9,5.6,4.6,1009.8
2024-05-16,S02,8.8,22.2,31.8,29.6,12.2,77.0,5.3,2.5,1006.0
2024-05-17,S02,27.8,40.3,28.4,38.7,12.9,73.2,1.4,0.0,1010.5
2024-05-18,S02,27.5,39.0,31.3,34.9,12.9,73.1,1.9,0.0,1004.8
2024-05-19,S02,17.4,34.7,27.3,38.4,13.1,87.8,5.2,0.4,1005.1
2024-05-20,S02,7.3,14.9,20.2,60.5,15.6,75.4,6.8,1.1,1008.1
2024-05-21,S02,,21.0,31.7,22.8,12.9,76.5,3.4,0.0,1014.9
2024-05-22,S02,8.0,19.6,20.8,51.3,17.8,79.0,8.0,0.0,1012.2
2024-05-23,S02,21.9,41.9,28.7,36.8,17.4,76.1,3.1,2.4,1009.8
2024-05-24,S02,29.5,50.2,43.4,28.7,12.8,84.2,1.3,1.3,1010.2
2024-05-25,S02,40.0,57.3,35.6,37.3,9.6,73.7,4.6,0.0,1012.2
2024-05-26,S02,6.2,11.0,11.5,51.3,12.4,68.4,14.4,0.0,1011.7
2024-05-27,S02,52.0,80.0,48.2,52.8,13.9,91.0,1.1,0.8,1016.2
2024-05-28,S02,14.6,39.3,13.6,43.5,13.9,61.7,7.9,0.0,1012.4
2024-05-29,S02,31.4,46.7,28.7,44.0,16.5,62.7,3.4,0.0,1013.0
2024-05-30,S02,41.6,67.1,44.1,37.4,17.9,75.6,2.1,0.0,1014.8
2024-05-31,S02,38.7,52.6,35.9,,20.1,65.0,0.6,0.0,1012.8
2024-06-01,S02,33.7,59.4,35.9,27.8,16.9,77.0,0.3,0.0,1016.2
2024-06-02,S02,28.1,40.8,37.7,37.9,13.2,68.4,2.0,0.0,1016.2
2024-06-03,S02,28.0,46.1,31.5,27.4,12.7,73.5,4.1,0.0,1018.7
2024-06-04,S02,10.1,14.8,23.5,31.7,16.1,67.3,5.5,0.0,1018.3
2024-06-05,S02,6.4,15.2,37.0,43.1,20.7,66.1,5.7,0.0,1018.8
2024-06-06,S02,10.4,24.4,34.8,56.2,19.2,53.1,3.2,0.0,1015.1
2024-06-07,S02,7.9,17.9,26.8,,12.8,73.8,3.9,0.0,1012.1
2024-06-08,S02,14.8,28.0,28.1,13.8,11.6,71.2,2.6,0.0,1017.2
2024-06-09,S02,18.4,27.0,35.0,38.0,11.8,68.3,4.0,0.0,1018.9
2024-06-10,S02,24.7,42.2,32.9,12.8,12.3,68.9,1.9,0.0,1013.6
2024-06-11,S02,12.8,32.4,62.0,24.9,14.9,77.5,1.2,7.8,1014.2
2024-06-12,S02,7.9,14.7,35.3,27.3,15.2,88.5,3.4,2.7,1004.5
2024-06-13,S02,14.2,25.8,33.4,46.8,15.6,60.5,4.2,0.0,1003.9
2024-06-14,S02,,59.2,43.5,43.8,19.9,65.0,0.9,0.0,1009.6
2024-06-15,S02,18.2,39.6,46.6,45.0,18.2,78.2,2.0,0.0,1009.7
2024-06-16,S02,13.7,19.6,20.7,40.7,16.8,75.6,3.1,0.0,1010.9
2024-06-17,S02,,17.0,25.8,46.3,19.6,67.4,3.3,1.3,999.2
2024-06-18,S02,11.1,18.6,38.6,25.8,15.8,65.6,3.7,0.0,1000.4
2024-06-19,S02,8.7,16.0,27.9,45.5,18.3,66.3,7.9,0.0,1004.3
2024-06-20,S02,26.9,42.0,34.3,46.8,19.3,77.2,0.3,0.9,1007.9
2024-06-21,S02,6.9,14.2,12.6,63.1,18.2,58.2,9.2,0.0,1012.8
2024-06-22,S02,5.4,21.5,18.8,69.0,23.0,78.9,9.2,2.1,1012.0
2024-06-23,S02,12.6,25.5,27.4,66.2,21.2,64.2,6.0,0.0,1011.5
2024-06-24,S02,10.7,17.8,33.2,48.7,26.0,85.2,3.4,6.4,1006.5
2024-06-25,S02,21.9,34.1,36.7,57.4,24.1,59.0,2.0,0.0,1007.0
2024-06-26,S02,10.4,22.9,17.9,47.4,20.8,71.1,5.6,0.0,1003.1
2024-06-27,S02,10.3,24.8,28.8,61.9,20.6,71.4,3.8,6.6,997.7
2024-06-28,S02,22.9,30.9,34.0,44.1,17.4,69.4,2.4,3.4,996.4
2024-06-29,S02,12.9,24.1,24.6,53.7,16.8,82.6,5.0,18.0,1005.8
2024-06-30,S02,14.8,33.1,18.2,49.4,20.3,74.0,5.3,0.0,1006.1
2024-07-01,S02,16.4,26.8,27.0,76.2,22.1,57.5,6.4,0.0,1008.4
2024-07-02,S02,35.2,51.6,45.2,57.0,20.1,64.5,1.8,0.0,1007.3
2024-07-03,S02,12.4,20.4,20.4,63.6,22.0,53.8,6.4,0.0,1001.2
2024-07-04,S02,38.1,59.3,34.5,64.8,25.4,59.8,2.4,0.0,1007.3
2024-07-05,S02,18.9,35.5,28.4,62.2,27.9,65.8,3.7,0.0,999.8
2024-07-06,S02,38.7,60.6,27.8,53.6,27.2,58.3,3.9,0.0,1000.2
2024-07-07,S02,25.0,44.8,28.4,76.3,28.6,56.2,5.7,0.0,1002.5
2024-07-08,S02,15.7,23.0,31.3,,21.8,58.7,4.8,0.0,1005.6
2024-07-09,S02,19.6,26.9,43.6,54.6,20.7,60.8,2.6,0.0,1004.1
2024-07-10,S02,50.5,68.0,53.9,41.0,18.4,77.9,0.4,0.0,998.6
2024-07-11,S02,13.6,29.0,28.4,53.4,20.7,75.1,4.3,1.4,998.2
2024-07-12,S02,14.6,35.8,57.0,41.5,19.5,75.0,3.4,8.1,998.2
2024-07-13,S02,32.0,49.1,55.8,43.0,19.2,63.8,1.0,0.0,998.1
2024-07-14,S02,19.1,35.1,27.7,60.8,24.9,45.9,3.6,0.0,1004.9
2024-07-15,S02,22.4,33.9,35.5,48.8,23.5,59.4,2.7,0.0,1001.7
2024-07-16,S02,8.0,26.2,15.1,56.6,25.0,69.9,7.0,0.0,1005.2
2024-07-17,S02,8.9,22.8,19.7,74.0,23.0,61.1,8.4,0.0,1007.4
2024-07-18,S02,11.2,22.0,34.2,60.8,22.8,73.0,6.2,0.0,1012.3
2024-07-19,S02,11.6,22.6,59.0,66.0,22.1,75.4,2.9,15.2,1011.9
2024-07-20,S02,22.9,41.9,32.4,51.5,22.8,60.4,3.1,0.0,1015.3
2024-07-21,S02,24.4,34.8,40.4,56.8,26.1,75.1,1.8,0.0,1014.2
2024-07-22,S02,19.7,33.1,42.9,61.3,28.7,41.0,1.8,0.0,1015.7
2024-07-23,S02,12.0,16.3,51.6,59.4,26.6,59.8,2.7,0.0,1009.1
2024-07-24,S02,18.0,29.8,29.8,51.8,27.0,58.1,2.3,0.0,999.3
2024-07-25,S02,18.8,31.3,68.8,38.3,22.7,73.6,1.2,0.0,1003.6
2024-07-26,S02,3.9,11.7,19.0,67.8,20.7,69.8,8.1,0.0,1007.2
2024-07-27,S02,9.5,14.9,18.6,61.3,23.4,55.7,6.6,0.0,1010.3
2024-07-28,S02,6.4,20.2,22.4,72.9,25.4,69.3,6.4,0.0,1008.7
2024-07-29,S02,9.9,22.7,17.7,67.6,23.5,59.4,7.8,0.0,1015.5
2024-07-30,S02,4.1,9.5,17.0,78.3,24.8,64.8,10.6,1.1,1013.2
2024-07-31,S02,14.2,28.6,27.5,,25.3,77.2,1.7,11.7,1014.8
2024-08-01,S02,6.0,8.8,,78.8,27.4,59.8,10.7,0.0,1016.8
2024-08-02,S02,15.8,22.5,40.5,,26.2,84.5,2.5,0.5,1022.9
2024-08-03,S02,10.2,19.6,39.6,53.7,24.3,66.1,4.3,0.0,1019.7
2024-08-04,S02,20.5,32.9,47.8,38.7,23.5,62.3,0.8,0.0,1015.7
2024-08-05,S02,15.4,32.9,49.5,13.3,15.1,69.3,2.0,0.0,1009.2
2024-08-06,S02,10.6,23.2,23.0,47.5,17.2,82.6,5.6,0.3,1016.2
2024-08-07,S02,18.2,40.5,36.1,28.0,9.3,79.2,4.2,0.0,1017.2
2024-08-08,S02,8.8,13.9,26.0,32.4,8.8,94.3,2.3,3.1,1018.2
2024-08-09,S02,10.6,19.3,33.4,24.4,13.5,73.1,3.1,0.0,1029.6
2024-08-10,S02,18.9,26.9,39.5,36.8,16.6,63.6,2.2,0.0,1027.6
2024-08-11,S02,6.7,16.7,28.2,51.9,14.9,88.5,5.7,7.5,1019.5
2024-08-12,S02,6.1,10.2,15.9,45.0,15.1,78.5,7.4,2.1,1017.4
2024-08-13,S02,18.4,30.5,35.4,46.6,19.6,75.9,1.7,6.0,1012.6
2024-08-14,S02,38.7,52.5,33.5,56.2,19.1,78.1,2.5,0.0,1011.1
2024-08-15,S02,47.4,73.0,38.3,33.9,24.1,68.9,0.8,0.0,1009.9
2024-08-16,S02,10.3,18.0,36.9,54.5,23.0,72.5,3.5,10.9,1008.2
2024-08-17,S02,11.3,17.1,27.8,65.3,22.8,72.1,4.5,0.0,1003.5
2024-08-18,S02,16.8,36.2,31.8,58.0,26.4,70.5,3.8,0.0,1011.8
2024-08-19,S02,12.2,29.6,28.0,67.9,23.8,77.3,3.9,9.7,1013.2
2024-08-20,S02,18.6,33.3,42.5,48.8,20.1,69.4,2.8,0.0,1012.3
2024-08-21,S02,14.8,25.4,43.1,55.0,18.7,60.6,2.8,0.0,1015.5
2024-08-22,S02,12.9,26.0,31.7,50.5,19.7,64.4,3.0,0.0,1016.9
2024-08-23,S02,14.0,27.7,64.1,,16.4,64.9,2.3,0.0,1017.2
2024-08-24,S02,14.7,24.8,31.2,40.6,16.5,60.7,2.2,0.0,1019.1
2024-08-25,S02,11.9,21.0,36.4,27.7,15.4,70.3,4.2,0.0,1018.4
2024-08-26,S02,6.0,14.8,18.3,50.7,18.8,77.8,7.2,1.0,1020.0
2024-08-27,S02,19.9,35.5,45.5,46.0,18.8,73.0,1.5,0.6,1021.6
2024-08-28,S02,22.4,38.8,37.7,49.6,18.0,72.8,3.3,0.0,1020.5
2024-08-29,S02,15.7,30.2,32.8,36.1,17.9,88.1,1.2,6.2,1018.2
2024-08-30,S02,21.8,31.9,34.9,54.7,17.9,74.1,2.4,0.0,1023.2
2024-08-31,S02,12.4,21.1,52.9,36.0,19.6,65.2,2.2,0.0,1019.3
2024-09-01,S02,17.7,36.0,27.8,45.1,16.6,70.2,3.3,0.0,1019.6
2024-09-02,S02,29.6,44.0,37.8,,14.1,70.4,2.8,0.0,1019.9
2024-09-03,S02,23.9,37.8,35.7,29.5,17.2,60.0,3.1,0.0,1016.1
2024-09-04,S02,15.0,,29.5,41.0,16.1,70.5,4.2,0.0,1012.3
2024-09-05,S02,19.3,30.3,29.2,49.7,13.4,83.3,1.3,0.7,1011.0
2024-09-06,S02,11.8,20.4,37.6,30.8,16.0,81.4,3.5,0.0,1009.4
2024-09-07,S02,11.9,18.8,27.2,51.2,17.1,74.6,5.2,0.0,1004.3
2024-09-08,S02,20.1,35.0,48.4,19.5,14.5,75.3,1.7,0.0,1003.4
2024-09-09,S02,41.4,65.5,45.3,19.5,14.3,73.5,0.6,0.0,1006.4
2024-09-10,S02,17.5,24.1,25.0,37.7,17.3,82.4,6.1,0.7,1012.8
2024-09-11,S02,38.2,65.9,43.1,44.6,18.4,61.9,1.3,0.0,1015.1
2024-09-12,S02,22.7,30.1,30.0,37.1,19.4,55.5,2.2,0.0,1004.2
2024-09-13,S02,9.3,17.5,38.6,48.1,14.8,75.9,4.8,5.0,1008.6
2024-09-14,S02,20.2,33.4,36.0,30.8,16.2,65.1,1.6,0.0,1007.2
2024-09-15,S02,7.4,25.3,23.2,45.5,14.9,54.6,6.0,0.0,1010.2
2024-09-16,S02,12.8,23.5,49.3,32.5,14.7,76.9,1.8,2.4,1010.7
2024-09-17,S02,27.1,46.7,40.2,23.2,17.1,67.3,1.7,0.0,1010.4
2024-09-18,S02,24.9,43.5,37.8,42.1,19.3,77.6,1.4,0.9,1010.5
2024-09-19,S02,34.9,55.4,41.0,50.6,22.9,60.1,1.9,0.0,1010.9
2024-09-20,S02,8.1,24.9,34.4,62.8,22.9,74.2,4.0,11.5,1016.7
2024-09-21,S02,26.8,40.4,35.6,39.2,21.4,74.8,2.2,0.0,1015.9
2024-09-22,S02,4.8,10.8,28.7,47.2,19.8,79.1,6.4,2.3,1019.6
2024-09-23,S02,13.0,24.5,24.9,55.7,20.6,61.4,3.4,0.0,1022.1
2024-09-24,S02,10.2,18.8,33.7,55.3,18.5,76.1,3.5,3.6,1022.9
2024-09-25,S02,31.2,48.2,46.6,27.8,16.5,68.0,1.3,0.0,1013.8
2024-09-26,S02,9.4,15.5,28.3,42.9,19.7,60.8,6.0,0.0,1018.1
2024-09-27,S02,7.3,14.1,18.1,44.6,16.9,74.6,4.7,1.6,1015.3
2024-09-28,S02,13.0,18.9,28.0,30.0,13.4,77.1,4.9,0.0,1017.7
2024-09-29,S02,22.0,36.3,27.0,37.6,13.3,66.6,3.1,0.0,1012.8
2024-09-30,S02,19.2,29.8,53.0,19.4,15.4,64.7,1.0,0.0,1008.1
2024-10-01,S02,15.9,27.2,28.7,44.9,13.8,66.7,4.0,0.0,1017.0
2024-10-02,S02,7.6,13.4,38.3,37.7,14.4,82.6,4.2,1.3,1012.4
2024-10-03,S02,15.8,23.9,23.7,50.0,15.6,56.4,4.1,0.0,1017.1
2024-10-04,S02,13.9,28.7,33.4,15.3,13.1,71.3,4.2,0.0,1016.7
2024-10-05,S02,14.0,22.5,30.2,,14.7,83.2,4.1,1.5,1014.3
2024-10-06,S02,24.9,43.7,65.0,38.4,16.0,68.4,1.9,0.0,1013.9
2024-10-07,S02,27.3,41.5,51.9,15.2,10.9,86.9,1.8,0.0,1008.5
2024-10-08,S02,30.6,44.5,50.4,15.5,14.4,75.7,1.3,0.0,1009.3
2024-10-09,S02,14.0,,42.2,31.6,12.3,79.3,5.3,0.0,1005.7
2024-10-10,S02,13.2,25.2,23.0,39.0,8.5,89.9,8.6,0.0,1005.6
2024-10-11,S02,8.3,14.8,12.5,43.6,5.3,94.1,14.4,0.1,1010.8
2024-10-12,S02,46.0,64.2,37.2,20.2,5.2,78.3,3.4,0.0,1012.2
2024-10-13,S02,21.2,38.6,36.2,26.8,8.2,93.6,4.2,0.0,1006.5
2024-10-14,S02,21.0,35.5,22.6,27.1,8.3,69.3,2.7,0.0,1011.2
2024-10-15,S02,25.3,47.8,36.7,32.4,7.7,76.5,3.5,0.0,1011.5
2024-10-16,S02,31.4,48.0,45.0,20.8,10.4,67.1,1.4,0.0,1009.6
2024-10-17,S02,11.5,42.8,35.0,28.0,11.3,85.3,3.0,1.2,1013.3
2024-10-18,S02,17.9,31.5,30.7,32.7,11.1,77.2,1.6,2.0,1012.6
2024-10-19,S02,26.5,42.5,35.3,34.0,12.2,67.0,2.8,0.0,1008.0
2024-10-20,S02,28.8,44.3,28.3,25.1,13.5,75.3,2.0,0.0,1016.4
2024-10-21,S02,16.3,25.0,50.7,14.8,5.7,75.4,4.2,0.0,1015.6
2024-10-22,S02,,36.1,31.6,26.5,6.5,63.4,4.7,0.0,1014.8
2024-10-23,S02,52.4,88.1,26.4,8.0,1.8,71.0,3.6,0.0,1012.8
2024-10-24,S02,64.8,97.7,43.6,5.0,3.9,83.1,2.0,0.3,1017.6
2024-10-25,S02,72.1,90.6,57.8,2.0,5.2,71.5,1.2,0.0,1014.6
2024-10-26,S02,20.1,32.4,33.6,3.9,8.9,88.6,4.5,1.4,1008.1
2024-10-27,S02,31.2,44.8,29.5,27.9,11.7,70.8,3.1,0.0,1006.3
2024-10-28,S02,27.6,43.3,40.0,23.8,11.6,90.6,0.6,6.2,1013.0
2024-10-29,S02,10.9,31.6,34.2,16.1,9.1,86.8,3.4,1.7,1016.3
2024-10-30,S02,29.9,47.7,30.6,39.2,9.6,80.6,4.1,0.0,1014.6
2024-10-31,S02,34.5,51.1,,7.2,7.3,76.1,0.9,0.0,1019.8
2024-11-01,S02,13.8,21.6,32.3,31.8,7.4,90.3,4.7,2.0,1021.4
2024-11-02,S02,24.2,38.6,34.7,25.2,10.1,86.6,1.0,5.8,1018.7
2024-11-03,S02,36.4,63.1,53.4,30.6,7.3,83.5,1.7,0.0,1016.9
2024-11-04,S02,40.6,53.5,56.6,20.3,9.9,72.2,0.9,0.0,1017.4
2024-11-05,S02,24.0,36.3,34.6,12.5,10.5,89.8,1.6,1.5,1013.2
2024-11-06,S02,31.7,48.9,39.5,24.5,7.3,61.9,1.4,0.0,1013.2
2024-11-07,S02,10.4,19.4,26.0,44.9,8.8,85.0,5.9,1.3,1014.4
2024-11-08,S02,25.6,39.1,39.0,8.7,9.5,70.4,2.5,0.0,1007.4
2024-11-09,S02,25.3,,43.1,26.2,9.6,82.3,2.1,0.0,1007.7
2024-11-10,S02,10.5,23.7,34.3,29.9,6.2,95.7,5.3,2.2,1007.6
2024-11-11,S02,20.7,32.5,34.9,16.7,3.8,80.2,5.5,24.9,1012.8
2024-11-12,S02,26.1,46.5,59.3,2.0,3.4,98.2,2.5,2.3,1005.4
2024-11-13,S02,28.6,41.8,38.1,14.7,5.4,80.6,3.6,0.1,1005.4
2024-11-14,S02,28.9,40.5,36.5,2.8,2.1,67.9,1.9,0.0,1005.0
2024-11-15,S02,22.2,39.6,30.0,29.1,5.2,75.7,2.7,0.0,1010.4
2024-11-16,S02,40.1,72.3,69.4,2.0,1.4,77.4,1.4,0.0,1010.8
2024-11-17,S02,26.9,43.1,41.6,8.7,2.9,72.0,4.1,0.0,1018.4
2024-11-18,S02,23.2,40.1,32.7,12.4,2.4,79.7,6.0,0.0,1020.0
2024-11-19,S02,13.6,24.7,31.8,33.7,9.8,75.9,5.5,0.0,1016.9
2024-11-20,S02,25.9,35.0,38.9,15.8,4.5,85.8,3.8,0.0,1017.1
2024-11-21,S02,34.0,51.1,53.6,4.5,7.2,84.3,0.7,9.4,1014.9
2024-11-22,S02,38.8,54.8,38.8,20.6,7.6,75.8,2.2,0.0,1017.9
2024-11-23,S02,33.4,49.7,51.2,9.0,6.4,75.7,2.5,0.0,1011.6
2024-11-24,S02,27.9,48.3,43.1,2.0,6.4,98.6,1.1,3.4,1008.6
2024-11-25,S02,33.5,50.4,40.0,20.3,7.4,62.0,0.9,0.0,1011.3
2024-11-26,S02,17.6,30.4,18.0,34.3,5.2,70.9,7.6,0.0,1016.5
2024-11-27,S02,26.2,40.1,28.1,30.4,8.0,72.0,5.6,0.0,1007.0
2024-11-28,S02,15.1,23.7,44.3,15.1,6.2,82.9,4.4,4.1,1013.7
2024-11-29,S02,14.9,29.2,30.3,24.8,7.7,71.8,4.5,0.0,1013.0
2024-11-30,S02,46.6,76.3,37.1,17.3,4.6,76.0,1.2,0.0,1005.5
2024-12-01,S02,31.8,49.2,49.0,4.0,4.7,74.3,1.7,0.0,995.0
2024-12-02,S02,38.8,56.9,35.2,15.1,0.5,78.7,3.8,0.0,992.5
2024-12-03,S02,18.8,27.3,52.8,2.0,2.4,93.4,3.8,5.0,996.5
2024-12-04,S02,29.6,54.6,,10.5,6.7,75.3,1.0,0.0,999.5
2024-12-05,S02,,44.5,30.3,16.7,4.3,73.0,3.4,0.0,1004.8
2024-12-06,S02,25.1,38.3,39.2,21.9,4.6,78.8,3.0,0.0,1004.2
2024-12-07,S02,17.9,26.9,28.2,6.5,0.4,78.4,5.8,0.0,1001.5
2024-12-08,S02,44.6,79.7,31.0,4.0,0.9,68.0,4.0,0.0,1002.2
2024-12-09,S02,24.8,35.7,27.7,2.0,-2.6,89.8,7.9,0.0,1004.5
2024-12-10,S02,58.6,85.1,58.1,2.0,-3.9,90.1,2.4,1.1,1007.1
2024-12-11,S02,110.0,166.1,52.5,2.0,-1.8,89.5,1.3,0.0,1005.1
2024-12-12,S02,35.8,55.5,24.7,7.9,2.7,97.8,7.2,0.6,1010.3
2024-12-13,S02,37.7,49.7,22.3,26.4,9.8,80.2,3.7,0.0,1008.4
2024-12-14,S02,30.9,,34.9,21.2,5.2,72.9,3.1,0.0,1005.8
2024-12-15,S02,29.4,44.7,50.0,13.1,7.4,73.5,1.5,0.0,1005.1
2024-12-16,S02,16.1,27.7,30.9,21.3,7.4,68.0,2.6,0.0,1011.0
2024-12-17,S02,28.9,51.8,56.5,2.0,4.4,72.5,2.3,0.0,1010.8
2024-12-18,S02,16.7,35.9,42.5,9.7,5.0,92.2,1.3,2.2,1008.5
2024-12-19,S02,23.6,29.4,55.2,3.4,3.8,98.0,0.5,11.4,1013.1
2024-12-20,S02,17.2,27.1,40.6,8.5,3.3,83.7,2.4,9.9,1021.6
2024-12-21,S02,27.6,48.4,28.0,16.9,2.4,77.2,4.7,0.0,1020.8
2024-12-22,S02,13.5,22.1,33.7,7.1,-2.0,86.9,6.8,0.0,1024.1
2024-12-23,S02,22.8,39.6,31.2,2.0,-5.1,100.0,6.0,2.9,1026.1
2024-12-24,S02,38.2,65.0,30.8,2.0,-1.7,72.7,5.1,0.0,1021.0
2024-12-25,S02,38.7,58.0,32.3,7.8,-1.7,86.7,1.6,5.5,1019.5
2024-12-26,S02,22.7,33.9,51.8,2.0,-2.6,86.6,4.3,0.0,1013.1
2024-12-27,S02,,34.9,38.0,6.4,-1.6,82.0,4.7,2.5,1012.3
2024-12-28,S02,20.4,33.4,44.1,25.8,2.1,76.9,4.8,0.0,1009.9
2024-12-29,S02,25.8,40.5,47.8,15.3,1.9,79.8,3.0,0.0,1008.9
2024-12-30,S02,26.3,37.1,53.5,4.7,-0.5,84.4,3.3,0.0,1006.7
2024-12-31,S02,19.9,35.9,28.9,21.3,3.5,89.2,5.5,1.8,1006.8
2022-01-01,S03,19.7,31.7,25.7,16.9,0.7,76.7,7.1,0.0,1013.0
2022-01-02,S03,19.8,40.7,38.0,12.4,-2.3,79.9,5.8,0.0,1016.4
2022-01-03,S03,8.5,22.3,28.0,15.7,0.6,79.7,6.0,17.1,1016.8
2022-01-04,S03,13.8,23.8,37.3,2.0,3.3,77.5,5.1,0.0,1013.5
2022-01-05,S03,35.1,54.3,56.2,2.0,-2.4,79.5,1.3,0.0,1013.5
2022-01-06,S03,40.3,61.1,51.9,2.0,-4.5,89.5,1.0,0.0,1015.0
2022-01-07,S03,19.1,38.4,39.1,2.0,-2.3,88.2,6.7,0.0,1021.4
2022-01-08,S03,14.1,25.6,,,-2.8,91.7,7.2,1.2,1022.9
2022-01-09,S03,56.6,83.9,86.1,2.0,-1.7,95.7,1.1,0.8,1025.8
2022-01-10,S03,39.5,57.9,49.4,2.0,-4.2,88.4,3.7,0.0,1020.8
2022-01-11,S03,25.5,36.9,19.9,23.1,1.2,77.1,6.8,0.0,1017.1
2022-01-12,S03,23.9,36.8,30.8,17.7,1.9,87.8,3.8,1.7,1015.4
2022-01-13,S03,18.7,25.1,63.6,2.0,2.1,65.9,4.3,0.0,1014.3
2022-01-14,S03,25.8,46.0,47.4,12.9,4.0,68.7,2.0,0.0,1010.0
2022-01-15,S03,14.2,30.2,48.7,2.7,4.1,85.1,2.9,5.5,1015.7
2022-01-16,S03,6.3,14.7,29.1,25.0,0.9,90.0,8.1,5.4,1018.7
2022-01-17,S03,30.1,54.6,67.2,8.9,1.2,73.2,2.5,0.0,1016.3
2022-01-18,S03,42.2,70.3,41.1,2.2,-2.2,77.2,1.3,0.0,1018.2
2022-01-19,S03,33.9,65.8,68.9,,2.3,86.1,1.9,0.3,1018.1
2022-01-20,S03,41.2,70.8,62.0,6.5,1.5,83.9,3.0,0.0,1019.9
2022-01-21,S03,26.7,39.8,46.9,2.0,0.1,80.6,3.5,0.0,1013.2
2022-01-22,S03,37.2,59.9,54.1,2.0,-0.9,84.1,3.0,0.0,1012.6
2022-01-23,S03,,18.8,25.5,28.4,2.9,78.3,8.4,0.0,1012.4
2022-01-24,S03,38.5,62.3,44.4,11.2,1.2,71.2,0.5,0.0,1015.0
2022-01-25,S03,17.7,27.8,54.1,2.0,0.5,77.1,3.1,0.0,1012.1
2022-01-26,S03,17.8,39.5,47.2,4.8,0.1,89.9,3.9,2.0,1002.3
2022-01-27,S03,11.9,26.2,38.5,15.3,0.6,77.5,5.9,0.0,1000.1
2022-01-28,S03,15.0,27.5,51.1,2.0,2.4,91.2,3.2,2.0,1002.4
2022-01-29,S03,20.2,37.2,38.5,,3.0,90.3,3.8,0.0,1004.8
2022-01-30,S03,10.2,21.5,49.7,19.9,4.3,93.4,5.2,8.4,1013.2
2022-01-31,S03,24.0,37.7,42.4,21.6,8.3,69.0,3.1,0.0,1015.5
2022-02-01,S03,43.0,60.6,66.8,2.7,4.7,93.9,0.3,2.9,1015.3
2022-02-02,S03,40.7,72.3,53.3,2.0,2.4,83.5,1.3,0.0,1014.7
2022-02-03,S03,36.5,60.7,60.3,2.0,1.1,87.3,2.9,0.9,1018.8
2022-02-04,S03,69.7,115.7,57.2,2.0,1.9,87.0,1.4,0.0,1015.3
2022-02-05,S03,7.9,18.3,18.3,34.9,5.0,71.9,11.9,0.0,1014.3
2022-02-06,S03,19.6,32.6,62.3,2.0,3.3,79.4,2.5,3.0,1009.6
2022-02-07,S03,60.8,86.7,40.5,3.4,1.3,84.2,1.3,0.0,1016.0
2022-02-08,S03,63.7,99.0,50.0,2.0,-0.5,81.2,2.4,0.0,1017.0
2022-02-09,S03,88.1,132.0,43.9,5.9,1.4,76.4,2.7,0.0,1013.3
2022-02-10,S03,66.1,118.2,56.7,2.0,3.2,76.9,1.8,0.0,1012.8
2022-02-11,S03,48.9,73.1,45.6,5.3,4.1,71.5,3.7,0.0,1014.9
2022-02-12,S03,56.0,78.4,58.0,2.0,1.1,96.2,1.2,1.2,1013.5
2022-02-13,S03,60.6,93.4,45.6,13.8,2.6,80.3,1.9,0.0,1011.3
2022-02-14,S03,50.1,74.6,47.5,13.9,2.8,91.8,2.9,5.5,1009.0
2022-02-15,S03,46.8,67.7,54.3,2.0,2.8,82.5,2.2,0.0,1011.2
2022-02-16,S03,32.9,60.7,38.8,21.4,4.2,67.0,4.4,0.0,1010.1
2022-02-17,S03,,19.1,37.4,15.3,5.0,71.7,7.2,0.0,1008.9
2022-02-18,S03,18.9,28.7,51.2,11.1,6.1,65.5,2.8,0.0,1004.3
2022-02-19,S03,17.0,34.2,26.8,,5.3,82.0,8.3,0.0,1006.4
2022-02-20,S03,60.3,81.0,34.2,9.5,4.7,72.3,1.2,0.0,1007.0
2022-02-21,S03,14.2,25.9,25.7,35.9,6.3,87.6,8.0,5.9,1006.9
2022-02-22,S03,39.7,57.5,65.9,2.0,1.4,95.6,1.1,2.2,1008.9
2022-02-23,S03,26.0,35.7,40.5,7.2,1.7,82.6,4.1,0.0,1012.7
2022-02-24,S03,33.6,58.8,58.4,3.9,0.2,74.2,1.9,0.0,1015.6
2022-02-25,S03,29.5,50.3,51.3,2.0,0.5,83.1,2.1,0.0,1017.3
2022-02-26,S03,,18.3,24.2,20.6,1.1,98.4,10.4,0.8,1015.5
2022-02-27,S03,23.8,44.4,46.0,20.5,5.1,83.3,5.7,0.0,1012.7
2022-02-28,S03,44.3,65.8,57.2,12.9,2.7,100.0,2.6,0.8,1008.6
2022-03-01,S03,80.5,131.0,45.8,17.4,5.8,91.5,0.2,0.2,1007.1
2022-03-02,S03,44.0,70.8,44.7,2.0,0.3,85.9,0.6,4.9,1008.4
2022-03-03,S03,36.9,58.0,63.9,2.0,0.7,84.0,1.2,0.0,1006.1
2022-03-04,S03,47.9,69.9,60.3,12.2,2.5,73.7,2.9,0.0,1007.9
2022-03-05,S03,29.7,46.2,30.0,17.2,5.5,81.0,3.8,0.0,1005.1
2022-03-06,S03,41.6,69.7,49.5,2.0,5.7,70.9,1.6,0.0,1000.0
2022-03-07,S03,23.7,33.6,55.7,16.2,8.7,73.6,5.1,0.0,1005.9
2022-03-08,S03,33.8,53.7,37.4,16.1,6.0,77.0,4.2,0.0,1005.4
2022-03-09,S03,39.1,78.6,83.8,2.0,4.6,71.8,2.0,0.0,1003.6
2022-03-10,S03,45.6,76.4,44.6,20.8,7.6,79.2,1.1,0.0,1001.1
2022-03-11,S03,31.4,47.2,50.3,3.3,7.0,72.9,0.3,0.0,1005.2
2022-03-12,S03,35.3,47.4,36.3,21.1,2.9,83.2,4.2,1.5,1012.2
2022-03-13,S03,38.6,55.3,35.7,11.4,1.3,99.6,3.4,5.0,1010.8
2022-03-14,S03,38.8,59.3,31.1,2.0,-0.5,95.8,4.3,0.0,1010.4
2022-03-15,S03,33.9,60.7,28.6,19.4,2.8,81.4,7.5,0.0,1015.2
2022-03-16,S03,17.6,30.9,29.7,27.9,3.7,69.9,7.8,0.0,1007.5
2022-03-17,S03,28.7,39.8,30.6,24.5,6.4,71.8,5.3,0.0,1016.5
2022-03-18,S03,28.3,52.0,44.9,16.0,5.8,92.0,2.0,10.2,1025.5
2022-03-19,S03,40.2,53.9,62.5,5.9,6.4,87.5,2.5,0.0,1012.2
2022-03-20,S03,18.8,26.3,39.6,32.1,8.9,65.7,5.6,0.0,1012.0
2022-03-21,S03,24.2,38.0,47.0,12.8,8.0,73.8,1.6,0.0,1009.3
2022-03-22,S03,18.7,30.9,53.6,35.0,8.1,90.8,1.7,0.1,1009.0
2022-03-23,S03,24.5,41.4,27.5,12.1,5.9,80.7,4.6,0.0,1008.1
2022-03-24,S03,13.4,25.2,29.9,50.2,6.3,76.0,7.5,0.0,1012.3
2022-03-25,S03,36.8,58.2,35.4,14.4,6.0,67.4,5.2,0.0,1012.0
2022-03-26,S03,41.9,58.9,34.1,27.6,3.3,81.6,5.4,0.0,1008.6
2022-03-27,S03,48.3,74.3,43.3,23.3,6.2,84.9,3.4,0.0,1008.8
2022-03-28,S03,35.0,51.3,49.1,3.9,5.6,77.1,1.9,0.0,1011.7
2022-03-29,S03,35.4,57.9,28.7,27.4,5.8,75.1,4.8,0.0,1007.2
2022-03-30,S03,32.9,52.1,40.2,23.9,7.6,71.8,7.1,0.0,1001.8
2022-03-31,S03,,77.2,55.1,20.2,9.4,66.2,2.2,0.0,1012.0
2022-04-01,S03,69.3,99.7,41.8,25.0,10.9,80.7,2.0,0.0,1009.6
2022-04-02,S03,66.6,97.4,32.4,22.0,10.3,78.5,1.9,0.0,1009.8
2022-04-03,S03,44.5,63.6,23.6,24.6,8.8,80.4,4.0,0.0,1008.8
2022-04-04,S03,23.8,39.0,42.5,30.9,8.0,83.5,7.2,0.0,1011.8
2022-04-05,S03,49.8,67.1,57.5,2.0,3.8,69.7,0.5,0.0,1019.2
2022-04-06,S03,27.1,43.0,50.7,2.5,3.1,76.0,3.7,0.0,1020.3
2022-04-07,S03,30.2,47.3,49.0,8.3,1.2,78.6,0.9,0.0,1012.7
2022-04-08,S03,14.0,23.1,23.2,28.5,1.5,80.8,9.7,0.0,1007.2
2022-04-09,S03,37.6,51.3,41.1,4.7,5.0,83.7,3.5,0.0,1006.8
2022-04-10,S03,36.7,64.0,52.9,2.0,4.1,76.6,2.1,0.0,1007.0
2022-04-11,S03,32.5,52.9,42.6,2.0,5.0,72.5,3.8,0.0,1001.3
2022-04-12,S03,36.7,56.2,42.0,28.8,10.8,71.9,0.9,0.0,1006.9
2022-04-13,S03,25.2,35.7,40.7,25.8,9.5,71.9,1.4,0.0,1003.8
2022-04-14,S03,29.6,43.9,38.3,21.3,12.3,72.4,3.2,0.0,1011.6
2022-04-15,S03,17.7,29.1,26.3,35.1,9.9,75.7,4.1,0.0,1019.2
2022-04-16,S03,43.2,76.0,46.6,32.8,9.8,75.5,0.3,0.0,1016.9
2022-04-17,S03,10.0,14.7,28.7,19.0,8.3,89.5,6.7,7.9,1017.9
2022-04-18,S03,27.0,40.6,49.7,12.3,8.3,73.1,2.3,0.0,1012.0
2022-04-19,S03,11.1,25.1,43.8,19.7,12.2,68.2,5.1,0.0,1014.7
2022-04-20,S03,22.5,35.1,36.3,30.3,7.9,90.2,3.8,0.6,1012.4
2022-04-21,S03,9.1,17.2,23.9,39.8,10.5,67.8,8.5,0.0,1008.1
2022-04-22,S03,20.2,33.4,25.0,29.4,11.0,83.5,4.2,0.0,1008.0
2022-04-23,S03,9.0,18.4,29.9,37.7,10.5,91.7,6.9,1.4,1007.1
2022-04-24,S03,26.7,40.9,41.5,10.6,6.6,79.6,1.8,0.0,1007.0
2022-04-25,S03,35.2,73.9,48.7,14.9,10.1,77.6,0.8,0.0,1012.0
2022-04-26,S03,24.1,37.9,39.0,28.5,9.0,74.9,4.8,0.0,1009.0
2022-04-27,S03,42.3,65.5,55.9,13.3,10.9,64.6,0.9,0.0,1016.8
2022-04-28,S03,20.1,36.3,24.5,31.6,11.3,70.3,5.2,0.0,1010.7
2022-04-29,S03,18.8,42.9,53.7,29.1,16.6,69.9,1.1,0.0,1017.6
2022-04-30,S03,11.2,20.9,35.3,37.8,15.1,67.0,3.6,0.0,1012.6
2022-05-01,S03,6.6,11.9,29.1,49.6,13.3,83.8,8.5,5.3,1012.7
2022-05-02,S03,,40.0,45.4,38.2,13.9,75.0,4.3,0.0,1010.8
2022-05-03,S03,39.8,61.1,54.0,16.8,14.1,62.5,2.8,0.0,1009.9
2022-05-04,S03,26.6,44.4,24.9,,17.0,61.9,4.3,0.0,1013.7
2022-05-05,S03,37.9,63.2,44.8,37.9,17.9,73.6,2.1,0.0,1019.6
2022-05-06,S03,11.4,31.8,13.5,59.3,18.3,70.6,10.2,0.0,1023.0
2022-05-07,S03,32.8,55.4,56.1,32.0,20.7,61.2,1.7,0.0,1019.4
2022-05-08,S03,17.0,32.7,51.4,50.8,16.8,81.0,2.8,4.6,1018.8
2022-05-09,S03,20.8,37.5,41.2,54.8,14.6,69.6,4.2,0.0,1014.6
2022-05-10,S03,21.8,30.2,33.5,48.1,12.7,70.7,3.8,0.0,1010.3
2022-05-11,S03,25.2,39.9,39.2,32.7,12.2,72.8,4.3,0.0,1006.2
2022-05-12,S03,39.2,60.5,41.6,25.3,10.4,87.7,1.8,0.0,1005.8
2022-05-13,S03,26.6,38.3,42.0,40.6,12.9,71.0,2.4,0.0,1008.3
2022-05-14,S03,14.4,21.1,30.1,37.5,13.9,78.7,5.3,0.0,1001.6
2022-05-15,S03,22.1,44.9,20.5,42.3,11.4,58.9,5.8,0.0,1003.7
2022-05-16,S03,12.3,34.2,31.6,30.7,10.0,79.9,4.1,4.6,1011.6
2022-05-17,S03,9.8,23.1,42.8,52.9,13.2,75.6,6.7,0.0,1016.4
2022-05-18,S03,10.0,22.9,28.5,54.7,15.3,70.7,5.6,0.0,1013.4
2022-05-19,S03,11.5,20.3,31.9,50.5,20.5,37.7,5.0,0.0,1007.7
2022-05-20,S03,29.3,57.3,46.8,66.1,27.7,61.7,0.8,0.0,1010.6
2022-05-21,S03,12.3,20.2,31.6,60.7,26.1,85.7,4.0,1.3,1001.8
2022-05-22,S03,20.0,39.9,35.3,44.0,20.6,53.0,3.8,0.0,1008.5
2022-05-23,S03,24.2,36.1,24.8,43.9,15.5,80.2,6.4,0.0,1008.5
2022-05-24,S03,46.7,75.5,31.7,33.0,15.4,53.7,0.2,0.0,1016.8
2022-05-25,S03,35.4,56.3,,,14.3,82.4,2.8,2.5,1009.1
2022-05-26,S03,15.2,26.3,50.7,27.9,14.7,82.4,3.4,5.8,1013.5
2022-05-27,S03,23.8,50.7,35.0,20.2,14.5,52.7,1.5,0.0,1013.0
2022-05-28,S03,37.6,58.0,41.5,23.8,14.8,71.9,1.3,0.0,1011.7
2022-05-29,S03,10.7,13.6,33.6,52.9,18.3,84.5,7.2,2.0,1006.5
2022-05-30,S03,12.5,18.3,29.2,56.6,19.5,79.6,4.1,10.9,1010.2
2022-05-31,S03,10.8,20.8,22.7,65.3,18.7,67.0,8.9,0.0,1013.4
2022-06-01,S03,20.5,36.6,89.5,27.5,16.0,79.5,3.0,2.2,1020.5
2022-06-02,S03,46.4,68.9,54.4,10.8,13.1,56.8,1.0,0.0,1023.0
2022-06-03,S03,26.3,43.4,43.3,21.8,13.4,75.7,2.1,0.0,1018.6
2022-06-04,S03,30.3,50.2,48.0,29.7,15.0,88.4,2.4,6.4,1013.5
2022-06-05,S03,19.1,28.2,35.2,59.3,20.7,70.9,5.3,0.0,1007.9
2022-06-06,S03,16.2,23.9,28.0,47.0,20.3,67.9,4.7,1.5,1014.8
2022-06-07,S03,19.2,30.1,25.0,44.6,22.4,58.2,3.7,0.0,1011.4
2022-06-08,S03,10.8,28.7,20.7,76.1,20.4,56.0,10.2,0.0,1017.6
2022-06-09,S03,15.6,36.5,30.4,43.2,17.4,55.9,6.7,0.0,1018.8
2022-06-10,S03,50.6,79.5,40.7,22.3,14.8,67.4,1.7,0.0,1018.9
2022-06-11,S03,14.5,24.1,44.0,40.2,15.7,87.5,4.8,7.3,1016.5
2022-06-12,S03,34.9,65.5,51.0,,22.0,54.5,2.9,0.0,1018.5
2022-06-13,S03,27.0,42.5,44.8,36.7,18.8,72.1,2.9,0.0,1017.3
2022-06-14,S03,8.3,13.0,22.2,63.5,22.5,67.6,7.8,0.0,1015.0
2022-06-15,S03,14.6,21.6,28.7,35.2,19.1,59.9,1.6,0.0,1017.4
2022-06-16,S03,5.7,10.0,27.5,51.5,21.1,70.6,5.8,15.2,1015.9
2022-06-17,S03,16.4,25.7,21.4,59.2,23.1,50.0,5.0,0.0,1012.1
2022-06-18,S03,37.9,58.7,27.1,32.8,22.1,66.3,1.6,0.0,1014.7
2022-06-19,S03,38.9,65.7,53.9,45.5,20.6,64.5,0.8,0.0,1014.1
2022-06-20,S03,16.0,30.7,48.0,29.8,19.2,68.5,3.0,0.0,1015.8
2022-06-21,S03,17.8,29.6,20.2,48.0,20.6,63.5,5.4,0.0,1013.5
2022-06-22,S03,17.3,28.3,32.3,54.1,18.8,65.8,4.1,0.0,1008.5
2022-06-23,S03,11.7,22.6,26.9,53.4,17.2,67.2,6.4,0.0,1016.4
2022-06-24,S03,,36.3,32.7,39.6,15.4,68.3,3.9,0.0,1021.9
2022-06-25,S03,23.2,42.4,19.1,39.4,17.6,72.9,7.1,0.0,1023.6
2022-06-26,S03,41.6,69.3,54.4,38.8,22.3,60.6,2.0,0.0,1020.0
2022-06-27,S03,18.4,39.9,26.4,53.6,22.8,66.5,3.9,0.0,1017.4
2022-06-28,S03,16.2,24.2,27.8,47.1,21.1,63.1,2.2,0.0,1022.0
2022-06-29,S03,22.1,42.2,29.1,62.5,23.2,60.5,2.9,0.0,1018.8
2022-06-30,S03,28.4,50.1,40.0,71.0,24.8,65.5,3.4,0.0,1015.1
2022-07-01,S03,21.2,31.7,31.9,62.3,24.3,69.3,4.2,0.3,1022.2
2022-07-02,S03,28.9,43.6,37.3,42.7,22.3,67.1,1.6,0.0,1020.2
2022-07-03,S03,21.8,38.2,39.6,64.8,24.7,59.8,3.6,0.0,1025.8
2022-07-04,S03,33.6,51.8,41.0,49.1,24.9,60.2,2.9,0.0,1017.6
2022-07-05,S03,55.0,76.7,29.4,37.3,27.6,52.7,0.9,0.0,1018.8
2022-07-06,S03,32.4,50.3,52.6,39.6,26.4,55.2,0.7,0.0,1025.9
2022-07-07,S03,10.9,21.3,33.3,37.2,21.4,58.1,6.6,0.0,1023.5
2022-07-08,S03,39.2,63.0,38.8,37.4,18.4,69.7,2.5,0.0,1020.3
2022-07-09,S03,37.3,59.6,43.9,43.8,22.8,76.7,1.0,3.7,1014.2
2022-07-10,S03,14.9,23.5,30.6,60.9,27.5,62.6,8.9,0.0,1018.3
2022-07-11,S03,17.5,26.1,30.4,52.3,25.3,55.4,3.8,0.0,1014.1
2022-07-12,S03,29.3,45.1,35.0,41.2,23.0,73.3,3.5,0.0,1013.5
2022-07-13,S03,61.1,97.9,47.3,50.3,25.9,57.4,1.4,0.0,1008.5
2022-07-14,S03,29.6,61.6,46.7,36.3,22.2,61.8,1.0,0.0,1015.6
2022-07-15,S03,17.0,30.7,34.4,53.2,19.2,73.2,3.4,7.7,1019.7
2022-07-16,S03,26.1,40.9,38.6,49.8,21.8,53.2,3.0,0.0,1018.2
2022-07-17,S03,25.8,41.2,62.6,49.2,20.6,85.6,1.1,9.5,1012.6
2022-07-18,S03,37.5,55.0,53.6,38.2,22.2,73.8,1.1,0.0,1018.8
2022-07-19,S03,27.8,44.0,,57.2,20.1,65.2,1.3,0.0,1016.2
2022-07-20,S03,35.7,48.0,37.9,42.4,20.4,54.2,1.3,0.0,1011.1
2022-07-21,S03,25.3,53.9,37.6,47.8,24.8,73.0,1.6,0.0,1004.5
2022-07-22,S03,20.4,,44.1,70.3,23.4,59.4,3.4,0.0,1003.6
2022-07-23,S03,18.8,41.7,23.6,46.3,24.6,56.6,4.5,0.0,999.6
2022-07-24,S03,20.2,32.8,63.3,29.8,18.1,70.2,2.7,0.0,999.8
2022-07-25,S03,,34.1,36.5,30.6,19.0,71.0,3.3,0.0,1005.4
2022-07-26,S03,15.4,26.0,26.4,29.5,17.3,78.7,3.9,0.0,1005.4
2022-07-27,S03,19.1,25.9,50.2,13.0,16.3,70.4,0.5,0.0,1008.4
2022-07-28,S03,26.4,47.8,32.5,41.6,15.2,65.7,2.9,0.0,1006.4
2022-07-29,S03,9.7,16.1,24.6,38.0,16.7,64.1,6.5,0.0,1008.0
2022-07-30,S03,18.2,34.9,28.4,45.0,19.9,52.6,2.9,0.0,1016.7
2022-07-31,S03,8.2,11.8,26.4,56.1,17.4,77.4,6.1,1.8,1014.5
2022-08-01,S03,17.2,24.5,25.8,47.1,18.1,86.3,2.6,0.8,1015.8
2022-08-02,S03,22.8,31.5,29.7,50.1,18.6,69.6,4.2,0.0,1009.0
2022-08-03,S03,20.0,34.2,30.1,54.3,18.1,65.9,3.6,0.0,1015.8
2022-08-04,S03,29.5,55.9,41.5,54.9,20.9,59.0,1.1,0.0,1013.4
2022-08-05,S03,27.1,44.1,38.0,37.4,22.7,65.6,1.4,0.0,1017.5
2022-08-06,S03,11.7,16.3,24.8,71.3,25.3,64.4,7.3,0.0,1016.1
2022-08-07,S03,17.5,25.5,37.2,53.6,23.3,64.6,4.9,0.0,1017.9
2022-08-08,S03,22.4,41.8,40.5,45.0,20.9,76.1,3.0,21.3,1019.6
2022-08-09,S03,33.0,45.0,52.4,29.0,20.5,59.9,2.4,0.0,1016.5
2022-08-10,S03,17.7,32.3,40.1,36.6,19.7,84.2,1.4,1.2,1020.2
2022-08-11,S03,19.6,31.1,37.4,45.1,20.9,45.9,3.8,0.0,1015.7
2022-08-12,S03,25.4,43.5,45.9,48.9,18.4,85.0,1.8,0.6,1018.3
2022-08-13,S03,16.2,23.0,51.0,29.2,19.0,93.5,2.3,4.4,1015.7
2022-08-14,S03,,54.6,36.5,22.5,19.2,67.6,1.9,2.7,1016.5
2022-08-15,S03,13.6,28.7,38.2,57.7,24.9,70.4,4.5,3.9,1014.0
2022-08-16,S03,24.9,40.7,33.4,54.6,29.7,69.9,2.5,1.6,1014.0
2022-08-17,S03,27.6,40.5,33.1,53.3,23.9,59.5,3.2,0.0,1009.5
2022-08-18,S03,34.2,49.8,42.3,51.0,22.7,67.5,1.2,0.0,1011.2
2022-08-19,S03,29.7,42.1,45.5,36.3,17.9,69.1,2.1,0.0,1011.7
2022-08-20,S03,27.0,36.8,29.1,37.1,16.2,67.0,3.5,0.0,1009.8
2022-08-21,S03,59.4,80.5,39.2,32.8,16.9,73.1,0.8,0.0,1010.2
2022-08-22,S03,52.0,83.5,33.8,55.0,21.2,59.9,2.8,0.0,1011.3
2022-08-23,S03,37.5,62.1,37.8,33.8,18.9,85.1,3.1,0.0,1009.2
2022-08-24,S03,,45.1,38.4,41.7,17.5,76.9,1.0,4.8,1009.4
2022-08-25,S03,15.0,25.8,37.6,23.1,11.8,73.0,4.2,0.0,1006.1
2022-08-26,S03,17.1,35.2,34.6,39.3,13.9,58.7,3.4,0.0,1016.9
2022-08-27,S03,25.1,39.5,45.8,15.8,12.7,63.8,2.9,0.0,1020.3
2022-08-28,S03,15.4,21.5,43.9,32.7,13.5,91.2,1.9,9.1,1020.0
2022-08-29,S03,31.1,46.2,71.6,15.6,12.2,57.8,0.7,0.0,1023.3
2022-08-30,S03,16.8,26.7,30.1,41.3,14.1,56.7,5.7,0.0,1013.3
2022-08-31,S03,27.6,50.5,34.5,33.9,10.9,73.8,2.3,0.0,1003.0
2022-09-01,S03,47.9,61.7,48.8,11.1,9.6,84.4,1.1,0.0,1003.4
2022-09-02,S03,29.6,45.5,42.4,34.8,16.7,64.2,1.9,0.0,999.8
2022-09-03,S03,17.6,30.3,28.5,37.7,12.5,66.5,4.5,0.0,1001.5
2022-09-04,S03,34.5,58.8,50.5,25.2,12.2,62.0,3.7,0.0,1004.6
2022-09-05,S03,34.8,43.2,41.9,43.0,18.3,83.1,1.4,12.2,1010.0
2022-09-06,S03,14.6,35.7,25.0,66.0,24.7,79.1,5.9,7.1,1006.0
2022-09-07,S03,29.9,47.0,47.9,32.1,19.1,59.3,1.0,0.0,1009.0
2022-09-08,S03,12.3,17.3,23.3,60.4,17.7,72.2,6.1,0.0,1009.9
2022-09-09,S03,11.8,17.7,44.0,45.7,18.4,71.3,3.4,0.0,1011.9
2022-09-10,S03,33.3,65.0,46.8,39.4,22.3,69.1,2.4,0.0,1010.0
2022-09-11,S03,21.6,37.9,39.5,31.2,16.9,77.9,2.8,6.5,1016.2
2022-09-12,S03,26.0,37.8,42.3,34.3,16.0,71.1,3.1,0.0,1015.1
2022-09-13,S03,13.4,39.2,29.2,52.2,19.1,77.1,4.6,2.5,1021.8
2022-09-14,S03,48.5,72.3,35.5,20.7,18.8,69.9,0.6,0.0,1016.9
2022-09-15,S03,33.6,62.9,39.8,29.8,17.0,53.4,1.9,0.0,1019.1
2022-09-16,S03,23.0,34.1,34.5,32.3,15.6,71.7,2.9,2.3,1017.6
2022-09-17,S03,8.0,15.1,18.6,30.5,12.6,76.8,6.5,29.9,1015.4
2022-09-18,S03,11.0,21.5,23.9,31.5,12.6,66.2,6.0,0.0,1017.4
2022-09-19,S03,8.2,14.7,21.0,43.2,12.5,86.6,6.9,3.2,1015.4
2022-09-20,S03,10.8,26.6,24.0,36.7,13.3,82.3,5.8,5.7,1004.2
2022-09-21,S03,32.1,53.8,,19.0,12.4,76.4,1.8,0.0,993.7
2022-09-22,S03,14.9,23.2,43.0,23.3,15.5,74.1,2.8,0.0,1002.7
2022-09-23,S03,6.4,14.5,37.0,41.6,16.9,64.2,5.2,0.0,1009.7
2022-09-24,S03,7.0,12.8,,33.8,17.0,81.5,5.7,5.9,1017.9
2022-09-25,S03,,34.8,50.5,45.4,16.6,61.1,2.3,0.0,1016.8
2022-09-26,S03,13.9,23.9,32.0,55.6,15.9,63.0,4.7,0.0,1010.9
2022-09-27,S03,11.6,16.2,54.2,26.1,15.0,87.5,2.4,3.2,1009.6
2022-09-28,S03,22.6,35.5,37.3,19.4,13.7,53.9,1.0,0.0,1010.4
2022-09-29,S03,24.4,35.0,38.8,39.4,14.1,99.0,2.8,2.1,1006.9
2022-09-30,S03,24.3,49.2,31.9,37.4,13.1,72.0,3.0,0.0,1014.7
2022-10-01,S03,39.3,62.4,51.9,51.9,18.4,73.4,2.3,0.4,1023.3
2022-10-02,S03,17.9,29.0,36.9,67.2,21.3,88.5,4.1,9.7,1023.2
2022-10-03,S03,35.2,52.7,48.6,21.7,17.9,61.5,2.9,0.0,1021.1
2022-10-04,S03,42.8,74.1,26.9,49.3,15.5,67.3,3.6,0.0,1014.3
2022-10-05,S03,30.0,51.4,29.8,32.7,11.9,83.5,4.8,0.1,1020.2
2022-10-06,S03,7.3,13.3,14.0,57.2,14.4,90.8,9.5,1.7,1019.1
2022-10-07,S03,26.2,43.2,41.5,39.4,14.7,66.3,2.9,0.0,1016.7
2022-10-08,S03,17.8,28.3,25.6,50.5,15.2,71.6,6.1,0.0,1017.9
2022-10-09,S03,34.9,48.5,47.4,29.4,9.0,79.2,3.4,0.0,1014.6
2022-10-10,S03,21.4,29.8,37.4,27.6,12.9,82.4,3.6,2.5,1014.8
2022-10-11,S03,36.4,55.1,26.2,,13.4,67.6,2.7,0.0,1008.7
2022-10-12,S03,15.2,30.6,29.0,36.8,9.7,90.6,3.3,4.1,1013.9
2022-10-13,S03,22.1,42.7,43.7,14.3,9.0,100.0,2.9,1.2,1013.3
2022-10-14,S03,15.2,25.6,36.8,45.3,10.5,74.9,5.1,0.0,1017.9
2022-10-15,S03,29.2,44.5,29.0,22.0,11.5,75.7,1.9,0.0,1016.1
2022-10-16,S03,41.3,,50.6,14.4,9.9,73.6,0.9,0.0,1014.9
2022-10-17,S03,52.9,75.3,37.2,21.8,9.9,80.1,2.1,0.0,1009.7
2022-10-18,S03,36.3,47.7,37.8,8.7,9.1,72.5,1.9,0.0,1013.4
2022-10-19,S03,25.2,48.2,40.2,11.2,10.6,73.4,1.9,0.0,1009.8
2022-10-20,S03,17.8,28.7,41.3,36.3,12.6,60.5,2.8,0.0,1008.5
2022-10-21,S03,20.3,30.0,43.1,2.0,4.9,69.7,2.1,0.0,1009.4
2022-10-22,S03,37.3,66.5,31.3,38.5,6.3,71.8,2.6,0.0,1010.6
2022-10-23,S03,29.8,42.2,49.7,14.7,7.8,72.1,1.8,0.0,1004.3
2022-10-24,S03,11.9,29.7,36.8,13.8,7.4,100.0,4.0,2.4,1005.1
2022-10-25,S03,5.5,8.3,15.1,47.0,7.7,88.7,11.7,0.2,1009.9
2022-10-26,S03,33.0,50.5,40.6,2.0,3.5,73.0,3.8,0.0,1009.0
2022-10-27,S03,18.8,37.0,44.4,11.8,6.2,80.7,2.3,2.3,1008.9
2022-10-28,S03,19.5,26.5,53.8,16.2,11.1,81.8,0.3,0.0,1010.4
2022-10-29,S03,8.8,16.5,24.3,20.2,5.3,80.2,8.7,0.0,1010.4
2022-10-30,S03,17.5,35.3,41.8,16.8,8.3,89.3,3.6,1.5,1006.8
2022-10-31,S03,22.3,39.8,45.8,28.7,7.3,87.6,2.4,1.6,1007.9
2022-11-01,S03,36.2,53.9,66.6,9.6,7.8,82.7,0.3,0.0,1012.9
2022-11-02,S03,36.7,63.3,,11.3,5.0,71.2,2.8,0.0,1008.7
2022-11-03,S03,34.6,57.7,44.7,6.2,4.4,79.0,3.2,0.0,1008.1
2022-11-04,S03,29.4,43.9,41.2,9.2,8.7,87.4,2.1,0.0,1003.5
2022-11-05,S03,17.9,,39.2,16.6,9.0,87.2,0.9,17.6,1009.2
2022-11-06,S03,22.2,30.8,54.3,5.1,14.0,65.9,0.9,0.0,1009.6
2022-11-07,S03,9.6,15.0,16.7,43.2,14.3,86.0,9.5,1.9,1006.9
2022-11-08,S03,29.1,47.6,62.6,15.3,13.2,65.9,3.0,0.0,1008.5
2022-11-09,S03,26.9,42.2,73.2,9.5,15.9,63.4,2.0,0.0,1004.6
2022-11-10,S03,16.4,28.6,36.5,38.9,14.0,73.3,3.1,0.0,1002.1
2022-11-11,S03,22.7,35.9,28.8,32.4,13.3,75.4,2.7,0.0,998.4
2022-11-12,S03,40.2,59.2,57.7,11.5,10.2,83.4,1.0,2.2,997.1
2022-11-13,S03,25.8,40.3,53.2,29.5,9.7,84.2,4.8,0.3,1005.7
2022-11-14,S03,30.2,53.7,35.4,4.2,6.2,66.6,2.7,0.0,1004.2
2022-11-15,S03,39.5,54.6,62.6,4.3,8.0,72.2,3.1,0.0,1007.8
2022-11-16,S03,22.6,33.9,20.3,37.8,5.4,81.5,7.3,5.5,1005.5
2022-11-17,S03,45.2,66.1,40.7,30.8,6.1,68.1,1.0,0.0,1010.1
2022-11-18,S03,45.4,76.9,55.3,12.9,4.7,86.4,1.7,0.0,1006.5
2022-11-19,S03,22.0,33.6,46.8,26.2,8.7,89.6,4.1,2.5,1008.0
2022-11-20,S03,17.8,34.4,34.6,22.4,8.6,87.5,5.0,4.1,1009.2
2022-11-21,S03,26.7,45.7,49.0,20.1,12.4,75.3,1.8,0.0,1019.3
2022-11-22,S03,26.4,,55.0,25.5,12.5,78.8,2.0,0.0,1020.5
2022-11-23,S03,25.3,42.1,47.4,27.2,4.7,78.1,5.1,0.0,1016.7
2022-11-24,S03,11.3,20.9,19.1,,4.8,76.7,10.4,0.0,1018.7
2022-11-25,S03,24.8,41.6,38.0,18.3,2.3,80.0,3.5,0.0,1026.1
2022-11-26,S03,48.2,73.9,68.0,2.0,1.3,83.5,1.7,0.0,1017.0
2022-11-27,S03,68.5,113.9,57.6,12.8,5.4,75.0,1.5,0.0,1012.8
2022-11-28,S03,55.2,82.9,49.6,11.7,7.7,71.7,2.8,0.0,1011.9
2022-11-29,S03,26.3,43.8,32.1,19.7,3.7,63.8,5.3,0.0,1010.4
2022-11-30,S03,14.0,27.3,22.8,33.8,1.3,81.5,11.8,0.0,1009.6
2022-12-01,S03,48.5,80.1,41.4,3.3,2.6,76.0,2.1,0.0,1005.1
2022-12-02,S03,51.9,75.6,49.7,,-0.4,70.5,3.5,0.0,1012.3
2022-12-03,S03,36.6,51.2,28.6,20.1,-0.8,90.2,8.8,0.0,1006.7
2022-12-04,S03,36.7,64.4,43.7,5.5,0.1,89.3,4.4,0.0,1007.2
2022-12-05,S03,30.3,50.9,53.0,11.8,4.7,91.2,3.1,0.0,1012.5
2022-12-06,S03,11.8,19.8,23.7,33.1,5.2,72.3,7.4,0.0,1012.5
2022-12-07,S03,37.7,57.1,58.1,6.8,-1.8,81.3,3.0,0.0,1008.7
2022-12-08,S03,56.2,90.9,57.8,3.2,0.6,71.8,1.3,0.0,1004.2
2022-12-09,S03,16.2,26.3,30.4,19.7,1.3,83.1,6.0,0.0,1005.0
2022-12-10,S03,34.2,54.5,44.5,2.0,3.4,85.5,0.8,0.0,1003.6
2022-12-11,S03,20.9,34.3,51.0,16.8,6.6,72.2,5.3,0.0,1006.3
2022-12-12,S03,16.0,21.7,48.8,5.0,-0.5,94.2,3.0,4.0,1002.0
2022-12-13,S03,21.9,41.2,48.7,2.0,-1.5,71.9,2.6,0.0,1007.5
2022-12-14,S03,39.2,65.7,39.8,9.9,1.3,84.2,2.6,0.0,1009.0
2022-12-15,S03,32.0,53.1,64.9,2.0,-3.2,78.8,2.9,0.0,1010.6
2022-12-16,S03,36.8,61.3,62.7,16.9,2.0,76.8,2.3,0.0,1016.8
2022-12-17,S03,46.8,72.2,50.1,11.3,2.9,72.4,4.0,0.0,1014.3
2022-12-18,S03,37.4,73.6,49.2,10.4,4.4,71.4,2.2,0.0,1011.2
2022-12-19,S03,22.8,,70.0,2.0,2.6,90.7,0.6,15.2,1009.3
2022-12-20,S03,44.2,60.0,40.3,26.5,3.6,79.8,2.8,0.0,1009.3
2022-12-21,S03,49.6,73.9,61.2,2.0,4.6,90.0,0.5,0.6,1009.7
2022-12-22,S03,46.9,76.2,46.7,5.0,4.2,84.0,2.8,0.0,1007.0
2022-12-23,S03,40.0,68.5,,15.3,4.4,81.3,2.2,0.0,1000.1
2022-12-24,S03,23.2,,26.6,21.2,3.8,81.5,4.9,0.0,1000.5
2022-12-25,S03,37.5,59.4,75.2,2.0,0.4,100.0,2.4,0.5,1004.4
2022-12-26,S03,22.1,41.7,56.3,2.5,1.6,93.9,4.6,0.8,1006.7
2022-12-27,S03,32.5,49.3,34.0,7.6,0.7,78.7,4.3,0.0,1012.7
2022-12-28,S03,29.9,47.3,46.0,9.8,1.4,86.8,4.6,0.0,1020.6
2022-12-29,S03,37.4,59.0,37.7,23.4,3.8,97.5,2.1,3.0,1022.1
2022-12-30,S03,68.1,93.7,51.5,5.9,0.0,84.0,2.7,0.0,1025.8
2022-12-31,S03,23.8,34.2,28.3,16.8,-0.6,80.8,4.2,6.8,1026.3
2023-01-01,S03,31.1,47.1,42.2,9.8,4.4,75.0,3.3,0.0,1030.5
2023-01-02,S03,34.9,49.5,46.4,8.8,1.5,77.4,2.4,0.0,1034.4
2023-01-03,S03,37.8,49.9,73.3,2.0,-2.1,100.0,1.6,3.0,1033.9
2023-01-04,S03,37.9,57.4,69.4,2.0,-0.0,92.5,2.9,6.9,1032.6
2023-01-05,S03,45.6,65.2,82.6,2.0,2.4,86.1,0.8,0.0,1027.8
2023-01-06,S03,82.1,113.2,78.2,7.5,1.6,86.4,0.4,0.0,1024.7
2023-01-07,S03,29.6,47.8,53.2,22.0,5.7,84.7,1.5,0.0,1021.0
2023-01-08,S03,19.2,27.5,40.3,18.9,6.6,90.5,4.7,0.0,1021.9
2023-01-09,S03,22.9,39.7,45.5,9.7,6.0,69.0,3.6,0.0,1017.2
2023-01-10,S03,16.7,31.2,29.6,15.9,5.7,93.6,4.8,4.6,1015.6
2023-01-11,S03,32.0,46.1,60.7,13.8,9.9,81.3,1.5,1.3,1005.7
2023-01-12,S03,19.4,32.4,39.8,32.6,6.4,67.9,5.5,0.0,1014.0
2023-01-13,S03,30.2,51.0,70.3,2.0,-0.7,87.4,1.0,7.7,1012.9
2023-01-14,S03,40.0,65.5,34.5,15.2,4.3,89.4,1.3,0.0,1014.8
2023-01-15,S03,18.9,30.4,35.7,25.0,2.8,82.8,6.7,0.0,1020.3
2023-01-16,S03,30.1,43.2,56.6,2.0,2.5,99.5,3.2,0.3,1020.0
2023-01-17,S03,13.8,25.6,37.0,13.6,5.0,92.0,5.0,1.5,1024.4
2023-01-18,S03,21.6,35.7,42.3,6.0,-1.8,100.0,3.8,5.6,1017.1
2023-01-19,S03,78.1,108.6,44.0,2.0,-4.3,82.3,2.0,0.0,1025.9
2023-01-20,S03,53.3,93.2,48.0,,-5.7,81.0,1.2,0.0,1027.7
2023-01-21,S03,69.0,96.2,69.8,2.0,-5.3,81.7,0.6,0.0,1025.6
2023-01-22,S03,17.0,25.9,32.3,17.8,-2.7,89.4,7.2,0.0,1028.8
2023-01-23,S03,,50.5,59.1,2.0,-0.7,77.0,0.8,0.0,1020.9
2023-01-24,S03,10.4,26.5,42.9,16.5,1.2,75.4,7.2,0.0,1018.2
2023-01-25,S03,32.3,45.9,38.2,2.0,-2.6,93.8,3.4,0.0,1022.9
2023-01-26,S03,41.8,60.8,47.7,2.0,-7.0,92.8,3.6,0.0,1013.5
2023-01-27,S03,34.9,49.3,69.9,2.0,-5.8,92.8,3.7,0.0,1015.6
2023-01-28,S03,47.6,82.0,44.5,2.0,-4.2,81.4,4.0,0.0,1017.2
2023-01-29,S03,47.3,72.4,56.3,2.0,-0.7,79.3,1.9,0.0,1024.3
2023-01-30,S03,67.3,98.3,60.6,2.0,1.2,81.5,0.4,0.0,1015.7
2023-01-31,S03,31.8,49.4,61.1,2.0,1.8,98.6,2.0,5.4,1021.6
2023-02-01,S03,26.0,39.8,27.3,16.0,3.2,86.2,4.3,0.0,1017.6
2023-02-02,S03,73.8,124.8,53.4,2.0,3.2,80.4,1.3,0.0,1014.9
2023-02-03,S03,19.5,30.2,33.7,21.9,4.6,100.0,6.2,1.5,1009.6
2023-02-04,S03,80.2,114.4,40.9,8.0,1.0,86.0,2.7,0.0,1006.0
2023-02-05,S03,64.0,102.8,62.4,2.0,0.6,82.6,1.2,0.0,1009.0
2023-02-06,S03,24.9,39.8,54.7,3.2,1.4,95.8,3.3,7.4,1005.3
2023-02-07,S03,26.1,37.3,46.7,13.3,3.7,87.5,3.8,0.0,1009.8
2023-02-08,S03,31.5,52.1,56.6,10.9,1.3,90.8,5.0,0.0,1007.8
2023-02-09,S03,52.1,76.8,56.4,2.0,3.6,83.4,0.2,0.0,1004.0
2023-02-10,S03,26.8,,44.7,3.7,2.1,87.8,4.6,1.0,1003.7
2023-02-11,S03,,90.8,64.8,2.0,2.2,78.3,0.8,0.0,1006.9
2023-02-12,S03,18.9,34.5,34.1,22.6,2.9,82.2,5.7,0.0,1007.0
2023-02-13,S03,11.2,17.1,47.4,2.0,-1.2,100.0,5.8,4.3,1008.3
2023-02-14,S03,38.8,48.5,64.8,2.0,-3.0,86.2,1.3,0.0,1012.1
2023-02-15,S03,25.7,41.8,48.7,2.0,-5.4,98.2,1.5,2.4,1016.6
2023-02-16,S03,20.9,31.4,55.0,2.0,-9.0,100.0,4.7,6.9,1014.6
2023-02-17,S03,25.1,42.0,54.5,2.0,-6.8,85.0,2.0,0.0,1010.1
2023-02-18,S03,15.1,27.0,35.5,12.4,-1.8,82.7,5.9,0.0,1011.0
2023-02-19,S03,11.1,17.6,30.0,12.2,-1.3,83.5,7.7,0.0,1013.3
2023-02-20,S03,26.5,37.4,68.6,2.0,0.5,91.7,1.1,0.0,1007.4
2023-02-21,S03,22.5,34.9,65.2,2.0,4.6,79.0,1.6,0.0,1004.9
2023-02-22,S03,11.1,22.5,39.9,17.9,7.3,88.8,3.6,2.4,1003.7
2023-02-23,S03,36.3,67.8,56.2,2.0,5.2,84.1,0.4,1.7,1004.7
2023-02-24,S03,21.2,35.7,35.7,26.5,8.9,87.0,0.6,9.3,1003.3
2023-02-25,S03,34.4,,44.7,15.6,7.0,85.5,1.4,0.0,1008.1
2023-02-26,S03,7.3,15.6,20.1,35.7,3.9,98.8,9.4,6.3,1002.7
2023-02-27,S03,,33.6,48.0,2.0,2.4,92.3,3.5,2.7,998.4
2023-02-28,S03,37.9,58.3,54.0,2.0,-0.4,94.4,1.9,3.0,1000.0
2023-03-01,S03,45.7,62.3,48.5,2.0,-0.8,85.4,1.5,0.0,1001.9
2023-03-02,S03,52.7,81.8,61.2,2.0,-0.8,79.7,1.3,0.0,998.3
2023-03-03,S03,43.6,65.6,50.7,9.8,3.6,83.5,2.0,0.0,998.8
2023-03-04,S03,22.8,34.8,29.0,19.8,7.6,76.0,2.0,0.0,1000.0
2023-03-05,S03,37.0,65.0,60.9,12.4,3.9,75.3,2.5,0.0,1001.1
2023-03-06,S03,23.9,49.9,48.0,16.0,4.7,95.9,4.5,1.1,1004.1
2023-03-07,S03,39.3,74.4,47.2,2.0,1.8,78.4,2.7,0.0,1003.2
2023-03-08,S03,23.3,39.7,40.2,25.1,5.1,83.3,4.9,2.1,1011.1
2023-03-09,S03,41.3,66.9,44.8,18.7,3.8,86.9,2.7,0.0,1013.4
2023-03-10,S03,26.7,41.8,22.4,18.1,-0.5,98.3,7.7,0.0,1010.1
2023-03-11,S03,31.9,45.4,62.8,18.7,3.2,73.9,4.4,0.0,1011.1
2023-03-12,S03,35.2,54.7,52.0,7.3,3.5,82.2,3.4,1.0,1011.9
2023-03-13,S03,25.1,38.9,48.1,10.9,3.1,67.9,4.6,0.0,1017.0
2023-03-14,S03,42.4,55.1,52.4,2.0,0.9,82.5,1.7,0.0,1013.8
2023-03-15,S03,57.5,80.8,,2.0,0.2,86.6,2.6,0.0,1016.7
2023-03-16,S03,80.8,110.9,37.8,8.1,3.4,77.2,2.3,0.0,1016.1
2023-03-17,S03,62.0,100.0,50.4,2.0,3.7,79.5,1.7,0.0,1021.5
2023-03-18,S03,40.4,60.7,64.5,2.0,4.9,92.5,1.0,12.9,1024.9
2023-03-19,S03,23.6,36.3,33.2,23.3,6.5,70.6,4.6,0.0,1023.3
2023-03-20,S03,27.0,46.7,38.6,40.1,10.3,69.6,5.5,0.0,1020.2
2023-03-21,S03,14.4,34.2,40.5,29.3,8.0,84.8,4.2,4.5,1020.8
2023-03-22,S03,55.8,77.9,47.2,14.9,4.4,67.2,3.1,0.0,1018.5
2023-03-23,S03,12.2,30.4,18.3,48.4,7.0,68.3,10.3,0.0,1024.1
2023-03-24,S03,61.0,91.4,52.9,14.5,7.8,70.1,1.8,0.0,1022.2
2023-03-25,S03,49.5,77.1,57.5,13.1,9.7,73.1,3.7,0.0,1018.8
2023-03-26,S03,22.2,34.7,30.7,31.9,10.7,74.6,6.3,0.0,1015.8
2023-03-27,S03,63.4,89.8,56.6,14.9,9.4,78.0,1.2,0.0,1010.4
2023-03-28,S03,21.1,44.5,40.8,23.4,10.0,62.2,4.6,0.0,1013.1
2023-03-29,S03,11.1,23.7,18.4,52.6,13.7,59.7,8.2,0.0,1009.8
2023-03-30,S03,16.1,26.1,37.2,47.2,17.4,73.4,2.9,0.0,1014.8
2023-03-31,S03,18.4,33.5,36.1,21.7,14.8,54.6,3.2,0.0,1009.3
2023-04-01,S03,19.2,34.7,28.7,31.2,13.7,88.4,1.8,1.5,1010.6
2023-04-02,S03,22.0,29.5,38.0,16.2,15.7,57.7,4.5,0.0,1015.6
2023-04-03,S03,66.1,89.6,38.6,24.2,11.4,78.5,1.6,0.0,1006.5
2023-04-04,S03,40.3,,46.1,24.5,11.0,68.8,3.2,0.0,1015.9
2023-04-05,S03,24.3,38.5,43.4,35.5,10.9,76.8,0.9,0.0,1013.6
2023-04-06,S03,34.9,,80.9,23.1,11.3,88.9,0.2,0.0,1014.0
2023-04-07,S03,28.9,41.2,43.8,26.7,8.7,60.6,2.2,0.0,1016.1
2023-04-08,S03,44.2,63.4,74.0,2.0,5.3,78.5,1.9,0.0,1018.4
2023-04-09,S03,53.8,74.9,48.9,2.0,2.0,64.8,2.4,0.0,1018.4
2023-04-10,S03,26.3,37.9,40.2,2.0,1.1,80.5,4.7,0.0,1021.3
2023-04-11,S03,14.4,24.4,47.8,26.6,2.9,77.9,6.0,0.0,1021.7
2023-04-12,S03,18.2,31.7,33.7,11.4,5.2,92.9,4.1,6.1,1027.0
2023-04-13,S03,24.2,,37.0,27.5,11.7,64.8,4.0,0.0,1026.3
2023-04-14,S03,36.6,54.6,48.4,22.1,14.8,73.9,1.7,0.0,1031.5
2023-04-15,S03,29.4,39.0,52.0,11.3,11.6,75.7,1.3,5.3,1031.4
2023-04-16,S03,35.2,51.9,33.9,35.1,11.3,77.4,4.9,0.0,1020.5
2023-04-17,S03,33.1,58.1,47.9,22.3,11.1,68.2,1.2,0.0,1029.4
2023-04-18,S03,21.1,31.3,59.8,2.0,10.3,64.6,1.0,0.0,1023.9
2023-04-19,S03,2.9,9.1,12.8,46.6,10.9,90.8,15.0,5.9,1027.7
2023-04-20,S03,18.5,29.1,48.0,30.2,12.9,68.2,3.0,0.0,1024.8
2023-04-21,S03,25.2,39.6,48.6,23.6,12.0,82.1,1.9,0.0,1026.7
2023-04-22,S03,17.7,29.9,48.9,26.3,14.9,76.8,1.8,0.0,1021.2
2023-04-23,S03,22.9,35.3,62.8,21.9,11.2,75.8,0.9,1.0,1022.1
2023-04-24,S03,18.2,27.1,35.4,19.3,12.0,70.4,3.6,0.0,1019.3
2023-04-25,S03,24.6,40.3,50.8,35.7,20.1,75.9,2.3,0.4,1024.3
2023-04-26,S03,14.1,20.3,29.2,49.7,16.9,74.4,5.3,0.0,1023.8
2023-04-27,S03,22.8,36.6,25.2,46.9,20.7,68.9,4.3,0.0,1025.4
2023-04-28,S03,29.1,44.8,36.8,43.9,18.4,67.0,2.6,0.0,1014.3
2023-04-29,S03,37.0,60.8,42.0,26.5,18.3,68.1,0.5,0.0,1013.7
2023-04-30,S03,36.9,61.8,40.8,29.8,16.0,66.7,3.0,0.0,1015.2
2023-05-01,S03,17.5,33.1,36.1,23.4,16.2,89.9,2.9,1.8,1015.6
2023-05-02,S03,39.7,70.9,52.5,5.2,12.7,71.7,0.4,0.0,1019.0
2023-05-03,S03,20.0,32.5,40.0,34.2,15.3,66.5,4.5,0.0,1016.3
2023-05-04,S03,29.5,49.7,63.3,25.7,13.6,64.6,1.1,0.0,1015.8
2023-05-05,S03,13.1,28.1,29.6,41.3,14.4,77.2,6.2,1.4,1020.0
2023-05-06,S03,25.2,48.6,48.1,48.0,18.4,69.1,2.8,13.3,1009.5
2023-05-07,S03,24.1,37.1,,34.1,18.0,72.8,1.7,1.6,1012.5
2023-05-08,S03,23.5,34.4,27.8,21.3,15.4,76.9,2.9,0.0,1011.3
2023-05-09,S03,14.8,29.3,28.0,45.1,16.7,62.8,3.7,0.0,1008.0
2023-05-10,S03,17.0,38.8,34.2,30.9,16.2,82.4,3.6,0.2,1010.3
2023-05-11,S03,12.7,21.6,36.4,47.5,18.6,49.2,5.0,0.0,1015.8
2023-05-12,S03,13.5,21.8,36.4,12.8,12.3,85.2,3.5,4.7,1019.4
2023-05-13,S03,18.3,34.2,57.5,21.4,13.2,67.7,1.5,0.0,1017.6
2023-05-14,S03,28.1,46.4,62.7,22.9,9.6,69.2,2.6,0.0,1020.2
2023-05-15,S03,15.3,30.7,24.3,37.2,8.2,76.0,6.9,0.0,1022.2
2023-05-16,S03,26.0,44.4,69.4,19.2,13.6,65.9,1.5,0.0,1020.0
2023-05-17,S03,11.0,26.4,24.8,44.2,17.2,54.5,4.0,0.0,1015.8
2023-05-18,S03,9.8,17.0,46.1,33.9,15.7,72.0,4.7,0.0,1012.7
2023-05-19,S03,11.1,20.6,34.6,31.0,12.4,83.0,4.3,9.3,1016.1
2023-05-20,S03,29.5,42.5,42.6,21.9,6.6,78.1,2.9,0.0,1015.3
2023-05-21,S03,31.7,57.7,40.4,16.1,8.3,67.0,3.6,0.0,1010.7
2023-05-22,S03,30.5,49.9,28.9,38.3,17.0,54.1,4.1,0.0,1004.4
2023-05-23,S03,18.9,24.2,60.3,20.4,18.5,80.1,1.3,9.0,1009.5
2023-05-24,S03,42.1,65.1,32.3,44.9,16.4,87.6,3.2,0.9,1008.0
2023-05-25,S03,7.7,13.4,15.1,,18.9,67.8,11.1,0.0,1010.3
2023-05-26,S03,21.0,39.5,27.2,26.4,13.6,60.8,3.8,0.0,1015.8
2023-05-27,S03,,32.3,32.0,42.8,14.5,71.4,3.3,0.0,1010.0
2023-05-28,S03,29.2,44.0,34.9,36.0,16.1,67.4,2.4,0.0,1010.4
2023-05-29,S03,38.3,54.4,36.9,30.1,16.9,72.2,1.7,0.0,1010.3
2023-05-30,S03,24.4,38.3,32.8,54.2,19.5,71.4,4.1,0.0,1012.3
2023-05-31,S03,25.7,43.6,27.8,47.5,20.7,42.5,3.9,0.0,1017.4
2023-06-01,S03,18.6,26.3,53.3,30.4,21.3,76.4,2.8,3.3,1011.2
2023-06-02,S03,5.7,12.2,13.3,75.8,18.5,70.0,13.1,3.9,1013.9
2023-06-03,S03,30.8,50.5,46.4,35.4,21.1,63.9,1.7,8.8,1017.8
2023-06-04,S03,48.3,69.3,53.0,70.7,24.5,59.0,1.4,0.0,1016.1
2023-06-05,S03,20.6,35.4,59.2,36.7,20.9,65.6,2.6,0.0,1014.9
2023-06-06,S03,47.1,66.3,45.3,21.8,17.5,58.4,3.0,0.0,1016.2
2023-06-07,S03,33.9,45.9,42.4,57.8,21.8,67.4,1.4,0.0,1017.0
2023-06-08,S03,19.0,33.9,29.6,50.0,21.5,68.4,3.3,0.0,1018.5
2023-06-09,S03,15.8,26.1,36.6,57.0,24.0,61.2,4.0,0.0,1019.6
2023-06-10,S03,33.2,54.5,42.0,50.9,21.1,56.2,4.1,0.0,1014.4
2023-06-11,S03,32.5,59.4,43.2,39.5,24.6,56.9,2.0,0.0,1018.1
2023-06-12,S03,14.7,25.8,23.3,46.0,22.6,70.4,8.0,0.0,1021.7
2023-06-13,S03,17.9,26.3,34.5,70.2,23.2,50.7,4.3,0.0,1020.7
2023-06-14,S03,,35.4,29.1,46.3,27.1,69.4,1.9,0.0,1013.2
2023-06-15,S03,27.7,51.2,44.0,59.7,23.0,59.6,1.8,0.0,1012.7
2023-06-16,S03,21.0,32.0,47.1,44.1,19.5,62.5,2.3,0.0,1013.5
2023-06-17,S03,17.1,,34.4,46.3,18.9,56.1,3.9,0.0,1008.9
2023-06-18,S03,15.8,28.6,39.5,46.5,21.2,64.4,4.8,0.0,1008.2
2023-06-19,S03,26.7,35.0,40.6,60.9,17.6,70.9,4.6,0.0,1003.6
2023-06-20,S03,6.7,14.4,14.3,61.9,19.8,56.4,11.7,0.0,1007.9
2023-06-21,S03,29.4,46.8,52.3,26.8,17.9,71.3,0.6,0.0,1009.6
2023-06-22,S03,18.1,29.7,37.5,54.7,22.1,62.4,3.2,0.0,1003.7
2023-06-23,S03,5.9,13.7,13.3,51.4,16.7,76.2,9.4,4.9,1006.9
2023-06-24,S03,35.7,50.7,30.9,32.0,15.2,77.0,4.7,0.0,1007.9
2023-06-25,S03,47.3,67.7,37.4,27.0,12.9,54.6,1.5,0.0,1011.0
2023-06-26,S03,15.5,23.1,38.7,37.4,13.4,71.4,3.4,0.0,1009.8
2023-06-27,S03,18.2,33.4,44.9,48.1,15.5,91.6,2.7,0.8,1007.3
2023-06-28,S03,18.7,35.9,37.3,56.4,17.8,76.7,2.7,0.0,1005.3
2023-06-29,S03,25.5,39.1,35.8,24.8,18.2,70.7,1.8,0.0,1004.7
2023-06-30,S03,17.3,28.9,39.6,47.5,17.4,61.6,3.0,0.0,1006.4
2023-07-01,S03,6.1,15.3,44.9,39.7,19.1,73.8,6.2,14.1,1008.3
2023-07-02,S03,37.4,56.0,26.1,33.3,17.3,64.2,2.4,0.0,1008.5
2023-07-03,S03,25.6,35.4,33.8,46.5,21.0,72.1,4.6,0.0,1007.7
2023-07-04,S03,18.5,29.5,27.6,50.7,22.1,59.6,5.1,0.0,1007.4
2023-07-05,S03,23.2,44.7,23.9,53.7,23.3,66.8,6.8,0.0,1018.5
2023-07-06,S03,22.1,35.8,42.2,30.2,23.9,87.0,1.7,7.5,1014.3
2023-07-07,S03,24.5,40.5,36.4,64.0,24.0,61.3,2.7,0.0,1011.8
2023-07-08,S03,27.2,38.5,48.1,64.0,28.6,63.5,1.8,0.5,1025.2
2023-07-09,S03,23.0,37.6,35.3,57.9,26.2,50.2,3.2,0.0,1024.5
2023-07-10,S03,20.0,30.0,23.9,48.7,23.9,69.1,3.3,0.0,1016.7
2023-07-11,S03,31.1,49.4,59.3,48.2,21.5,60.7,1.1,0.0,1019.3
2023-07-12,S03,31.5,,47.4,39.6,18.9,83.4,3.0,1.1,1014.4
2023-07-13,S03,8.3,12.1,16.4,52.4,16.4,74.8,10.1,11.6,1017.8
2023-07-14,S03,10.3,20.2,33.0,26.8,15.6,85.2,4.5,2.0,1016.0
2023-07-15,S03,16.8,30.1,58.7,36.3,18.3,80.0,1.0,10.1,1013.6
2023-07-16,S03,25.6,39.7,54.5,33.0,19.2,57.5,1.4,0.0,1019.9
2023-07-17,S03,29.8,42.6,49.3,45.7,20.8,73.9,3.1,0.6,1020.8
2023-07-18,S03,39.0,77.7,47.4,37.1,18.3,55.8,1.5,0.0,1023.1
2023-07-19,S03,17.6,33.9,30.2,63.5,22.1,86.8,6.8,1.8,1022.8
2023-07-20,S03,40.7,54.8,61.5,45.1,24.4,70.5,1.0,0.6,1019.1
2023-07-21,S03,20.2,32.5,32.6,49.7,22.3,67.0,3.8,0.0,1020.3
2023-07-22,S03,27.4,56.9,51.0,41.9,20.2,60.3,0.9,0.0,1023.7
2023-07-23,S03,18.5,32.3,24.1,59.9,21.9,58.3,3.2,0.0,1022.1
2023-07-24,S03,28.8,44.0,32.9,59.5,22.4,64.0,1.3,0.0,1027.5
2023-07-25,S03,13.0,23.8,35.0,37.1,18.6,72.7,4.8,0.0,1028.0
2023-07-26,S03,9.6,14.6,33.4,57.9,19.1,64.2,5.6,0.0,1025.8
2023-07-27,S03,16.9,29.3,31.8,35.7,20.2,74.0,4.0,3.6,1024.3
2023-07-28,S03,13.4,29.1,26.2,59.3,19.3,65.2,5.5,0.0,1022.6
2023-07-29,S03,31.4,47.9,46.1,31.6,19.6,70.9,0.3,0.0,1015.7
2023-07-30,S03,18.9,25.3,36.9,45.2,16.1,77.4,3.6,0.0,1014.8
2023-07-31,S03,22.7,38.1,22.0,65.3,21.6,76.0,3.8,0.4,1015.3
2023-08-01,S03,13.7,28.4,35.8,59.3,24.6,65.9,4.5,0.0,1013.2
2023-08-02,S03,15.4,26.3,48.2,,23.3,66.9,0.7,0.0,1014.5
2023-08-03,S03,11.4,22.9,37.2,53.6,23.9,64.7,3.7,3.7,1014.3
2023-08-04,S03,14.0,32.3,32.5,38.1,16.5,59.8,4.3,0.0,1017.1
2023-08-05,S03,12.6,24.9,27.6,46.7,14.6,77.8,3.5,12.0,1018.9
2023-08-06,S03,19.4,30.2,37.0,30.2,14.8,60.8,1.1,0.0,1018.4
2023-08-07,S03,26.9,38.7,59.1,8.0,14.0,88.9,1.8,0.5,1011.9
2023-08-08,S03,15.2,23.4,24.2,58.3,18.2,67.2,6.2,0.0,1019.3
2023-08-09,S03,11.6,19.8,30.6,67.4,23.2,72.7,6.8,4.3,1017.4
2023-08-10,S03,18.9,31.9,25.6,50.0,19.0,46.0,4.8,0.0,1016.2
2023-08-11,S03,13.5,39.4,32.6,38.7,17.9,92.8,4.5,7.8,1014.2
2023-08-12,S03,23.3,33.5,28.1,41.4,19.5,61.0,5.1,0.0,1012.0
2023-08-13,S03,36.6,57.8,32.7,48.5,23.3,85.6,3.9,0.8,1018.4
2023-08-14,S03,18.3,37.2,23.4,58.1,19.8,55.1,7.1,0.0,1022.9
2023-08-15,S03,8.3,17.0,,38.8,20.4,74.1,6.5,6.5,1022.7
2023-08-16,S03,3.3,9.2,19.6,84.1,25.1,59.6,13.4,4.6,1020.3
2023-08-17,S03,21.9,34.1,42.7,43.0,20.0,79.5,2.3,0.2,1021.3
2023-08-18,S03,12.0,23.0,38.9,47.4,17.2,72.2,1.9,15.2,1019.9
2023-08-19,S03,12.2,20.8,38.4,37.5,16.3,72.8,0.2,2.4,1017.8
2023-08-20,S03,14.9,23.6,26.8,34.1,15.4,61.1,3.6,0.0,1018.2
2023-08-21,S03,7.9,18.0,28.7,42.7,18.8,67.6,8.6,0.0,1015.4
2023-08-22,S03,9.2,15.5,20.5,49.7,20.3,81.7,6.2,1.5,1015.9
2023-08-23,S03,22.5,30.6,29.1,50.9,14.4,81.7,4.8,0.0,1016.2
2023-08-24,S03,9.3,17.6,25.7,55.0,18.1,62.6,7.2,0.0,1017.9
2023-08-25,S03,11.7,30.2,19.9,49.3,16.3,83.1,4.2,0.4,1014.5
2023-08-26,S03,15.3,23.7,30.3,42.0,20.3,59.6,2.7,0.0,1017.0
2023-08-27,S03,3.2,9.5,13.6,65.6,17.7,78.1,10.6,6.1,1012.6
2023-08-28,S03,10.9,22.1,30.7,28.1,16.0,75.3,3.8,3.3,1010.4
2023-08-29,S03,10.6,17.2,29.1,57.6,18.3,68.7,6.1,0.0,1008.8
2023-08-30,S03,16.6,25.4,61.1,26.3,20.9,71.4,0.3,0.0,1005.3
2023-08-31,S03,11.9,22.2,43.4,23.2,20.4,69.2,0.3,0.0,1010.9
2023-09-01,S03,10.4,20.9,32.6,58.5,16.4,62.2,3.6,0.0,1007.5
2023-09-02,S03,16.0,29.0,42.3,37.0,17.3,71.6,1.7,0.0,1005.8
2023-09-03,S03,6.6,11.5,30.6,37.9,14.5,85.6,3.6,2.6,1012.2
2023-09-04,S03,17.0,25.3,45.2,19.3,16.5,65.2,2.1,0.0,1010.1
2023-09-05,S03,4.8,7.3,18.0,59.1,13.4,80.2,11.7,3.3,1009.9
2023-09-06,S03,12.6,30.5,15.8,55.2,15.5,75.4,6.3,4.6,1006.5
2023-09-07,S03,12.1,19.5,28.0,42.8,13.9,95.6,7.5,2.2,1011.1
2023-09-08,S03,45.1,57.2,52.6,28.1,12.4,72.6,0.5,0.0,1014.9
2023-09-09,S03,10.2,18.7,32.6,49.6,14.9,70.1,5.0,0.0,1017.5
2023-09-10,S03,18.6,26.9,50.0,36.9,15.7,74.8,2.6,5.9,1018.7
2023-09-11,S03,19.7,31.1,18.7,27.8,14.0,86.1,6.7,0.0,1017.9
2023-09-12,S03,33.3,56.7,24.9,41.1,19.3,76.3,4.7,0.0,1014.8
2023-09-13,S03,35.5,57.0,38.0,51.4,16.6,60.7,2.8,0.0,1011.2
2023-09-14,S03,17.5,32.3,28.6,37.2,16.5,80.2,1.1,2.6,1016.7
2023-09-15,S03,25.1,36.8,33.4,43.6,17.6,63.2,3.8,0.0,1019.0
2023-09-16,S03,14.1,22.2,32.4,38.4,16.1,82.9,6.2,5.1,1015.0
2023-09-17,S03,22.4,37.1,30.1,41.0,16.5,62.9,6.1,0.0,1014.8
2023-09-18,S03,21.8,,41.7,41.4,14.6,86.4,2.3,5.0,1013.2
2023-09-19,S03,6.9,10.4,16.8,65.6,13.8,91.0,10.9,4.0,1008.7
2023-09-20,S03,10.5,22.9,26.0,54.8,17.3,60.8,5.9,0.0,1010.3
2023-09-21,S03,28.1,37.2,41.3,33.2,13.9,77.2,1.4,0.8,1009.1
2023-09-22,S03,29.2,46.4,53.3,18.9,8.0,82.7,1.3,1.6,1006.1
2023-09-23,S03,38.2,67.9,28.7,35.4,14.6,66.8,2.7,0.0,1001.6
2023-09-24,S03,26.2,41.8,54.6,30.7,20.5,86.1,2.3,12.7,997.6
2023-09-25,S03,11.4,17.6,28.8,34.9,18.3,72.1,4.2,0.0,999.2
2023-09-26,S03,22.7,36.2,44.7,37.2,11.6,81.0,3.1,0.0,1001.6
2023-09-27,S03,21.9,39.9,43.5,24.9,11.3,83.5,2.5,16.1,1000.4
2023-09-28,S03,34.8,64.7,39.5,28.2,12.0,67.9,0.8,0.0,1005.5
2023-09-29,S03,9.2,20.6,44.4,31.5,11.5,78.1,4.7,6.2,1006.7
2023-09-30,S03,38.8,64.9,65.4,14.2,9.2,78.9,0.8,0.0,1010.3
2023-10-01,S03,9.2,17.3,21.6,41.7,11.8,87.9,6.1,2.3,1010.1
2023-10-02,S03,24.4,53.7,48.3,31.5,14.2,90.7,0.6,2.8,1007.5
2023-10-03,S03,27.2,43.4,55.0,9.3,9.6,72.8,0.7,0.0,1009.1
2023-10-04,S03,24.0,39.6,30.1,39.1,12.8,66.2,1.6,0.0,1004.8
2023-10-05,S03,24.1,38.5,25.7,35.9,17.2,70.2,2.6,0.0,1008.6
2023-10-06,S03,26.3,37.2,35.8,38.7,16.7,68.7,1.9,0.0,1005.7
2023-10-07,S03,33.2,49.1,32.0,23.8,14.2,62.7,2.2,0.0,1010.9
2023-10-08,S03,25.9,42.4,30.8,33.0,13.5,75.0,3.3,0.0,1009.9
2023-10-09,S03,34.3,55.3,34.1,26.9,14.6,71.0,1.5,0.0,1014.8
2023-10-10,S03,21.6,33.6,39.1,23.2,8.5,67.6,3.6,0.0,1010.0
2023-10-11,S03,28.4,57.7,45.5,23.9,10.1,62.3,0.3,0.0,1007.9
2023-10-12,S03,34.4,59.9,59.9,17.1,9.9,72.5,1.6,0.0,1010.4
2023-10-13,S03,55.4,86.2,49.3,,15.0,78.5,0.7,0.0,1015.6
2023-10-14,S03,23.4,40.4,32.8,46.4,13.5,81.3,6.3,0.0,1021.8
2023-10-15,S03,,55.3,31.0,34.9,16.4,85.6,1.6,5.4,1020.2
2023-10-16,S03,14.9,27.2,29.6,34.8,12.6,84.3,4.7,0.0,1026.1
2023-10-17,S03,42.3,62.0,52.0,24.6,12.4,67.7,0.6,0.0,1022.3
2023-10-18,S03,13.8,23.9,27.9,46.2,12.0,75.2,7.6,0.0,1024.8
2023-10-19,S03,34.9,54.5,36.3,14.9,9.5,71.6,3.2,0.0,1018.7
2023-10-20,S03,56.7,92.4,38.0,31.0,10.7,72.2,2.8,0.0,1019.2
2023-10-21,S03,62.8,87.1,46.0,13.6,12.4,64.9,0.8,0.0,1008.6
2023-10-22,S03,30.4,38.7,45.7,24.8,10.3,64.1,1.4,0.0,1005.0
2023-10-23,S03,,33.6,72.0,15.3,5.3,95.9,2.7,11.4,1008.5
2023-10-24,S03,32.4,58.5,54.5,14.8,7.3,72.2,1.4,0.0,1004.1
2023-10-25,S03,18.6,39.9,35.7,2.0,4.5,69.3,5.6,0.0,1007.6
2023-10-26,S03,18.0,42.9,34.9,2.8,5.6,83.7,3.0,0.8,1012.3
2023-10-27,S03,39.8,59.8,40.6,17.7,5.9,85.8,1.5,0.5,1010.4
2023-10-28,S03,24.1,40.1,37.1,2.0,2.1,98.5,5.1,0.7,1007.1
2023-10-29,S03,31.7,54.7,66.9,2.0,-0.4,92.7,2.3,0.0,1006.4
2023-10-30,S03,14.7,29.9,35.6,25.4,3.7,70.7,5.3,0.0,1003.8
2023-10-31,S03,31.0,57.7,49.3,15.9,3.1,76.8,2.2,0.0,1005.3
2023-11-01,S03,36.8,45.2,40.3,2.0,-1.7,74.2,3.8,0.0,1007.2
2023-11-02,S03,58.6,95.0,35.5,14.0,3.2,83.3,2.3,0.0,1007.1
2023-11-03,S03,39.0,51.9,39.8,21.0,5.2,81.4,5.2,0.0,1015.0
2023-11-04,S03,68.1,92.7,55.5,2.0,4.2,73.5,0.6,0.0,1011.7
2023-11-05,S03,98.3,153.0,65.3,2.7,1.5,81.2,0.8,0.0,1017.6
2023-11-06,S03,69.7,110.0,48.3,22.2,4.5,75.5,2.8,0.0,1012.5
2023-11-07,S03,44.2,70.0,40.7,20.9,6.6,78.6,1.9,0.0,1012.9
2023-11-08,S03,34.0,55.4,44.9,22.9,12.6,76.8,2.2,0.0,1017.6
2023-11-09,S03,32.9,49.7,27.8,38.7,11.4,73.9,4.2,0.0,1021.2
2023-11-10,S03,25.3,40.8,45.0,34.1,10.7,55.4,2.5,0.0,1017.9
2023-11-11,S03,14.0,18.5,36.7,37.2,10.2,76.3,4.1,0.0,1019.1
2023-11-12,S03,20.0,34.8,66.9,21.6,9.4,100.0,1.5,5.0,1019.6
2023-11-13,S03,29.6,47.4,44.7,6.5,10.5,81.6,0.5,0.0,1016.1
2023-11-14,S03,7.3,19.3,27.3,38.0,12.4,73.6,4.1,7.6,1018.0
2023-11-15,S03,7.0,13.4,22.0,42.7,8.4,74.0,8.9,0.0,1024.4
2023-11-16,S03,28.5,50.8,49.5,23.4,6.4,71.3,3.1,0.0,1024.0
2023-11-17,S03,44.2,70.9,26.2,21.3,4.6,90.3,3.0,0.0,1024.1
2023-11-18,S03,48.1,79.1,49.8,29.1,6.8,77.1,3.5,0.0,1024.6
2023-11-19,S03,12.0,19.6,27.1,21.4,10.3,78.8,6.8,11.4,1016.4
2023-11-20,S03,57.2,82.8,34.1,25.0,7.0,74.8,3.2,0.0,1017.6
2023-11-21,S03,27.4,46.6,31.7,29.1,6.8,61.2,5.5,0.0,1012.6
2023-11-22,S03,29.1,50.8,32.1,28.5,5.5,69.6,4.9,0.0,1010.3
2023-11-23,S03,14.4,22.4,26.4,36.7,5.3,87.3,5.9,2.1,1019.5
2023-11-24,S03,15.7,27.4,31.0,12.9,7.1,93.3,2.6,10.0,1017.2
2023-11-25,S03,66.1,87.9,62.2,9.8,0.3,65.8,2.1,0.0,1013.4
2023-11-26,S03,33.8,55.3,38.8,13.7,-0.0,79.3,4.3,0.0,1017.9
2023-11-27,S03,32.9,63.6,38.4,3.0,-2.2,88.3,5.0,0.0,1013.1
2023-11-28,S03,19.9,45.5,42.5,2.0,-5.6,88.9,7.0,1.9,1011.3
2023-11-29,S03,27.8,36.5,31.5,7.4,-5.8,88.2,8.4,0.0,1016.7
2023-11-30,S03,27.3,53.0,29.6,4.1,-5.4,86.8,5.7,0.0,1016.1
2023-12-01,S03,42.0,80.0,64.9,2.0,-3.4,100.0,2.1,1.6,1009.2
2023-12-02,S03,45.3,59.5,59.0,2.0,1.0,77.2,4.0,0.0,1012.2
2023-12-03,S03,25.9,46.0,54.0,6.8,0.4,79.3,3.0,0.0,1010.7
2023-12-04,S03,25.1,38.1,42.7,2.0,-0.7,87.1,2.8,0.0,1017.4
2023-12-05,S03,36.7,65.1,32.6,18.4,-0.0,73.2,4.2,0.0,1014.1
2023-12-06,S03,57.2,88.2,40.3,23.9,3.2,74.2,2.7,0.0,1018.1
2023-12-07,S03,69.6,121.4,51.7,2.0,1.0,75.2,2.6,0.0,1024.1
2023-12-08,S03,19.3,34.4,39.7,13.5,-0.9,92.9,8.1,0.2,1018.5
2023-12-09,S03,20.1,36.0,42.0,13.8,1.1,93.7,2.9,1.9,1016.6
2023-12-10,S03,19.0,30.8,31.4,19.5,2.5,94.7,5.8,1.1,1017.5
2023-12-11,S03,18.5,31.4,40.4,7.3,3.4,72.7,6.5,0.0,1013.1
2023-12-12,S03,30.4,47.9,40.1,20.1,3.8,79.0,3.6,0.0,1014.2
2023-12-13,S03,33.4,50.9,70.1,2.0,3.9,100.0,2.3,0.7,1013.1
2023-12-14,S03,65.5,89.6,54.1,2.0,0.9,85.0,1.6,0.3,1012.1
2023-12-15,S03,96.6,135.1,76.4,2.0,0.4,82.6,0.9,0.0,1012.4
2023-12-16,S03,55.6,83.4,45.2,13.6,0.5,78.0,4.5,0.0,1012.8
2023-12-17,S03,51.9,68.5,51.8,2.0,-2.4,81.2,4.3,0.0,1013.5
2023-12-18,S03,30.2,54.2,41.9,,-3.5,75.9,4.8,0.0,1011.0
2023-12-19,S03,42.7,64.6,53.3,2.0,-1.7,89.8,2.2,0.0,1009.2
2023-12-20,S03,28.6,43.3,30.6,11.5,-1.6,75.5,8.8,0.0,1009.5
2023-12-21,S03,77.9,122.8,54.8,2.0,-3.9,88.8,4.1,0.0,1010.0
2023-12-22,S03,46.0,65.5,57.6,2.0,-1.9,75.2,2.8,0.0,1008.9
2023-12-23,S03,63.6,96.7,43.7,15.3,1.2,76.5,0.5,0.0,1011.0
2023-12-24,S03,45.6,73.9,59.6,2.0,-3.8,85.3,2.2,0.0,1004.1
2023-12-25,S03,36.5,59.6,41.3,2.0,-7.3,100.0,4.5,12.9,1003.0
2023-12-26,S03,30.1,45.5,30.9,2.0,-6.6,88.5,7.5,0.0,1003.9
2023-12-27,S03,48.2,63.1,53.9,2.0,-1.6,89.1,3.2,0.0,1002.3
2023-12-28,S03,16.6,32.9,41.5,22.7,0.2,83.0,8.1,0.0,1010.9
2023-12-29,S03,94.5,128.3,52.1,2.0,2.4,80.6,1.6,0.0,1011.4
2023-12-30,S03,44.5,70.1,67.5,2.0,-1.2,76.3,4.0,0.0,1012.4
2023-12-31,S03,28.5,58.7,36.9,2.0,-3.5,93.1,4.2,0.0,1010.6
2024-01-01,S03,33.4,50.7,55.0,15.0,-0.5,75.0,4.4,0.0,1011.0
2024-01-02,S03,31.2,44.6,51.1,,0.8,86.2,3.4,0.0,1006.6
2024-01-03,S03,36.4,56.7,,20.9,1.5,81.6,4.0,0.0,1007.2
2024-01-04,S03,40.9,67.9,73.6,2.0,0.2,93.6,1.7,5.8,1004.6
2024-01-05,S03,21.2,33.8,27.8,30.2,1.3,80.6,7.2,0.0,1005.2
2024-01-06,S03,18.6,32.5,47.3,20.9,1.3,77.1,5.7,0.0,996.5
2024-01-07,S03,15.5,28.1,40.3,19.2,3.6,77.6,4.0,0.0,995.3
2024-01-08,S03,28.0,42.5,34.6,24.1,4.5,75.4,4.5,0.0,1004.7
2024-01-09,S03,22.2,35.6,25.6,8.4,-1.6,85.4,7.1,0.0,1009.7
2024-01-10,S03,30.5,62.7,61.0,6.5,-5.5,85.6,4.8,0.0,1015.6
2024-01-11,S03,13.6,22.1,31.0,16.7,-1.1,85.6,10.1,0.0,1020.6
2024-01-12,S03,20.1,32.4,36.0,18.9,2.7,79.6,4.7,0.0,1021.8
2024-01-13,S03,48.2,70.6,64.9,2.0,-1.3,86.5,1.5,0.0,1018.2
2024-01-14,S03,19.8,33.3,51.5,2.0,-5.1,98.2,3.5,2.1,1013.0
2024-01-15,S03,24.0,42.0,38.4,2.0,-3.8,93.1,5.3,0.0,1017.6
2024-01-16,S03,17.2,30.2,37.8,16.1,0.2,75.2,7.5,0.0,1017.0
2024-01-17,S03,24.0,38.3,36.7,16.2,5.0,70.0,3.9,0.0,1026.1
2024-01-18,S03,38.1,62.9,33.4,12.4,4.5,75.8,1.8,0.0,1022.0
2024-01-19,S03,52.0,88.1,,17.9,2.8,72.6,2.5,0.0,1028.1
2024-01-20,S03,48.3,66.6,61.2,2.0,-0.1,74.8,1.0,0.0,1024.5
2024-01-21,S03,25.3,39.0,36.7,2.0,-0.2,79.2,4.8,0.0,1027.5
2024-01-22,S03,49.9,72.1,,2.0,0.2,89.8,2.1,0.0,1031.4
2024-01-23,S03,47.8,74.4,42.8,2.0,-2.8,85.5,1.7,0.0,1023.6
2024-01-24,S03,18.1,27.3,34.9,23.9,3.5,87.5,5.2,0.6,1019.6
2024-01-25,S03,9.2,21.9,21.6,37.6,6.4,83.0,8.4,0.0,1014.1
2024-01-26,S03,24.2,38.7,59.1,21.1,8.3,83.6,1.7,0.0,1009.0
2024-01-27,S03,18.2,32.0,47.8,12.9,3.4,84.9,3.8,0.0,1012.5
2024-01-28,S03,29.2,44.4,40.8,11.0,5.4,68.6,3.0,0.0,1011.8
2024-01-29,S03,25.5,41.9,32.9,16.8,4.7,75.9,7.3,0.0,1012.2
2024-01-30,S03,40.8,72.0,43.1,4.8,5.4,86.8,3.2,0.0,1014.6
2024-01-31,S03,18.0,38.3,50.4,8.6,6.0,87.7,1.3,5.1,1006.9
2024-02-01,S03,27.5,52.8,43.7,24.1,7.2,72.6,2.9,0.0,1013.2
2024-02-02,S03,26.2,46.9,44.8,25.8,6.9,76.8,6.4,0.0,1011.8
2024-02-03,S03,29.2,62.8,,15.3,7.1,93.2,2.7,3.5,1014.2
2024-02-04,S03,23.2,41.6,45.7,4.6,5.8,85.5,2.2,6.2,1016.4
2024-02-05,S03,35.5,55.7,61.3,18.6,-0.3,80.5,2.6,0.0,1021.2
2024-02-06,S03,43.3,66.1,67.9,2.0,0.6,87.8,1.4,0.0,1019.2
2024-02-07,S03,35.9,62.7,53.6,,-0.3,73.4,2.7,0.0,1009.4
2024-02-08,S03,22.2,35.1,53.0,2.0,-2.7,92.2,2.0,2.2,1010.4
2024-02-09,S03,8.2,,21.2,29.6,2.8,74.7,10.2,0.0,1011.7
2024-02-10,S03,29.2,45.4,45.9,4.2,6.3,69.9,0.5,0.0,1007.8
2024-02-11,S03,32.8,49.6,50.0,24.9,9.6,72.2,1.6,0.0,1009.4
2024-02-12,S03,30.2,45.8,41.7,6.7,7.5,79.6,2.2,0.0,1008.7
2024-02-13,S03,26.5,45.0,46.0,31.3,8.8,81.7,1.3,6.7,1004.2
2024-02-14,S03,21.0,34.7,43.4,23.2,7.3,70.2,4.3,0.0,1008.6
2024-02-15,S03,21.5,49.8,68.9,5.8,6.3,90.3,2.0,6.8,1007.3
2024-02-16,S03,38.7,51.5,63.2,2.0,2.2,75.8,0.9,0.0,1006.8
2024-02-17,S03,22.3,34.8,44.2,2.0,3.2,92.8,3.4,2.5,1006.2
2024-02-18,S03,24.5,38.3,47.9,8.9,3.8,83.7,2.6,0.0,1012.5
2024-02-19,S03,35.0,51.0,68.0,12.0,0.7,83.8,1.9,0.0,1012.4
2024-02-20,S03,14.0,22.6,35.5,14.9,-0.4,77.8,7.1,0.0,1012.9
2024-02-21,S03,22.5,35.7,45.4,11.3,1.7,82.8,3.9,0.0,1011.1
2024-02-22,S03,16.0,26.2,42.2,21.6,6.2,62.8,4.1,0.0,1013.3
2024-02-23,S03,17.6,33.6,29.3,43.6,7.7,90.5,4.1,3.3,1018.7
2024-02-24,S03,13.0,28.6,42.6,16.4,7.0,98.1,4.1,1.1,1020.1
2024-02-25,S03,25.0,,39.7,25.8,4.7,74.5,2.6,0.0,1021.5
2024-02-26,S03,30.4,48.2,53.8,7.4,5.8,74.5,1.9,0.0,1022.2
2024-02-27,S03,35.4,59.9,36.0,11.6,5.0,83.1,3.8,0.0,1014.8
2024-02-28,S03,63.9,97.7,57.7,2.0,1.2,89.8,2.4,0.0,1011.0
2024-02-29,S03,61.0,97.1,59.8,2.0,1.2,86.9,0.6,0.0,1010.5
2024-03-01,S03,71.4,95.5,45.8,7.0,1.5,65.7,1.2,0.0,1008.1
2024-03-02,S03,48.3,75.3,49.9,2.0,-2.3,84.9,2.6,0.0,1004.8
2024-03-03,S03,28.6,45.2,58.0,9.8,1.8,96.2,5.5,0.0,999.0
2024-03-04,S03,42.3,61.3,28.6,11.1,4.0,83.5,3.3,0.0,996.4
2024-03-05,S03,37.6,58.5,59.0,2.0,-0.4,71.5,1.6,0.0,998.7
2024-03-06,S03,32.9,52.6,47.0,2.0,1.0,82.6,1.3,0.0,1001.3
2024-03-07,S03,21.5,30.8,45.6,14.5,4.3,67.9,5.8,0.0,1000.5
2024-03-08,S03,28.2,45.2,51.5,12.4,7.5,84.2,2.9,0.0,1003.3
2024-03-09,S03,46.8,64.8,58.3,8.7,8.9,71.4,0.2,0.0,1003.5
2024-03-10,S03,14.0,21.9,52.0,4.1,7.9,81.5,3.0,5.4,1009.8
2024-03-11,S03,17.0,23.2,40.9,18.6,5.3,70.1,4.5,0.0,1009.8
2024-03-12,S03,53.4,60.9,57.4,2.0,1.9,75.9,1.2,0.0,1013.2
2024-03-13,S03,34.9,54.4,39.8,2.0,4.8,86.1,3.1,0.0,1014.0
2024-03-14,S03,21.0,37.1,40.0,10.6,4.7,78.6,3.6,0.0,1008.2
2024-03-15,S03,17.7,31.7,45.2,12.5,9.4,82.2,1.4,1.3,1008.8
2024-03-16,S03,9.7,23.6,29.7,36.3,11.3,76.0,6.1,9.0,1004.7
2024-03-17,S03,16.7,33.9,27.3,22.4,9.0,72.0,3.6,6.1,1005.9
2024-03-18,S03,37.4,58.2,60.9,2.0,4.8,66.5,2.2,0.0,1004.3
2024-03-19,S03,31.7,46.9,70.2,2.0,4.9,87.9,2.6,0.5,1007.6
2024-03-20,S03,24.4,43.2,49.0,2.0,6.5,80.6,1.1,0.0,1003.3
2024-03-21,S03,38.7,57.2,69.1,14.6,6.2,73.4,1.0,0.0,1005.3
2024-03-22,S03,29.7,41.0,49.3,19.4,4.4,86.0,2.0,0.0,1009.1
2024-03-23,S03,14.0,29.5,41.1,27.5,6.4,82.1,2.6,12.9,1013.5
2024-03-24,S03,33.5,55.2,42.2,10.2,5.6,73.0,2.9,0.0,1010.4
2024-03-25,S03,7.4,12.8,27.7,37.8,4.7,81.2,8.2,18.9,1011.0
2024-03-26,S03,13.6,20.2,32.5,25.0,5.9,80.5,4.7,0.0,1012.1
2024-03-27,S03,26.3,44.1,63.5,2.0,6.0,98.5,0.7,1.7,1018.5
2024-03-28,S03,12.6,23.1,28.8,23.8,7.7,77.7,6.0,3.4,1011.5
2024-03-29,S03,21.9,37.2,37.7,19.2,8.6,86.8,2.1,1.4,1008.1
2024-03-30,S03,19.8,33.0,35.8,22.4,5.8,81.5,5.2,0.0,1020.3
2024-03-31,S03,,39.9,40.5,18.8,6.2,82.0,2.5,3.7,1017.8
2024-04-01,S03,21.7,38.4,37.0,26.6,10.2,77.5,3.5,0.0,1009.2
2024-04-02,S03,27.6,36.6,53.0,7.7,6.5,82.9,1.1,0.0,1007.7
2024-04-03,S03,21.3,40.4,33.4,22.7,2.0,82.4,3.9,0.0,997.7
2024-04-04,S03,,30.6,54.5,3.7,-0.0,95.8,4.9,6.6,1001.7
2024-04-05,S03,45.7,74.3,70.0,2.0,2.2,100.0,0.8,0.2,1007.2
2024-04-06,S03,,35.9,29.8,21.2,5.0,88.6,5.9,0.0,1004.7
2024-04-07,S03,36.9,56.5,50.5,11.4,6.6,87.4,1.6,0.9,1004.5
2024-04-08,S03,13.3,28.6,23.7,33.4,11.2,70.1,9.7,0.0,1009.9
2024-04-09,S03,35.0,49.7,39.5,7.1,3.1,72.3,5.1,0.0,1003.5
2024-04-10,S03,28.1,35.3,56.6,36.3,7.0,82.1,4.2,0.0,1000.1
2024-04-11,S03,17.9,,39.3,14.9,12.0,73.6,2.7,4.0,1001.8
2024-04-12,S03,5.3,9.8,22.6,46.2,8.9,70.9,11.7,0.0,1001.0
2024-04-13,S03,25.8,46.2,35.8,23.9,8.7,85.1,2.1,0.4,1002.2
2024-04-14,S03,29.8,51.6,40.3,24.5,7.6,71.0,1.4,0.0,999.3
2024-04-15,S03,23.1,38.1,68.9,12.4,7.3,91.3,1.8,7.4,1002.9
2024-04-16,S03,19.0,32.8,31.3,42.4,7.9,89.4,5.4,0.0,1004.3
2024-04-17,S03,18.0,27.1,30.4,35.9,13.4,71.6,3.2,0.0,1008.3
2024-04-18,S03,,28.6,39.0,48.4,16.8,77.3,2.6,6.5,1010.0
2024-04-19,S03,27.4,51.5,54.6,36.0,14.4,86.3,2.0,15.4,1011.4
2024-04-20,S03,35.3,48.6,34.1,53.9,18.3,69.8,2.5,0.0,1006.0
2024-04-21,S03,29.5,55.6,40.0,37.0,16.8,89.3,2.4,9.5,1009.3
2024-04-22,S03,21.6,29.9,21.8,56.9,20.5,77.7,4.8,2.2,1008.8
2024-04-23,S03,32.9,45.1,35.7,38.4,18.2,64.9,2.7,0.0,1008.9
2024-04-24,S03,45.9,75.8,51.6,34.8,17.1,56.9,1.9,0.0,1013.9
2024-04-25,S03,21.0,35.4,24.6,48.2,16.3,66.7,5.7,0.9,1010.9
2024-04-26,S03,33.5,47.0,33.9,33.2,23.3,49.2,1.6,0.0,1016.7
2024-04-27,S03,13.5,28.2,31.2,53.9,23.8,77.7,3.4,34.6,1021.7
2024-04-28,S03,26.5,37.6,42.5,42.2,18.0,54.8,0.6,0.0,1023.0
2024-04-29,S03,12.7,36.9,53.9,26.6,20.2,83.2,1.0,14.3,1017.1
2024-04-30,S03,18.2,29.3,43.1,29.2,17.2,66.6,2.5,0.0,1007.5
2024-05-01,S03,18.8,31.5,46.4,39.8,14.7,73.1,2.2,0.0,1012.9
2024-05-02,S03,14.6,29.7,42.5,45.6,16.6,75.3,1.9,12.2,1013.4
2024-05-03,S03,6.5,14.6,27.5,38.9,16.2,85.5,5.0,5.2,1010.3
2024-05-04,S03,19.5,32.1,28.3,45.5,17.0,61.0,4.4,0.0,1015.6
2024-05-05,S03,19.9,31.7,38.7,37.2,15.8,62.6,3.7,0.0,1011.6
2024-05-06,S03,50.7,82.4,61.4,40.4,17.6,70.9,1.3,0.0,1010.2
2024-05-07,S03,46.5,79.1,32.2,36.4,17.4,68.3,2.7,0.0,1012.8
2024-05-08,S03,20.0,33.7,18.4,43.1,12.4,70.7,8.7,0.0,1008.4
2024-05-09,S03,11.4,18.7,12.1,70.7,15.2,69.9,12.1,0.0,1008.9
2024-05-10,S03,26.7,52.5,37.1,28.5,13.5,71.5,5.1,0.0,1014.1
2024-05-11,S03,47.8,67.1,47.5,15.7,9.9,76.0,1.6,0.0,1014.7
2024-05-12,S03,26.4,40.6,45.2,27.9,11.9,65.2,2.9,0.0,1019.4
2024-05-13,S03,22.6,42.0,34.7,44.0,12.7,92.8,3.3,3.1,1022.6
2024-05-14,S03,69.0,92.9,43.3,20.2,12.7,65.8,3.4,0.0,1020.7
2024-05-15,S03,27.5,40.8,25.5,42.1,16.5,88.7,6.4,4.6,1009.8
2024-05-16,S03,22.7,35.3,23.8,43.1,12.9,80.8,4.9,2.5,1006.0
2024-05-17,S03,52.8,81.2,55.1,31.6,14.2,76.2,1.2,0.0,1010.5
2024-05-18,S03,43.1,62.7,42.0,30.4,13.1,73.9,2.3,0.0,1004.8
2024-05-19,S03,22.8,34.4,27.5,39.9,13.8,91.6,5.8,0.4,1005.1
2024-05-20,S03,12.9,18.8,28.7,47.0,16.0,78.3,6.3,1.1,1008.1
2024-05-21,S03,39.4,62.8,27.7,22.9,13.1,76.7,3.6,0.0,1014.9
2024-05-22,S03,8.8,17.4,26.5,50.3,16.4,77.8,7.4,0.0,1012.2
2024-05-23,S03,16.7,34.0,32.6,52.1,16.7,76.4,3.3,2.4,1009.8
2024-05-24,S03,28.2,57.9,45.0,15.0,12.8,83.4,1.4,1.3,1010.2
2024-05-25,S03,26.1,33.6,45.2,18.9,9.4,71.1,4.6,0.0,1012.2
2024-05-26,S03,5.5,15.1,15.4,54.3,12.7,68.7,13.7,0.0,1011.7
2024-05-27,S03,47.3,65.4,45.7,23.3,13.4,91.5,1.1,0.8,1016.2
2024-05-28,S03,13.6,20.7,23.7,60.9,14.2,63.7,7.6,0.0,1012.4
2024-05-29,S03,24.6,41.1,20.1,37.6,16.6,62.6,4.2,0.0,1013.0
2024-05-30,S03,21.9,48.6,36.2,25.6,15.8,75.5,1.8,0.0,1014.8
2024-05-31,S03,28.1,38.1,49.7,43.7,20.1,68.7,0.6,0.0,1012.8
2024-06-01,S03,43.2,67.5,42.4,27.6,17.1,78.7,0.3,0.0,1016.2
2024-06-02,S03,28.7,41.2,32.4,40.0,14.7,64.8,1.9,0.0,1016.2
2024-06-03,S03,23.0,38.0,40.6,31.0,13.6,70.9,3.5,0.0,1018.7
2024-06-04,S03,19.6,28.2,40.5,43.7,15.9,63.0,4.9,0.0,1018.3
2024-06-05,S03,12.5,28.3,24.0,42.8,20.3,64.2,6.1,0.0,1018.8
2024-06-06,S03,14.3,23.2,41.2,46.7,18.5,57.2,3.9,0.0,1015.1
2024-06-07,S03,20.1,,45.7,29.2,12.1,73.9,3.1,0.0,1012.1
2024-06-08,S03,25.1,41.6,35.5,23.9,10.6,77.9,2.5,0.0,1017.2
2024-06-09,S03,28.8,51.7,32.0,20.3,10.8,72.6,4.0,0.0,1018.9
2024-06-10,S03,35.4,58.4,65.6,21.5,12.2,66.8,1.7,0.0,1013.6
2024-06-11,S03,21.3,34.1,36.8,36.1,14.3,78.7,1.2,7.8,1014.2
2024-06-12,S03,15.9,27.2,31.9,36.4,16.6,83.1,3.5,2.7,1004.5
2024-06-13,S03,19.6,29.1,49.4,34.4,16.9,64.7,4.3,0.0,1003.9
2024-06-14,S03,48.3,74.2,40.8,48.1,20.6,68.2,1.1,0.0,1009.6
2024-06-15,S03,27.1,49.4,55.1,49.5,18.6,79.5,2.0,0.0,1009.7
2024-06-16,S03,21.6,37.5,31.8,48.4,17.5,76.2,2.7,0.0,1010.9
2024-06-17,S03,14.6,25.2,38.5,45.8,19.4,68.9,3.1,1.3,999.2
2024-06-18,S03,22.0,32.3,40.1,39.3,16.8,64.5,4.6,0.0,1000.4
2024-06-19,S03,10.7,19.1,19.6,56.2,17.8,66.9,8.6,0.0,1004.3
2024-06-20,S03,25.6,43.4,50.2,25.3,19.6,77.6,0.4,0.9,1007.9
2024-06-21,S03,5.7,16.1,20.5,60.8,18.7,59.0,10.6,0.0,1012.8
2024-06-22,S03,7.2,13.6,17.8,78.7,24.1,73.7,8.7,2.1,1012.0
2024-06-23,S03,8.9,15.5,41.3,52.7,20.5,66.7,6.6,0.0,1011.5
2024-06-24,S03,10.7,24.6,42.7,52.2,25.8,84.3,3.9,6.4,1006.5
2024-06-25,S03,20.6,33.4,39.3,43.9,23.6,59.0,1.9,0.0,1007.0
2024-06-26,S03,11.0,17.3,28.4,52.5,20.2,70.8,5.4,0.0,1003.1
2024-06-27,S03,11.0,18.5,52.5,34.2,20.8,72.4,3.5,6.6,997.7
2024-06-28,S03,12.9,27.1,37.1,35.6,19.3,74.0,2.5,3.4,996.4
2024-06-29,S03,,21.1,27.0,59.1,17.1,85.7,5.4,18.0,1005.8
2024-06-30,S03,16.0,28.4,36.8,41.8,19.8,71.3,5.6,0.0,1006.1
2024-07-01,S03,12.2,28.7,20.7,52.3,21.4,59.1,6.2,0.0,1008.4
2024-07-02,S03,30.8,55.5,41.5,44.6,20.2,65.8,1.9,0.0,1007.3
2024-07-03,S03,13.9,28.1,25.9,58.1,22.8,54.0,7.0,0.0,1001.2
2024-07-04,S03,23.3,40.5,35.7,56.3,25.8,59.7,2.2,0.0,1007.3
2024-07-05,S03,27.0,37.9,26.1,70.3,27.2,65.9,3.6,0.0,999.8
2024-07-06,S03,24.3,34.2,33.6,48.2,25.9,59.7,4.3,0.0,1000.2
2024-07-07,S03,10.4,16.5,30.3,78.3,29.1,55.7,6.6,0.0,1002.5
2024-07-08,S03,15.0,31.2,28.2,48.1,21.0,53.8,4.6,0.0,1005.6
2024-07-09,S03,19.6,31.2,31.1,47.0,21.7,63.4,2.6,0.0,1004.1
2024-07-10,S03,29.1,43.1,63.0,46.4,18.7,79.5,0.4,0.0,998.6
2024-07-11,S03,12.8,23.4,36.6,36.0,19.5,78.0,4.4,1.4,998.2
2024-07-12,S03,12.6,22.9,34.6,51.7,20.4,75.1,3.2,8.1,998.2
2024-07-13,S03,39.1,63.8,57.1,43.4,19.4,64.1,0.7,0.0,998.1
2024-07-14,S03,35.1,55.0,37.9,49.7,24.6,49.6,3.5,0.0,1004.9
2024-07-15,S03,34.9,55.2,52.9,43.8,23.7,53.4,3.2,0.0,1001.7
2024-07-16,S03,20.0,37.2,29.4,,24.2,67.3,6.9,0.0,1005.2
2024-07-17,S03,13.7,22.7,14.3,65.5,23.1,61.9,9.9,0.0,1007.4
2024-07-18,S03,13.7,29.1,24.1,58.8,21.7,73.3,6.2,0.0,1012.3
2024-07-19,S03,15.8,27.0,33.9,57.7,22.4,73.4,2.9,15.2,1011.9
2024-07-20,S03,18.1,28.6,39.6,47.8,22.9,61.9,3.2,0.0,1015.3
2024-07-21,S03,38.3,60.8,41.8,58.2,25.0,78.0,1.4,0.0,1014.2
2024-07-22,S03,36.8,54.3,34.4,71.2,28.4,41.0,1.7,0.0,1015.7
2024-07-23,S03,19.2,27.7,44.6,58.1,26.1,59.0,2.5,0.0,1009.1
2024-07-24,S03,17.0,28.3,47.3,60.9,27.2,58.1,2.8,0.0,999.3
2024-07-25,S03,24.2,38.4,45.2,38.7,22.1,73.8,1.0,0.0,1003.6
2024-07-26,S03,8.4,12.9,27.2,37.1,21.5,69.1,6.7,0.0,1007.2
2024-07-27,S03,14.7,28.9,20.4,70.2,23.8,55.4,7.2,0.0,1010.3
2024-07-28,S03,,39.9,24.2,72.0,25.1,71.2,6.4,0.0,1008.7
2024-07-29,S03,11.0,18.3,20.1,72.3,25.1,65.3,8.3,0.0,1015.5
2024-07-30,S03,5.8,40.3,18.7,83.7,25.1,68.1,11.2,1.1,1013.2
2024-07-31,S03,19.0,34.7,44.7,47.2,25.3,74.7,1.8,11.7,1014.8
2024-08-01,S03,9.9,20.5,19.6,79.6,27.0,55.5,8.9,0.0,1016.8
2024-08-02,S03,53.1,73.8,37.0,66.9,25.4,82.0,2.5,0.5,1022.9
2024-08-03,S03,19.3,34.5,22.0,64.5,23.6,64.2,4.5,0.0,1019.7
2024-08-04,S03,51.2,72.5,64.9,50.9,23.1,65.0,0.8,0.0,1015.7
2024-08-05,S03,34.8,58.0,26.7,46.7,14.6,73.2,2.4,0.0,1009.2
2024-08-06,S03,21.8,37.1,31.7,38.2,18.1,85.5,5.6,0.3,1016.2
2024-08-07,S03,24.2,49.9,34.1,36.3,10.3,79.1,5.0,0.0,1017.2
2024-08-08,S03,44.1,67.8,44.1,13.8,8.5,98.3,2.2,3.1,1018.2
2024-08-09,S03,37.8,61.5,38.1,22.9,13.1,77.1,3.3,0.0,1029.6
2024-08-10,S03,31.9,62.1,37.5,33.1,16.4,71.2,1.8,0.0,1027.6
2024-08-11,S03,12.6,20.3,33.1,54.6,14.4,90.0,5.7,7.5,1019.5
2024-08-12,S03,12.4,24.9,18.5,44.7,15.1,79.8,7.5,2.1,1017.4
2024-08-13,S03,22.6,43.7,45.2,26.1,19.6,78.8,1.9,6.0,1012.6
2024-08-14,S03,15.1,31.2,33.5,29.0,17.4,74.8,2.9,0.0,1011.1
2024-08-15,S03,30.5,52.3,42.6,53.7,25.0,70.6,1.0,0.0,1009.9
2024-08-16,S03,15.2,24.5,33.4,47.9,23.5,77.9,3.4,10.9,1008.2
2024-08-17,S03,16.7,29.5,32.2,39.3,23.3,72.8,4.3,0.0,1003.5
2024-08-18,S03,15.3,35.0,39.7,43.6,24.6,69.3,3.5,0.0,1011.8
2024-08-19,S03,15.9,28.0,36.0,56.3,24.3,78.9,3.4,9.7,1013.2
2024-08-20,S03,14.7,24.3,47.5,49.5,20.7,66.3,2.6,0.0,1012.3
2024-08-21,S03,19.0,28.2,47.2,38.6,19.8,58.8,2.9,0.0,1015.5
2024-08-22,S03,22.0,41.8,41.2,47.9,19.5,64.8,2.8,0.0,1016.9
2024-08-23,S03,42.5,55.2,46.9,41.1,16.3,69.3,2.2,0.0,1017.2
2024-08-24,S03,34.8,58.3,59.7,24.5,16.1,62.1,2.5,0.0,1019.1
2024-08-25,S03,23.3,39.1,25.6,40.5,15.6,69.4,4.1,0.0,1018.4
2024-08-26,S03,21.6,37.7,34.3,44.2,18.4,77.3,6.1,1.0,1020.0
2024-08-27,S03,33.2,56.1,59.7,37.9,18.5,74.4,1.5,0.6,1021.6
2024-08-28,S03,42.3,66.5,41.8,35.2,18.1,72.1,2.9,0.0,1020.5
2024-08-29,S03,20.8,25.2,66.2,19.4,17.4,88.3,1.2,6.2,1018.2
2024-08-30,S03,23.4,38.6,57.5,34.7,17.7,74.3,2.4,0.0,1023.2
2024-08-31,S03,36.2,49.4,37.1,52.5,19.7,61.9,2.5,0.0,1019.3
2024-09-01,S03,22.2,38.2,34.2,44.8,16.9,72.7,3.5,0.0,1019.6
2024-09-02,S03,19.7,32.2,40.5,42.8,14.7,67.0,3.4,0.0,1019.9
2024-09-03,S03,20.3,32.4,32.6,51.1,18.5,59.1,3.2,0.0,1016.1
2024-09-04,S03,25.2,46.5,60.1,34.8,16.7,73.3,3.8,0.0,1012.3
2024-09-05,S03,38.5,70.6,53.3,19.8,13.2,82.9,1.5,0.7,1011.0
2024-09-06,S03,19.1,36.6,36.6,29.7,15.2,86.6,3.4,0.0,1009.4
2024-09-07,S03,19.8,31.2,24.7,33.0,17.2,77.5,4.5,0.0,1004.3
2024-09-08,S03,39.7,60.6,48.3,33.7,12.3,75.0,1.6,0.0,1003.4
2024-09-09,S03,37.7,58.2,37.8,27.3,14.7,70.0,0.7,0.0,1006.4
2024-09-10,S03,15.5,25.5,33.6,34.9,18.5,79.1,5.7,0.7,1012.8
2024-09-11,S03,23.7,40.7,27.4,48.0,17.0,57.7,1.2,0.0,1015.1
2024-09-12,S03,27.8,45.9,53.2,38.5,18.9,52.7,2.4,0.0,1004.2
2024-09-13,S03,16.3,33.1,28.1,48.9,14.6,78.0,5.2,5.0,1008.6
2024-09-14,S03,46.9,62.8,31.3,33.4,15.9,71.0,1.5,0.0,1007.2
2024-09-15,S03,15.4,25.1,29.6,34.7,14.4,54.1,5.5,0.0,1010.2
2024-09-16,S03,16.5,22.7,42.4,33.8,14.1,78.6,2.1,2.4,1010.7
2024-09-17,S03,29.1,41.4,42.9,37.6,16.2,63.0,1.6,0.0,1010.4
2024-09-18,S03,24.2,48.0,60.0,31.6,19.0,73.8,1.1,0.9,1010.5
2024-09-19,S03,15.6,23.0,45.6,58.0,23.3,59.1,1.9,0.0,1010.9
2024-09-20,S03,7.7,14.4,37.9,63.7,24.0,70.8,4.6,11.5,1016.7
2024-09-21,S03,24.8,42.1,39.2,47.9,20.2,70.8,2.2,0.0,1015.9
2024-09-22,S03,8.5,11.0,30.1,43.2,19.4,84.5,6.1,2.3,1019.6
2024-09-23,S03,16.3,28.1,29.3,36.4,19.7,61.4,2.9,0.0,1022.1
2024-09-24,S03,17.0,36.4,40.1,49.3,17.7,75.4,2.9,3.6,1022.9
2024-09-25,S03,69.1,94.8,37.5,20.4,17.8,66.9,1.6,0.0,1013.8
2024-09-26,S03,20.3,31.8,34.4,49.9,18.8,61.3,6.6,0.0,1018.1
2024-09-27,S03,11.0,17.3,32.8,43.9,16.6,75.6,4.6,1.6,1015.3
2024-09-28,S03,22.7,38.2,39.5,30.8,13.9,75.0,4.1,0.0,1017.7
2024-09-29,S03,15.2,24.6,42.7,28.6,12.7,68.8,2.8,0.0,1012.8
2024-09-30,S03,15.5,23.7,66.5,26.4,14.5,64.6,1.1,0.0,1008.1
2024-10-01,S03,17.8,36.5,28.8,29.0,13.3,66.8,3.0,0.0,1017.0
2024-10-02,S03,7.6,17.2,32.6,45.3,14.6,80.6,4.3,1.3,1012.4
2024-10-03,S03,11.8,22.4,27.8,44.4,14.9,58.2,4.2,0.0,1017.1
2024-10-04,S03,9.3,16.1,,38.4,14.0,68.6,4.5,0.0,1016.7
2024-10-05,S03,11.8,25.4,28.5,31.6,14.5,85.8,3.9,1.5,1014.3
2024-10-06,S03,33.2,59.9,53.8,27.0,14.4,70.5,1.9,0.0,1013.9
2024-10-07,S03,26.3,44.2,45.3,39.9,11.0,84.6,1.9,0.0,1008.5
2024-10-08,S03,32.5,51.4,43.6,23.4,14.8,75.5,1.2,0.0,1009.3
2024-10-09,S03,14.3,22.7,35.8,48.1,12.6,77.0,5.6,0.0,1005.7
2024-10-10,S03,7.4,17.1,22.1,24.0,7.6,92.1,10.0,0.0,1005.6
2024-10-11,S03,3.0,17.3,15.1,40.6,6.4,94.4,15.0,0.1,1010.8
2024-10-12,S03,31.9,55.1,47.4,9.2,5.3,77.3,3.2,0.0,1012.2
2024-10-13,S03,24.5,42.1,46.2,26.5,7.5,95.0,3.5,0.0,1006.5
2024-10-14,S03,24.3,37.8,41.7,18.4,7.4,70.6,2.5,0.0,1011.2
2024-10-15,S03,28.4,44.9,49.6,28.4,7.1,74.4,3.9,0.0,1011.5
2024-10-16,S03,44.0,52.5,39.3,16.8,9.1,69.9,1.3,0.0,1009.6
2024-10-17,S03,28.0,50.3,41.2,23.5,9.9,87.5,2.9,1.2,1013.3
2024-10-18,S03,25.2,39.1,57.3,17.8,11.4,79.7,1.8,2.0,1012.6
2024-10-19,S03,19.6,38.7,40.6,44.0,12.1,68.6,2.6,0.0,1008.0
2024-10-20,S03,35.2,49.9,41.6,16.9,12.1,70.6,1.7,0.0,1016.4
2024-10-21,S03,22.5,44.9,59.0,12.0,6.4,74.3,4.7,0.0,1015.6
2024-10-22,S03,21.5,33.7,49.9,9.9,6.1,66.2,4.7,0.0,1014.8
2024-10-23,S03,39.9,57.8,47.4,11.8,1.9,72.7,3.4,0.0,1012.8
2024-10-24,S03,49.9,70.3,43.0,2.0,4.2,84.5,1.7,0.3,1017.6
2024-10-25,S03,52.9,89.8,37.4,24.0,4.1,73.4,1.0,0.0,1014.6
2024-10-26,S03,23.6,34.8,39.2,28.2,9.3,87.5,5.1,1.4,1008.1
2024-10-27,S03,34.6,63.9,49.6,29.7,11.7,69.4,3.5,0.0,1006.3
2024-10-28,S03,19.2,42.5,55.8,21.2,10.7,89.9,0.7,6.2,1013.0
2024-10-29,S03,14.9,24.1,29.2,24.9,8.6,91.5,3.4,1.7,1016.3
2024-10-30,S03,20.3,,41.4,25.4,9.7,81.1,3.4,0.0,1014.6
2024-10-31,S03,35.8,55.2,49.2,13.4,7.5,77.2,0.8,0.0,1019.8
2024-11-01,S03,12.5,23.0,40.9,24.7,7.1,86.0,4.0,2.0,1021.4
2024-11-02,S03,19.0,35.3,75.6,4.2,9.6,89.7,1.0,5.8,1018.7
2024-11-03,S03,22.8,38.2,56.8,4.6,7.1,79.1,2.0,0.0,1016.9
2024-11-04,S03,23.2,38.9,56.3,23.4,10.1,71.7,1.1,0.0,1017.4
2024-11-05,S03,20.6,35.4,47.3,20.4,10.3,91.1,1.6,1.5,1013.2
2024-11-06,S03,32.6,42.7,57.5,2.0,7.9,61.4,1.0,0.0,1013.2
2024-11-07,S03,12.6,23.4,29.2,26.4,9.3,83.6,5.2,1.3,1014.4
2024-11-08,S03,31.9,52.7,46.9,35.3,10.2,70.3,2.9,0.0,1007.4
2024-11-09,S03,29.0,43.6,44.2,17.7,8.5,79.1,2.3,0.0,1007.7
2024-11-10,S03,17.8,28.4,28.2,21.2,6.1,96.1,5.9,2.2,1007.6
2024-11-11,S03,19.1,29.3,41.4,5.5,3.9,79.9,5.7,24.9,1012.8
2024-11-12,S03,50.5,77.2,32.6,5.7,2.7,100.0,2.2,2.3,1005.4
2024-11-13,S03,36.6,55.7,39.3,5.9,4.9,81.7,3.4,0.1,1005.4
2024-11-14,S03,27.3,60.8,56.5,8.5,3.0,78.1,2.4,0.0,1005.0
2024-11-15,S03,30.2,51.7,56.5,10.9,4.8,75.1,3.3,0.0,1010.4
2024-11-16,S03,43.5,49.7,63.3,2.0,0.9,78.5,1.3,0.0,1010.8
2024-11-17,S03,47.9,82.3,39.5,3.9,2.2,69.2,3.5,0.0,1018.4
2024-11-18,S03,25.6,39.2,33.0,31.9,3.4,81.6,6.4,0.0,1020.0
2024-11-19,S03,49.4,73.6,34.7,23.9,9.3,80.3,5.5,0.0,1016.9
2024-11-20,S03,,69.9,60.5,3.0,4.3,85.4,3.4,0.0,1017.1
2024-11-21,S03,54.4,95.3,65.2,8.3,8.4,80.2,0.6,9.4,1014.9
2024-11-22,S03,43.4,75.0,,8.1,6.0,72.7,1.8,0.0,1017.9
2024-11-23,S03,34.8,59.2,43.3,22.6,7.3,74.5,3.2,0.0,1011.6
2024-11-24,S03,42.4,63.7,42.8,22.1,7.4,96.6,1.0,3.4,1008.6
2024-11-25,S03,67.9,103.5,41.7,17.9,5.5,55.3,1.0,0.0,1011.3
2024-11-26,S03,27.6,48.9,27.8,,5.9,70.9,7.2,0.0,1016.5
2024-11-27,S03,11.5,30.3,37.8,14.2,8.8,70.3,5.6,0.0,1007.0
2024-11-28,S03,16.7,28.0,39.1,17.7,5.1,81.9,3.5,4.1,1013.7
2024-11-29,S03,16.7,34.5,39.1,21.0,8.1,74.4,5.1,0.0,1013.0
2024-11-30,S03,24.7,43.4,46.4,25.9,5.3,78.0,1.1,0.0,1005.5
2024-12-01,S03,32.1,53.1,47.1,8.3,3.5,73.3,1.6,0.0,995.0
2024-12-02,S03,40.0,56.1,58.6,2.0,0.7,83.4,4.0,0.0,992.5
2024-12-03,S03,22.5,41.5,52.1,11.4,2.7,95.1,3.5,5.0,996.5
2024-12-04,S03,32.9,54.6,51.0,13.3,6.8,76.1,0.9,0.0,999.5
2024-12-05,S03,20.9,35.6,37.4,21.2,4.7,72.6,3.3,0.0,1004.8
2024-12-06,S03,43.2,70.4,57.0,2.0,3.7,79.9,2.8,0.0,1004.2
2024-12-07,S03,24.4,48.4,47.7,9.6,0.2,80.4,5.0,0.0,1001.5
2024-12-08,S03,35.8,51.3,51.1,2.1,0.4,73.2,3.8,0.0,1002.2
2024-12-09,S03,,69.1,30.1,6.4,-2.5,88.7,7.9,0.0,1004.5
2024-12-10,S03,28.6,63.9,44.1,2.0,-3.8,93.7,2.5,1.1,1007.1
2024-12-11,S03,50.1,83.2,60.2,2.0,-1.7,90.4,1.2,0.0,1005.1
2024-12-12,S03,15.4,30.8,41.3,26.4,2.8,93.8,7.1,0.6,1010.3
2024-12-13,S03,19.4,33.6,32.3,26.6,9.1,78.6,3.9,0.0,1008.4
2024-12-14,S03,16.2,32.5,46.2,17.9,5.2,71.4,2.9,0.0,1005.8
2024-12-15,S03,20.8,32.0,68.0,2.3,8.6,73.2,1.6,0.0,1005.1
2024-12-16,S03,26.0,36.5,44.0,28.2,7.5,64.8,2.3,0.0,1011.0
2024-12-17,S03,25.8,44.6,48.0,2.7,3.8,72.6,2.4,0.0,1010.8
2024-12-18,S03,17.4,31.0,41.6,17.8,5.1,98.2,1.2,2.2,1008.5
2024-12-19,S03,23.6,45.2,67.3,3.3,4.3,100.0,0.4,11.4,1013.1
2024-12-20,S03,17.6,25.5,43.9,8.6,2.8,84.7,2.2,9.9,1021.6
2024-12-21,S03,21.3,34.2,29.2,20.0,1.4,73.7,4.9,0.0,1020.8
2024-12-22,S03,17.9,29.1,27.6,2.0,-2.3,79.8,7.2,0.0,1024.1
2024-12-23,S03,18.5,24.9,44.4,2.0,-4.0,99.3,5.0,2.9,1026.1
2024-12-24,S03,31.7,53.1,30.6,14.8,-0.7,74.3,4.7,0.0,1021.0
2024-12-25,S03,41.3,67.8,45.5,11.2,-2.0,83.2,1.3,5.5,1019.5
2024-12-26,S03,32.2,50.7,55.8,2.0,-3.0,87.7,3.3,0.0,1013.1
2024-12-27,S03,27.9,53.4,47.8,2.0,-0.9,80.9,3.3,2.5,1012.3
2024-12-28,S03,30.0,42.2,32.3,11.3,1.6,78.2,5.1,0.0,1009.9
2024-12-29,S03,39.2,60.6,44.4,7.4,2.2,78.6,3.0,0.0,1008.9
2024-12-30,S03,52.2,87.5,66.9,6.0,-0.9,83.2,3.5,0.0,1006.7
2024-12-31,S03,10.3,25.0,47.4,14.6,3.4,87.3,5.4,1.8,1006.8
2022-01-01,S04,13.8,28.2,17.8,12.6,-0.7,76.6,6.7,0.0,1013.0
2022-01-02,S04,13.3,20.0,18.8,13.9,-2.2,78.7,5.5,0.0,1016.4
2022-01-03,S04,9.6,15.0,17.3,22.6,0.2,74.9,6.3,17.1,1016.8
2022-01-04,S04,18.5,30.2,17.3,18.8,1.9,80.2,4.8,0.0,1013.5
2022-01-05,S04,36.6,47.9,27.7,2.0,-3.0,80.0,1.4,0.0,1013.5
2022-01-06,S04,36.1,53.1,20.6,2.0,-6.0,89.6,1.2,0.0,1015.0
2022-01-07,S04,12.2,29.2,21.4,2.7,-3.9,88.9,6.6,0.0,1021.4
2022-01-08,S04,9.5,16.4,13.4,7.4,-3.8,89.2,7.6,1.2,1022.9
2022-01-09,S04,25.4,46.4,27.9,2.0,-2.7,92.7,1.2,0.8,1025.8
2022-01-10,S04,10.9,20.4,19.5,2.0,-3.6,84.1,3.7,0.0,1020.8
2022-01-11,S04,16.8,31.9,21.8,8.6,-1.6,75.1,5.6,0.0,1017.1
2022-01-12,S04,9.4,24.8,18.7,18.7,1.9,88.4,4.4,1.7,1015.4
2022-01-13,S04,8.7,16.6,12.6,6.0,1.1,68.8,4.6,0.0,1014.3
2022-01-14,S04,19.5,40.0,28.4,7.5,3.2,72.6,1.6,0.0,1010.0
2022-01-15,S04,7.7,21.5,20.3,9.8,3.5,79.8,2.9,5.5,1015.7
2022-01-16,S04,,7.2,14.0,25.2,-0.2,98.0,8.6,5.4,1018.7
2022-01-17,S04,12.6,31.6,30.5,8.6,0.2,72.9,2.5,0.0,1016.3
2022-01-18,S04,15.9,28.8,24.2,2.0,-2.2,81.0,1.5,0.0,1018.2
2022-01-19,S04,27.9,42.1,27.3,9.2,-0.1,85.2,1.9,0.3,1018.1
2022-01-20,S04,31.9,52.2,21.6,7.8,-0.2,80.8,2.8,0.0,1019.9
2022-01-21,S04,27.8,46.5,28.8,12.7,-1.0,82.4,3.5,0.0,1013.2
2022-01-22,S04,29.9,50.7,25.5,2.0,-1.3,81.9,3.0,0.0,1012.6
2022-01-23,S04,10.2,18.1,15.2,26.8,1.1,76.3,7.6,0.0,1012.4
2022-01-24,S04,48.5,79.0,24.3,11.9,0.8,70.0,0.5,0.0,1015.0
2022-01-25,S04,34.5,52.6,29.6,7.0,0.0,74.1,2.6,0.0,1012.1
2022-01-26,S04,16.5,25.8,26.9,24.9,-0.8,94.0,4.0,2.0,1002.3
2022-01-27,S04,14.9,28.0,16.3,20.1,0.3,77.5,5.5,0.0,1000.1
2022-01-28,S04,14.3,34.4,23.5,26.2,1.1,95.8,3.6,2.0,1002.4
2022-01-29,S04,17.2,31.3,23.9,35.1,2.1,86.3,4.1,0.0,1004.8
2022-01-30,S04,13.7,28.3,30.3,4.3,3.6,93.8,4.8,8.4,1013.2
2022-01-31,S04,17.9,35.5,23.7,32.5,7.4,69.6,2.9,0.0,1015.5
2022-02-01,S04,34.4,65.2,30.2,14.5,4.5,92.4,0.3,2.9,1015.3
2022-02-02,S04,38.6,61.4,27.1,11.9,2.9,84.6,1.3,0.0,1014.7
2022-02-03,S04,33.3,54.9,25.6,2.0,-0.5,90.7,2.5,0.9,1018.8
2022-02-04,S04,24.6,38.5,32.8,2.0,1.8,86.5,1.4,0.0,1015.3
2022-02-05,S04,5.4,14.8,7.6,31.0,4.1,78.8,12.3,0.0,1014.3
2022-02-06,S04,11.2,18.9,29.9,29.5,2.9,83.2,2.5,3.0,1009.6
2022-02-07,S04,31.1,50.5,22.0,8.2,-0.5,81.8,1.1,0.0,1016.0
2022-02-08,S04,28.3,48.4,30.7,2.0,-2.4,85.2,2.5,0.0,1017.0
2022-02-09,S04,37.6,52.9,30.0,2.0,0.4,79.7,2.8,0.0,1013.3
2022-02-10,S04,27.9,44.9,31.8,2.0,3.0,76.6,1.6,0.0,1012.8
2022-02-11,S04,19.7,29.5,23.3,27.0,3.9,72.0,3.5,0.0,1014.9
2022-02-12,S04,21.7,35.6,31.7,6.5,1.8,94.7,1.0,1.2,1013.5
2022-02-13,S04,34.0,48.5,24.9,13.5,1.8,80.7,1.8,0.0,1011.3
2022-02-14,S04,12.9,29.4,18.7,14.7,2.2,91.8,3.2,5.5,1009.0
2022-02-15,S04,,29.5,25.0,20.9,2.6,80.4,2.9,0.0,1011.2
2022-02-16,S04,15.5,27.2,20.6,17.2,4.3,69.5,4.2,0.0,1010.1
2022-02-17,S04,8.2,22.7,16.5,31.0,3.9,70.8,8.2,0.0,1008.9
2022-02-18,S04,41.7,72.8,23.1,18.9,4.4,60.5,2.6,0.0,1004.3
2022-02-19,S04,9.8,15.9,13.5,21.6,4.2,81.7,8.6,0.0,1006.4
2022-02-20,S04,29.4,39.9,29.3,6.3,4.3,67.4,1.1,0.0,1007.0
2022-02-21,S04,8.8,17.6,17.0,27.3,5.8,88.9,6.9,5.9,1006.9
2022-02-22,S04,19.1,26.2,35.3,7.1,1.3,93.0,1.1,2.2,1008.9
2022-02-23,S04,19.2,33.6,17.7,24.8,0.5,85.0,4.3,0.0,1012.7
2022-02-24,S04,22.3,37.8,31.4,7.1,0.9,72.3,1.8,0.0,1015.6
2022-02-25,S04,26.4,41.7,26.8,3.3,-0.8,78.5,1.9,0.0,1017.3
2022-02-26,S04,5.2,22.5,11.8,31.4,0.0,100.0,11.7,0.8,1015.5
2022-02-27,S04,13.6,35.1,23.2,21.6,4.2,85.4,5.9,0.0,1012.7
2022-02-28,S04,11.4,19.2,16.8,11.3,1.2,97.0,2.4,0.8,1008.6
2022-03-01,S04,17.8,36.0,38.7,20.1,4.4,93.1,0.2,0.2,1007.1
2022-03-02,S04,20.5,30.5,30.0,2.0,0.7,84.7,0.7,4.9,1008.4
2022-03-03,S04,24.5,44.9,25.1,6.6,0.1,84.1,1.1,0.0,1006.1
2022-03-04,S04,15.8,34.4,22.9,5.6,1.4,77.1,2.6,0.0,1007.9
2022-03-05,S04,13.1,23.6,17.2,29.6,3.7,80.8,4.0,0.0,1005.1
2022-03-06,S04,18.8,28.7,,7.6,5.3,71.8,1.5,0.0,1000.0
2022-03-07,S04,17.2,31.6,14.8,29.0,7.6,75.3,4.7,0.0,1005.9
2022-03-08,S04,23.1,31.2,25.2,30.9,6.3,75.7,4.2,0.0,1005.4
2022-03-09,S04,27.5,37.1,28.3,7.0,3.9,81.1,2.4,0.0,1003.6
2022-03-10,S04,23.5,31.1,27.9,23.6,6.4,81.4,1.1,0.0,1001.1
2022-03-11,S04,24.0,32.9,19.5,2.0,5.7,73.0,0.4,0.0,1005.2
2022-03-12,S04,10.1,16.1,16.7,7.3,1.9,81.0,3.9,1.5,1012.2
2022-03-13,S04,16.8,29.5,25.2,5.8,-0.5,99.9,2.7,5.0,1010.8
2022-03-14,S04,10.1,16.8,20.3,30.7,-1.0,95.5,5.0,0.0,1010.4
2022-03-15,S04,10.9,18.0,19.5,23.3,2.5,84.6,6.8,0.0,1015.2
2022-03-16,S04,9.3,22.6,7.8,31.6,3.7,69.2,8.1,0.0,1007.5
2022-03-17,S04,13.4,26.8,14.1,36.5,5.0,73.6,6.2,0.0,1016.5
2022-03-18,S04,7.8,11.0,29.2,6.1,4.5,91.6,2.3,10.2,1025.5
2022-03-19,S04,8.5,18.1,,2.0,5.1,83.9,2.9,0.0,1012.2
2022-03-20,S04,6.7,,16.7,42.8,7.7,66.4,4.7,0.0,1012.0
2022-03-21,S04,12.0,27.0,18.3,23.9,5.8,74.0,1.8,0.0,1009.3
2022-03-22,S04,11.7,18.9,30.5,15.1,7.1,89.2,1.8,0.1,1009.0
2022-03-23,S04,9.6,22.5,16.8,25.2,5.2,79.5,5.0,0.0,1008.1
2022-03-24,S04,,17.9,17.6,38.5,5.3,76.1,7.7,0.0,1012.3
2022-03-25,S04,5.8,15.3,23.7,22.6,5.0,70.0,5.5,0.0,1012.0
2022-03-26,S04,9.5,15.8,25.5,18.2,2.6,80.9,4.9,0.0,1008.6
2022-03-27,S04,10.1,20.7,23.1,35.5,5.6,85.3,2.7,0.0,1008.8
2022-03-28,S04,13.0,23.1,23.5,6.3,5.2,78.1,1.7,0.0,1011.7
2022-03-29,S04,7.4,15.7,16.5,28.0,4.6,79.9,5.2,0.0,1007.2
2022-03-30,S04,8.0,22.0,22.5,21.6,7.7,70.1,6.6,0.0,1001.8
2022-03-31,S04,32.6,51.7,21.7,37.3,8.5,67.9,2.4,0.0,1012.0
2022-04-01,S04,21.0,36.9,29.1,26.3,9.5,78.0,1.9,0.0,1009.6
2022-04-02,S04,15.9,24.9,26.0,18.6,9.2,79.2,1.9,0.0,1009.8
2022-04-03,S04,16.6,28.2,18.1,16.5,8.4,76.7,3.9,0.0,1008.8
2022-04-04,S04,12.0,19.4,14.6,32.0,8.7,82.4,6.3,0.0,1011.8
2022-04-05,S04,23.3,44.2,38.0,8.2,3.4,68.3,0.5,0.0,1019.2
2022-04-06,S04,25.6,48.3,24.2,21.9,2.2,73.4,2.9,0.0,1020.3
2022-04-07,S04,43.6,61.5,26.4,2.0,1.8,79.1,1.1,0.0,1012.7
2022-04-08,S04,11.9,17.4,10.8,21.5,1.8,76.8,9.4,0.0,1007.2
2022-04-09,S04,16.2,27.6,23.8,11.2,2.7,78.4,3.6,0.0,1006.8
2022-04-10,S04,17.5,27.4,21.5,11.7,4.9,74.7,2.5,0.0,1007.0
2022-04-11,S04,17.6,29.9,25.4,14.4,5.1,66.7,3.0,0.0,1001.3
2022-04-12,S04,14.4,25.8,44.2,8.4,8.4,75.7,0.8,0.0,1006.9
2022-04-13,S04,13.7,26.5,28.4,24.1,8.5,74.3,1.2,0.0,1003.8
2022-04-14,S04,10.6,15.5,27.7,28.1,11.8,77.4,3.4,0.0,1011.6
2022-04-15,S04,10.5,18.4,15.8,31.5,8.9,73.4,4.6,0.0,1019.2
2022-04-16,S04,,52.0,32.2,20.5,8.5,78.2,0.3,0.0,1016.9
2022-04-17,S04,12.9,20.7,21.3,18.0,7.1,91.4,5.8,7.9,1017.9
2022-04-18,S04,22.1,34.6,30.2,26.1,7.7,73.2,2.4,0.0,1012.0
2022-04-19,S04,14.8,27.4,21.6,35.9,10.4,66.3,5.1,0.0,1014.7
2022-04-20,S04,16.9,40.1,20.3,26.1,6.6,89.7,3.9,0.6,1012.4
2022-04-21,S04,7.1,16.0,15.3,38.8,9.7,72.2,7.9,0.0,1008.1
2022-04-22,S04,9.3,28.1,15.7,30.5,10.3,83.5,3.8,0.0,1008.0
2022-04-23,S04,5.2,11.8,20.3,35.0,8.9,93.9,6.7,1.4,1007.1
2022-04-24,S04,14.3,21.4,19.7,21.7,6.4,80.5,2.3,0.0,1007.0
2022-04-25,S04,29.9,48.2,33.9,8.8,8.2,74.1,0.9,0.0,1012.0
2022-04-26,S04,13.4,20.7,20.2,43.9,8.2,74.7,5.7,0.0,1009.0
2022-04-27,S04,22.1,36.2,32.2,15.5,9.5,63.4,0.8,0.0,1016.8
2022-04-28,S04,13.0,21.1,25.1,35.4,11.3,64.9,5.0,0.0,1010.7
2022-04-29,S04,10.2,16.7,27.1,46.5,16.2,67.2,1.5,0.0,1017.6
2022-04-30,S04,11.3,,13.7,37.9,14.0,68.9,3.8,0.0,1012.6
2022-05-01,S04,2.9,8.0,12.9,47.2,11.3,86.2,8.8,5.3,1012.7
2022-05-02,S04,11.7,17.7,11.7,22.1,12.5,77.2,4.5,0.0,1010.8
2022-05-03,S04,13.4,25.1,20.1,18.9,13.1,65.6,2.6,0.0,1009.9
2022-05-04,S04,10.8,22.9,15.5,47.8,17.6,66.4,4.1,0.0,1013.7
2022-05-05,S04,27.4,61.0,23.9,43.6,17.8,73.2,1.9,0.0,1019.6
2022-05-06,S04,4.9,13.3,7.8,71.2,17.7,66.4,10.2,0.0,1023.0
2022-05-07,S04,11.0,18.2,18.3,54.2,20.2,61.9,1.8,0.0,1019.4
2022-05-08,S04,7.5,17.1,21.5,28.5,16.3,77.8,2.7,4.6,1018.8
2022-05-09,S04,16.0,25.5,21.0,50.1,13.8,66.2,4.6,0.0,1014.6
2022-05-10,S04,12.9,19.6,17.8,28.4,12.9,70.2,4.0,0.0,1010.3
2022-05-11,S04,13.5,28.6,28.3,40.9,12.1,71.9,4.2,0.0,1006.2
2022-05-12,S04,19.8,32.3,21.1,24.1,10.1,86.4,2.2,0.0,1005.8
2022-05-13,S04,11.2,16.2,23.7,54.8,12.7,74.1,2.6,0.0,1008.3
2022-05-14,S04,9.8,17.8,19.7,31.6,12.6,73.9,3.7,0.0,1001.6
2022-05-15,S04,8.9,19.3,16.1,33.9,10.2,61.3,4.8,0.0,1003.7
2022-05-16,S04,9.8,15.9,24.7,29.9,9.1,84.9,4.1,4.6,1011.6
2022-05-17,S04,14.0,22.3,12.3,38.3,11.2,77.2,6.2,0.0,1016.4
2022-05-18,S04,7.8,12.3,9.4,41.8,16.0,67.7,5.8,0.0,1013.4
2022-05-19,S04,7.1,18.4,14.4,74.9,20.7,34.6,5.5,0.0,1007.7
2022-05-20,S04,16.1,30.5,22.5,52.3,26.4,62.6,0.8,0.0,1010.6
2022-05-21,S04,7.6,13.8,21.9,55.1,24.9,80.6,3.7,1.3,1001.8
2022-05-22,S04,8.6,15.6,14.1,50.7,19.9,49.9,3.4,0.0,1008.5
2022-05-23,S04,4.6,10.0,14.0,49.6,14.4,77.6,7.2,0.0,1008.5
2022-05-24,S04,20.0,36.9,27.1,27.8,15.6,53.5,0.2,0.0,1016.8
2022-05-25,S04,,23.8,22.4,42.5,13.8,89.3,2.2,2.5,1009.1
2022-05-26,S04,11.4,28.7,23.6,38.3,14.2,82.3,3.0,5.8,1013.5
2022-05-27,S04,32.6,59.9,23.3,32.0,13.4,55.3,1.2,0.0,1013.0
2022-05-28,S04,18.7,27.4,23.1,38.4,14.4,70.2,1.2,0.0,1011.7
2022-05-29,S04,5.9,11.4,14.0,49.3,18.6,85.4,6.9,2.0,1006.5
2022-05-30,S04,9.9,20.4,17.5,42.2,17.8,83.2,3.6,10.9,1010.2
2022-05-31,S04,7.4,24.0,8.4,57.9,17.4,69.7,8.4,0.0,1013.4
2022-06-01,S04,17.0,27.7,18.2,46.8,15.1,76.5,2.6,2.2,1020.5
2022-06-02,S04,34.7,53.3,23.3,26.4,11.9,59.1,1.0,0.0,1023.0
2022-06-03,S04,13.4,27.0,18.6,32.6,13.3,73.6,2.4,0.0,1018.6
2022-06-04,S04,12.3,24.0,20.5,17.3,13.6,92.3,1.8,6.4,1013.5
2022-06-05,S04,8.3,26.7,16.3,48.5,20.0,69.4,4.8,0.0,1007.9
2022-06-06,S04,6.8,11.1,14.0,42.0,19.6,65.1,5.5,1.5,1014.8
2022-06-07,S04,6.4,12.8,19.2,47.4,22.9,54.6,4.6,0.0,1011.4
2022-06-08,S04,3.3,7.6,10.2,71.2,20.3,59.9,10.9,0.0,1017.6
2022-06-09,S04,5.0,12.0,8.4,79.1,16.7,55.1,6.3,0.0,1018.8
2022-06-10,S04,9.6,15.1,16.5,39.8,15.4,68.2,1.5,0.0,1018.9
2022-06-11,S04,5.6,12.3,9.5,46.9,13.7,82.0,5.3,7.3,1016.5
2022-06-12,S04,13.6,20.9,17.6,48.7,22.2,54.5,3.2,0.0,1018.5
2022-06-13,S04,12.8,20.4,18.8,36.5,18.1,68.6,2.4,0.0,1017.3
2022-06-14,S04,8.8,23.8,13.0,78.9,21.6,69.5,7.1,0.0,1015.0
2022-06-15,S04,30.0,45.3,26.2,35.4,18.5,62.6,1.4,0.0,1017.4
2022-06-16,S04,11.0,31.4,16.0,40.0,21.1,71.1,4.6,15.2,1015.9
2022-06-17,S04,7.4,16.5,14.3,60.4,22.2,48.6,4.6,0.0,1012.1
2022-06-18,S04,9.6,14.5,21.7,45.2,21.1,64.1,1.6,0.0,1014.7
2022-06-19,S04,13.9,29.9,21.4,50.1,20.3,63.6,0.8,0.0,1014.1
2022-06-20,S04,21.1,33.4,15.5,57.9,18.3,65.6,2.1,0.0,1015.8
2022-06-21,S04,9.0,14.5,17.6,58.7,20.1,68.6,5.7,0.0,1013.5
2022-06-22,S04,14.3,,18.4,51.7,18.9,66.2,4.1,0.0,1008.5
2022-06-23,S04,7.8,15.5,17.1,56.1,16.4,63.2,6.9,0.0,1016.4
2022-06-24,S04,14.3,29.3,13.7,63.8,14.7,68.3,3.8,0.0,1021.9
2022-06-25,S04,10.8,18.0,9.1,72.0,16.7,74.3,7.1,0.0,1023.6
2022-06-26,S04,17.8,26.9,17.3,48.9,21.6,66.4,2.0,0.0,1020.0
2022-06-27,S04,12.0,21.6,18.1,62.5,21.2,66.5,4.2,0.0,1017.4
2022-06-28,S04,9.6,21.2,24.4,63.2,21.1,61.6,2.2,0.0,1022.0
2022-06-29,S04,12.6,27.5,20.2,56.1,20.6,58.6,2.9,0.0,1018.8
2022-06-30,S04,10.8,17.4,18.3,58.7,24.0,63.8,3.6,0.0,1015.1
2022-07-01,S04,14.1,28.5,20.4,55.5,24.1,65.8,3.9,0.3,1022.2
2022-07-02,S04,18.0,42.7,19.5,52.5,22.2,65.1,1.8,0.0,1020.2
2022-07-03,S04,11.4,20.9,21.6,50.0,24.2,62.1,3.8,0.0,1025.8
2022-07-04,S04,21.7,39.1,27.2,64.1,24.3,62.5,3.4,0.0,1017.6
2022-07-05,S04,25.0,40.6,18.8,71.1,27.1,58.8,1.0,0.0,1018.8
2022-07-06,S04,25.1,46.5,22.7,52.7,25.9,60.6,0.7,0.0,1025.9
2022-07-07,S04,13.0,15.9,10.2,56.8,20.9,56.9,6.4,0.0,1023.5
2022-07-08,S04,31.2,54.4,15.7,35.9,17.0,71.3,2.9,0.0,1020.3
2022-07-09,S04,20.1,39.8,25.0,53.5,22.8,75.5,1.0,3.7,1014.2
2022-07-10,S04,6.1,10.1,7.6,78.5,27.3,64.9,8.7,0.0,1018.3
2022-07-11,S04,11.1,18.3,14.8,48.5,23.7,54.3,3.9,0.0,1014.1
2022-07-12,S04,13.0,24.4,22.2,77.5,22.1,74.0,3.5,0.0,1013.5
2022-07-13,S04,17.0,34.2,23.1,41.9,25.2,58.7,1.5,0.0,1008.5
2022-07-14,S04,11.6,,27.3,36.8,22.4,57.4,0.9,0.0,1015.6
2022-07-15,S04,7.9,13.6,13.4,57.0,18.4,68.0,3.8,7.7,1019.7
2022-07-16,S04,16.3,28.8,19.7,56.2,20.9,56.1,2.8,0.0,1018.2
2022-07-17,S04,18.0,26.5,33.0,36.4,19.7,86.2,1.2,9.5,1012.6
2022-07-18,S04,24.3,40.6,19.7,38.9,19.5,75.7,1.3,0.0,1018.8
2022-07-19,S04,28.8,48.3,20.6,47.8,19.2,69.3,1.2,0.0,1016.2
2022-07-20,S04,23.2,33.7,24.9,50.6,21.2,60.8,1.4,0.0,1011.1
2022-07-21,S04,22.0,35.7,17.7,51.6,24.7,73.9,1.9,0.0,1004.5
2022-07-22,S04,11.6,23.6,20.0,65.6,23.2,57.9,3.9,0.0,1003.6
2022-07-23,S04,9.5,14.8,12.0,67.7,24.9,58.2,3.9,0.0,999.6
2022-07-24,S04,12.0,18.6,12.2,54.9,16.8,73.6,2.6,0.0,999.8
2022-07-25,S04,15.9,24.1,19.9,45.3,18.0,67.3,3.1,0.0,1005.4
2022-07-26,S04,12.8,24.5,14.0,52.9,16.6,83.3,4.1,0.0,1005.4
2022-07-27,S04,16.1,29.6,21.8,32.2,15.0,69.7,0.5,0.0,1008.4
2022-07-28,S04,9.7,17.7,22.8,,14.2,67.2,3.0,0.0,1006.4
2022-07-29,S04,7.0,13.9,14.8,51.5,15.3,61.5,6.7,0.0,1008.0
2022-07-30,S04,14.8,23.1,15.4,55.3,19.4,55.4,2.6,0.0,1016.7
2022-07-31,S04,4.7,17.6,17.0,52.4,16.9,76.8,5.1,1.8,1014.5
2022-08-01,S04,8.8,17.3,,,17.8,87.6,2.7,0.8,1015.8
2022-08-02,S04,7.8,25.9,17.2,42.8,17.0,68.8,4.8,0.0,1009.0
2022-08-03,S04,10.6,17.5,16.9,47.2,17.1,69.3,4.1,0.0,1015.8
2022-08-04,S04,20.8,40.6,17.2,51.9,21.0,59.7,1.0,0.0,1013.4
2022-08-05,S04,12.0,,19.3,58.2,22.6,63.3,1.4,0.0,1017.5
2022-08-06,S04,11.2,22.0,8.2,73.5,24.8,69.5,6.5,0.0,1016.1
2022-08-07,S04,12.8,19.9,16.3,53.3,22.4,66.9,4.8,0.0,1017.9
2022-08-08,S04,14.5,22.0,20.2,57.4,20.1,78.1,3.1,21.3,1019.6
2022-08-09,S04,15.3,28.8,17.4,41.8,19.6,57.9,2.4,0.0,1016.5
2022-08-10,S04,19.6,27.5,21.3,55.9,19.7,83.0,1.6,1.2,1020.2
2022-08-11,S04,12.6,32.7,14.6,64.2,20.7,45.3,3.7,0.0,1015.7
2022-08-12,S04,15.5,29.5,26.9,40.5,17.4,80.7,2.0,0.6,1018.3
2022-08-13,S04,9.9,22.6,16.3,40.4,18.7,93.3,1.9,4.4,1015.7
2022-08-14,S04,14.3,26.7,20.0,38.6,18.5,67.9,1.8,2.7,1016.5
2022-08-15,S04,8.2,26.1,12.5,54.6,24.4,68.7,4.6,3.9,1014.0
2022-08-16,S04,8.3,17.7,21.1,56.4,27.9,66.6,2.4,1.6,1014.0
2022-08-17,S04,9.7,16.1,21.9,55.2,23.2,55.4,3.6,0.0,1009.5
2022-08-18,S04,17.4,31.6,15.2,42.8,20.2,70.1,1.1,0.0,1011.2
2022-08-19,S04,18.9,35.9,24.2,26.1,16.4,64.8,1.8,0.0,1011.7
2022-08-20,S04,12.9,30.4,25.3,37.9,16.4,69.9,3.4,0.0,1009.8
2022-08-21,S04,13.4,23.3,24.3,40.0,17.6,72.1,0.7,0.0,1010.2
2022-08-22,S04,10.7,20.9,17.8,47.3,20.7,63.1,2.2,0.0,1011.3
2022-08-23,S04,8.9,15.8,18.8,37.7,17.6,86.8,3.0,0.0,1009.2
2022-08-24,S04,19.5,30.5,20.6,20.5,17.1,79.4,1.0,4.8,1009.4
2022-08-25,S04,12.1,20.5,22.2,46.9,11.3,72.9,6.1,0.0,1006.1
2022-08-26,S04,17.6,35.1,21.1,37.0,13.1,55.6,4.0,0.0,1016.9
2022-08-27,S04,19.8,39.1,23.7,35.4,12.0,63.0,3.2,0.0,1020.3
2022-08-28,S04,13.2,20.6,34.6,29.5,12.3,88.8,1.8,9.1,1020.0
2022-08-29,S04,24.0,34.9,32.5,30.6,12.3,63.7,0.8,0.0,1023.3
2022-08-30,S04,14.8,24.2,15.2,43.9,13.4,58.7,5.3,0.0,1013.3
2022-08-31,S04,24.7,41.1,22.0,28.9,10.1,72.1,2.5,0.0,1003.0
2022-09-01,S04,27.8,49.2,42.2,22.7,8.3,82.2,1.0,0.0,1003.4
2022-09-02,S04,15.0,31.4,18.5,48.2,16.5,69.0,1.8,0.0,999.8
2022-09-03,S04,12.0,24.1,16.8,50.1,13.1,67.3,4.2,0.0,1001.5
2022-09-04,S04,14.6,22.9,15.9,27.8,11.6,61.0,3.4,0.0,1004.6
2022-09-05,S04,21.0,33.9,15.6,43.9,17.4,78.5,1.3,12.2,1010.0
2022-09-06,S04,8.3,20.4,11.4,53.8,24.2,73.2,6.3,7.1,1006.0
2022-09-07,S04,19.0,35.2,19.5,39.0,18.6,53.2,1.0,0.0,1009.0
2022-09-08,S04,6.8,11.3,11.1,52.6,17.1,74.7,7.1,0.0,1009.9
2022-09-09,S04,10.1,21.2,20.5,51.2,17.5,69.2,3.4,0.0,1011.9
2022-09-10,S04,11.1,20.1,20.1,51.9,22.3,71.1,2.4,0.0,1010.0
2022-09-11,S04,7.5,17.0,23.8,48.8,17.7,79.8,2.7,6.5,1016.2
2022-09-12,S04,8.0,18.2,19.7,38.7,16.0,70.1,2.9,0.0,1015.1
2022-09-13,S04,5.1,12.3,17.3,43.2,17.6,81.6,4.3,2.5,1021.8
2022-09-14,S04,15.8,28.8,22.9,34.1,18.4,69.6,0.5,0.0,1016.9
2022-09-15,S04,14.7,22.3,31.4,44.1,17.2,55.3,1.8,0.0,1019.1
2022-09-16,S04,9.0,15.9,17.5,38.6,15.8,65.6,2.9,2.3,1017.6
2022-09-17,S04,5.1,11.2,18.6,17.8,10.9,80.0,5.8,29.9,1015.4
2022-09-18,S04,10.5,18.5,11.7,47.4,12.4,69.6,6.0,0.0,1017.4
2022-09-19,S04,5.4,10.9,11.5,39.3,12.5,83.0,8.0,3.2,1015.4
2022-09-20,S04,4.9,21.7,19.3,47.8,14.3,87.2,7.0,5.7,1004.2
2022-09-21,S04,13.3,27.0,27.0,19.4,11.9,75.6,1.4,0.0,993.7
2022-09-22,S04,8.3,12.8,14.9,38.1,13.8,75.0,2.8,0.0,1002.7
2022-09-23,S04,4.1,6.9,11.4,27.6,16.5,60.0,6.0,0.0,1009.7
2022-09-24,S04,5.3,11.6,20.9,44.2,15.4,83.2,5.2,5.9,1017.9
2022-09-25,S04,16.9,36.7,19.6,33.2,15.5,65.2,2.8,0.0,1016.8
2022-09-26,S04,8.7,14.1,16.0,33.5,15.4,69.5,4.1,0.0,1010.9
2022-09-27,S04,14.8,28.7,17.7,42.4,13.8,85.1,2.3,3.2,1009.6
2022-09-28,S04,25.5,35.9,23.5,26.5,11.5,48.8,0.9,0.0,1010.4
2022-09-29,S04,11.3,19.6,26.1,32.9,13.5,99.5,2.9,2.1,1006.9
2022-09-30,S04,20.0,30.2,18.1,28.9,12.9,73.0,2.5,0.0,1014.7
2022-10-01,S04,21.7,35.8,17.8,52.8,18.4,71.3,2.4,0.4,1023.3
2022-10-02,S04,8.1,12.4,19.9,47.9,20.2,86.9,3.7,9.7,1023.2
2022-10-03,S04,15.9,23.2,16.3,58.2,18.5,63.9,2.4,0.0,1021.1
2022-10-04,S04,12.5,21.1,15.0,51.9,15.2,68.0,3.5,0.0,1014.3
2022-10-05,S04,6.7,11.0,16.6,47.4,10.7,80.8,5.2,0.1,1020.2
2022-10-06,S04,1.7,5.7,8.3,64.9,13.8,92.0,11.6,1.7,1019.1
2022-10-07,S04,15.2,27.6,17.3,32.0,13.8,69.3,2.6,0.0,1016.7
2022-10-08,S04,6.9,12.0,14.5,47.4,14.4,71.0,6.7,0.0,1017.9
2022-10-09,S04,7.9,13.4,21.5,25.6,8.7,80.0,3.3,0.0,1014.6
2022-10-10,S04,11.0,21.5,12.8,41.4,10.9,84.9,3.8,2.5,1014.8
2022-10-11,S04,16.1,25.3,23.3,33.1,12.3,67.0,3.0,0.0,1008.7
2022-10-12,S04,12.1,24.2,18.4,26.4,9.0,91.5,3.3,4.1,1013.9
2022-10-13,S04,10.7,18.5,25.8,37.3,8.2,98.9,2.8,1.2,1013.3
2022-10-14,S04,13.4,19.9,25.0,28.8,9.1,74.4,5.5,0.0,1017.9
2022-10-15,S04,30.6,53.9,23.2,21.0,9.8,69.1,1.8,0.0,1016.1
2022-10-16,S04,28.2,41.2,23.5,17.2,8.0,71.1,0.9,0.0,1014.9
2022-10-17,S04,26.6,43.7,31.7,30.5,8.9,82.1,1.7,0.0,1009.7
2022-10-18,S04,30.2,47.7,20.0,27.0,9.1,66.7,1.9,0.0,1013.4
2022-10-19,S04,22.5,33.9,34.8,24.4,8.5,71.0,1.9,0.0,1009.8
2022-10-20,S04,21.6,27.3,18.0,37.1,12.5,59.3,3.1,0.0,1008.5
2022-10-21,S04,39.1,64.5,22.6,2.0,4.8,67.3,1.8,0.0,1009.4
2022-10-22,S04,17.0,35.2,36.3,7.4,5.3,72.9,3.0,0.0,1010.6
2022-10-23,S04,26.8,,26.4,16.1,6.2,74.5,2.0,0.0,1004.3
2022-10-24,S04,11.4,23.3,26.4,30.3,8.9,97.6,4.1,2.4,1005.1
2022-10-25,S04,5.3,11.6,11.0,31.8,7.1,87.6,9.8,0.2,1009.9
2022-10-26,S04,23.9,43.8,22.3,6.5,2.5,70.7,3.4,0.0,1009.0
2022-10-27,S04,19.2,28.6,14.0,15.8,4.7,86.0,2.0,2.3,1008.9
2022-10-28,S04,37.4,64.9,33.1,31.8,10.1,79.9,0.4,0.0,1010.4
2022-10-29,S04,8.0,22.8,14.5,13.0,4.3,83.3,8.4,0.0,1010.4
2022-10-30,S04,10.4,22.6,19.0,7.5,8.6,84.9,3.9,1.5,1006.8
2022-10-31,S04,10.5,14.6,25.0,35.3,6.6,84.9,3.0,1.6,1007.9
2022-11-01,S04,29.3,52.2,28.8,3.5,6.9,76.6,0.4,0.0,1012.9
2022-11-02,S04,18.6,30.3,19.7,14.1,4.2,73.3,2.7,0.0,1008.7
2022-11-03,S04,12.9,22.2,22.8,7.0,4.4,78.5,3.8,0.0,1008.1
2022-11-04,S04,12.6,20.3,22.0,21.5,8.1,85.0,2.4,0.0,1003.5
2022-11-05,S04,9.7,13.6,29.8,20.3,9.1,84.3,1.1,17.6,1009.2
2022-11-06,S04,15.9,31.6,23.0,42.9,12.7,65.2,0.9,0.0,1009.6
2022-11-07,S04,3.1,14.2,10.5,54.4,13.0,83.8,8.4,1.9,1006.9
2022-11-08,S04,7.7,23.4,17.0,26.9,13.1,68.0,3.4,0.0,1008.5
2022-11-09,S04,13.3,33.0,17.5,22.1,14.5,57.9,2.1,0.0,1004.6
2022-11-10,S04,8.0,17.0,17.5,39.8,12.7,75.9,3.2,0.0,1002.1
2022-11-11,S04,8.5,15.3,22.6,,12.1,75.8,2.6,0.0,998.4
2022-11-12,S04,16.1,22.6,22.3,17.7,9.4,81.6,0.9,2.2,997.1
2022-11-13,S04,13.8,36.4,12.8,43.3,8.4,82.9,5.8,0.3,1005.7
2022-11-14,S04,32.3,50.3,26.8,4.3,5.4,71.4,2.8,0.0,1004.2
2022-11-15,S04,26.4,39.0,20.5,23.8,8.5,73.1,3.2,0.0,1007.8
2022-11-16,S04,12.1,18.8,17.9,30.3,3.5,84.8,7.1,5.5,1005.5
2022-11-17,S04,55.6,86.4,26.2,6.5,6.1,68.8,0.9,0.0,1010.1
2022-11-18,S04,28.0,50.4,23.6,24.6,4.2,90.2,1.6,0.0,1006.5
2022-11-19,S04,8.9,23.8,14.2,21.1,8.5,91.1,3.6,2.5,1008.0
2022-11-20,S04,4.8,16.7,13.5,,7.6,89.8,5.5,4.1,1009.2
2022-11-21,S04,10.8,23.8,18.8,26.6,12.4,76.7,1.8,0.0,1019.3
2022-11-22,S04,10.1,27.5,24.4,5.6,10.7,80.8,1.8,0.0,1020.5
2022-11-23,S04,10.3,23.3,19.0,17.0,3.5,74.9,4.8,0.0,1016.7
2022-11-24,S04,5.0,18.6,9.1,42.3,4.7,79.0,10.2,0.0,1018.7
2022-11-25,S04,21.5,34.4,14.0,4.3,0.8,77.5,3.0,0.0,1026.1
2022-11-26,S04,19.0,27.8,30.5,2.0,-0.1,83.4,1.8,0.0,1017.0
2022-11-27,S04,21.6,36.0,31.8,9.2,5.0,72.4,1.4,0.0,1012.8
2022-11-28,S04,9.6,15.8,27.9,23.2,6.0,75.4,2.7,0.0,1011.9
2022-11-29,S04,11.9,32.3,15.8,18.0,3.2,67.3,5.0,0.0,1010.4
2022-11-30,S04,4.6,10.0,10.2,35.2,0.8,79.4,13.7,0.0,1009.6
2022-12-01,S04,19.3,29.1,28.4,8.9,1.1,75.4,2.5,0.0,1005.1
2022-12-02,S04,19.7,50.8,27.5,2.0,-1.4,68.7,3.2,0.0,1012.3
2022-12-03,S04,7.3,15.5,13.5,29.9,-2.5,84.4,8.2,0.0,1006.7
2022-12-04,S04,21.1,32.6,22.7,2.0,0.1,87.9,3.5,0.0,1007.2
2022-12-05,S04,19.9,31.7,32.7,18.6,3.0,95.3,3.3,0.0,1012.5
2022-12-06,S04,13.5,18.2,21.6,34.9,3.8,78.2,7.1,0.0,1012.5
2022-12-07,S04,,44.8,25.3,2.4,-2.3,78.9,3.0,0.0,1008.7
2022-12-08,S04,37.5,51.3,30.5,3.0,-0.5,73.3,1.3,0.0,1004.2
2022-12-09,S04,14.2,25.2,11.3,24.0,0.8,82.7,6.2,0.0,1005.0
2022-12-10,S04,33.4,60.7,38.2,2.0,0.9,78.3,0.9,0.0,1003.6
2022-12-11,S04,,41.9,21.8,9.5,6.1,68.9,4.7,0.0,1006.3
2022-12-12,S04,16.9,29.4,27.1,3.1,-1.2,91.1,2.9,4.0,1002.0
2022-12-13,S04,30.5,45.7,24.0,14.6,-3.1,69.7,2.5,0.0,1007.5
2022-12-14,S04,24.1,50.1,25.9,11.6,-0.1,81.2,2.6,0.0,1009.0
2022-12-15,S04,19.4,34.0,34.3,2.0,-3.5,80.4,3.1,0.0,1010.6
2022-12-16,S04,19.8,43.0,28.0,15.5,1.8,79.2,2.2,0.0,1016.8
2022-12-17,S04,13.4,22.4,34.0,12.5,2.2,71.4,4.7,0.0,1014.3
2022-12-18,S04,15.9,29.1,29.3,12.6,3.3,70.4,2.3,0.0,1011.2
2022-12-19,S04,17.6,30.5,25.6,2.0,1.0,88.0,0.6,15.2,1009.3
2022-12-20,S04,6.5,14.7,22.3,17.5,2.6,76.1,2.8,0.0,1009.3
2022-12-21,S04,23.8,42.7,25.2,9.3,5.2,90.6,0.5,0.6,1009.7
2022-12-22,S04,27.1,39.4,26.7,14.1,4.2,85.4,3.2,0.0,1007.0
2022-12-23,S04,32.6,53.0,32.0,19.5,3.9,83.4,2.1,0.0,1000.1
2022-12-24,S04,14.9,31.4,29.4,12.9,2.4,83.5,4.3,0.0,1000.5
2022-12-25,S04,16.5,27.9,24.1,11.9,-0.1,98.5,2.6,0.5,1004.4
2022-12-26,S04,7.8,14.4,22.2,19.4,0.8,100.0,4.8,0.8,1006.7
2022-12-27,S04,11.8,30.1,25.9,11.1,-0.2,79.8,5.1,0.0,1012.7
2022-12-28,S04,20.4,38.3,28.8,8.3,0.5,83.9,4.4,0.0,1020.6
2022-12-29,S04,15.6,25.5,19.6,2.8,2.4,92.5,2.4,3.0,1022.1
2022-12-30,S04,28.1,43.6,28.3,2.0,-0.1,84.7,2.9,0.0,1025.8
2022-12-31,S04,,22.7,17.9,16.4,-0.0,85.4,3.8,6.8,1026.3
2023-01-01,S04,18.1,34.6,19.1,21.3,2.5,70.3,3.9,0.0,1030.5
2023-01-02,S04,36.4,53.8,20.6,2.0,-0.3,79.6,2.2,0.0,1034.4
2023-01-03,S04,36.9,59.7,26.3,4.2,-1.8,98.6,1.4,3.0,1033.9
2023-01-04,S04,12.7,18.9,18.5,10.2,-0.7,89.2,3.0,6.9,1032.6
2023-01-05,S04,29.2,47.0,23.1,15.5,1.6,87.1,1.0,0.0,1027.8
2023-01-06,S04,30.8,46.1,25.6,24.1,1.8,86.8,0.5,0.0,1024.7
2023-01-07,S04,26.0,44.6,29.0,15.5,3.4,82.0,1.4,0.0,1021.0
2023-01-08,S04,15.8,25.9,19.8,16.5,4.8,85.5,4.5,0.0,1021.9
2023-01-09,S04,,33.7,15.9,28.2,5.7,71.5,3.1,0.0,1017.2
2023-01-10,S04,14.8,23.1,33.7,11.5,5.4,88.7,4.5,4.6,1015.6
2023-01-11,S04,10.7,17.0,21.7,42.3,8.9,81.7,1.8,1.3,1005.7
2023-01-12,S04,13.7,18.1,13.1,18.0,5.6,66.0,5.7,0.0,1014.0
2023-01-13,S04,14.3,23.0,34.6,2.8,-1.2,91.1,1.0,7.7,1012.9
2023-01-14,S04,18.9,27.3,27.1,12.6,4.1,84.5,1.4,0.0,1014.8
2023-01-15,S04,12.1,24.1,16.4,12.9,0.5,81.8,5.3,0.0,1020.3
2023-01-16,S04,26.0,45.5,26.0,5.9,0.7,100.0,3.1,0.3,1020.0
2023-01-17,S04,12.1,18.6,17.8,31.8,4.2,91.0,4.2,1.5,1024.4
2023-01-18,S04,13.2,23.6,22.5,10.7,-1.9,96.1,3.6,5.6,1017.1
2023-01-19,S04,48.9,63.1,38.6,2.0,-4.0,80.3,2.0,0.0,1025.9
2023-01-20,S04,32.5,56.2,33.6,2.0,-7.9,82.2,1.3,0.0,1027.7
2023-01-21,S04,34.0,54.0,38.7,2.0,-6.8,75.3,0.7,0.0,1025.6
2023-01-22,S04,7.5,14.9,14.7,18.5,-3.8,88.3,7.7,0.0,1028.8
2023-01-23,S04,21.6,34.5,32.3,2.0,-1.3,77.3,0.8,0.0,1020.9
2023-01-24,S04,6.8,20.9,14.4,6.9,-0.7,76.4,6.9,0.0,1018.2
2023-01-25,S04,15.0,23.2,22.4,7.0,-3.6,90.8,2.8,0.0,1022.9
2023-01-26,S04,22.2,30.0,24.4,2.0,-8.4,93.7,3.5,0.0,1013.5
2023-01-27,S04,16.4,22.6,21.1,18.1,-5.1,93.8,3.9,0.0,1015.6
2023-01-28,S04,13.1,20.6,29.2,2.0,-4.8,78.8,4.1,0.0,1017.2
2023-01-29,S04,12.5,20.4,33.4,2.5,-3.1,82.4,1.6,0.0,1024.3
2023-01-30,S04,18.6,37.2,20.2,2.0,-0.3,80.3,0.4,0.0,1015.7
2023-01-31,S04,11.5,24.1,37.8,10.5,0.2,93.9,2.1,5.4,1021.6
2023-02-01,S04,18.6,33.4,24.4,21.4,2.5,88.7,4.0,0.0,1017.6
2023-02-02,S04,40.4,63.4,35.3,6.7,2.3,81.2,1.3,0.0,1014.9
2023-02-03,S04,19.8,33.6,19.0,13.4,3.0,99.9,4.8,1.5,1009.6
2023-02-04,S04,24.4,37.4,17.9,11.1,2.0,80.2,2.9,0.0,1006.0
2023-02-05,S04,25.5,44.7,22.6,2.0,-0.1,80.6,1.2,0.0,1009.0
2023-02-06,S04,10.1,17.8,31.9,13.6,1.5,96.9,3.6,7.4,1005.3
2023-02-07,S04,28.6,45.8,16.3,2.0,2.8,88.9,3.4,0.0,1009.8
2023-02-08,S04,21.5,50.7,16.4,8.3,0.2,84.4,4.1,0.0,1007.8
2023-02-09,S04,24.5,32.9,28.6,14.1,2.6,84.2,0.2,0.0,1004.0
2023-02-10,S04,14.7,19.6,14.2,26.7,1.9,88.3,5.4,1.0,1003.7
2023-02-11,S04,22.5,29.2,33.1,2.0,1.3,80.6,0.9,0.0,1006.9
2023-02-12,S04,10.9,18.1,20.6,25.5,3.3,78.9,5.5,0.0,1007.0
2023-02-13,S04,9.6,17.3,20.9,2.0,-2.4,100.0,5.8,4.3,1008.3
2023-02-14,S04,26.6,36.9,27.7,2.0,-4.7,88.3,1.3,0.0,1012.1
2023-02-15,S04,30.7,45.1,34.0,2.0,-6.0,100.0,1.2,2.4,1016.6
2023-02-16,S04,12.0,19.7,33.9,2.0,-10.1,100.0,4.8,6.9,1014.6
2023-02-17,S04,34.7,52.0,22.3,2.2,-8.4,82.8,2.3,0.0,1010.1
2023-02-18,S04,6.5,11.7,21.5,13.2,-3.0,80.2,7.0,0.0,1011.0
2023-02-19,S04,10.0,24.2,18.9,17.6,-2.5,84.7,7.6,0.0,1013.3
2023-02-20,S04,16.6,33.4,28.5,12.7,0.1,89.0,1.3,0.0,1007.4
2023-02-21,S04,20.8,33.6,27.7,18.4,3.2,73.7,1.7,0.0,1004.9
2023-02-22,S04,22.9,31.0,23.5,27.0,5.7,87.0,3.3,2.4,1003.7
2023-02-23,S04,20.5,31.4,24.5,6.4,4.2,81.4,0.4,1.7,1004.7
2023-02-24,S04,21.5,32.6,19.9,10.4,7.2,94.2,0.7,9.3,1003.3
2023-02-25,S04,23.2,31.7,30.1,16.8,7.4,84.9,1.6,0.0,1008.1
2023-02-26,S04,10.8,21.3,10.6,32.6,3.0,98.3,8.5,6.3,1002.7
2023-02-27,S04,12.3,28.8,18.0,4.9,1.9,90.1,3.6,2.7,998.4
2023-02-28,S04,25.3,,25.5,6.0,-2.3,97.6,2.0,3.0,1000.0
2023-03-01,S04,27.9,44.9,31.5,2.0,-3.0,83.6,1.5,0.0,1001.9
2023-03-02,S04,39.9,59.6,27.7,2.0,-1.7,85.2,1.1,0.0,998.3
2023-03-03,S04,24.7,36.0,22.4,13.0,2.7,78.6,2.1,0.0,998.8
2023-03-04,S04,26.9,48.2,30.3,17.2,6.1,72.3,1.8,0.0,1000.0
2023-03-05,S04,26.7,40.3,23.2,15.5,2.0,78.4,2.6,0.0,1001.1
2023-03-06,S04,10.5,25.4,18.1,26.0,4.2,92.5,3.8,1.1,1004.1
2023-03-07,S04,17.3,29.3,26.2,34.7,2.0,76.5,2.9,0.0,1003.2
2023-03-08,S04,5.7,12.2,19.1,22.4,3.5,90.1,5.1,2.1,1011.1
2023-03-09,S04,16.0,26.1,25.2,8.8,3.6,88.8,2.3,0.0,1013.4
2023-03-10,S04,8.9,25.0,15.1,4.6,-1.4,97.7,9.0,0.0,1010.1
2023-03-11,S04,20.6,36.5,20.2,5.5,2.4,71.5,4.3,0.0,1011.1
2023-03-12,S04,25.8,,26.7,6.0,1.5,80.2,3.7,1.0,1011.9
2023-03-13,S04,13.8,22.0,17.5,18.6,1.1,72.2,3.3,0.0,1017.0
2023-03-14,S04,25.9,40.7,34.9,2.0,0.1,77.5,2.0,0.0,1013.8
2023-03-15,S04,21.3,43.5,21.5,10.2,-0.7,86.4,2.6,0.0,1016.7
2023-03-16,S04,24.3,43.3,17.7,8.9,2.7,79.6,2.6,0.0,1016.1
2023-03-17,S04,30.1,52.8,22.9,15.5,2.9,78.9,1.7,0.0,1021.5
2023-03-18,S04,18.7,35.5,,19.6,4.4,91.3,1.0,12.9,1024.9
2023-03-19,S04,13.0,19.8,16.5,22.9,6.4,72.5,4.5,0.0,1023.3
2023-03-20,S04,,40.0,13.1,38.1,8.8,68.9,5.9,0.0,1020.2
2023-03-21,S04,9.0,18.9,23.0,24.3,8.2,87.0,4.3,4.5,1020.8
2023-03-22,S04,22.1,44.4,20.3,6.4,3.9,65.7,2.6,0.0,1018.5
2023-03-23,S04,3.7,16.2,6.9,44.5,6.6,65.6,10.1,0.0,1024.1
2023-03-24,S04,14.4,21.1,23.8,22.4,6.7,68.2,1.5,0.0,1022.2
2023-03-25,S04,14.9,25.4,31.5,28.9,8.6,79.8,3.2,0.0,1018.8
2023-03-26,S04,9.7,15.9,12.9,44.4,10.1,72.4,5.6,0.0,1015.8
2023-03-27,S04,27.6,44.1,21.0,21.2,8.6,73.5,1.4,0.0,1010.4
2023-03-28,S04,20.2,,17.3,27.9,8.2,60.0,4.3,0.0,1013.1
2023-03-29,S04,10.7,23.3,16.0,44.2,12.8,59.7,8.2,0.0,1009.8
2023-03-30,S04,17.2,25.6,17.5,46.5,16.7,74.3,3.1,0.0,1014.8
2023-03-31,S04,24.1,35.3,15.2,39.7,14.8,52.7,3.2,0.0,1009.3
2023-04-01,S04,32.9,52.7,24.5,32.2,12.8,87.7,1.6,1.5,1010.6
2023-04-02,S04,19.0,34.3,18.7,34.1,14.1,57.6,3.9,0.0,1015.6
2023-04-03,S04,18.1,34.7,26.0,17.9,10.4,80.1,1.7,0.0,1006.5
2023-04-04,S04,14.3,32.1,16.9,22.4,9.7,65.8,3.0,0.0,1015.9
2023-04-05,S04,22.0,42.1,22.8,28.9,10.5,77.9,0.9,0.0,1013.6
2023-04-06,S04,16.4,30.0,33.7,22.6,11.2,90.2,0.2,0.0,1014.0
2023-04-07,S04,12.2,24.8,24.9,19.8,8.4,61.5,2.3,0.0,1016.1
2023-04-08,S04,14.8,27.7,28.9,19.7,4.2,79.7,2.3,0.0,1018.4
2023-04-09,S04,17.7,25.2,25.9,19.0,0.4,70.4,2.3,0.0,1018.4
2023-04-10,S04,24.8,36.7,26.4,,0.1,84.3,4.4,0.0,1021.3
2023-04-11,S04,16.3,36.6,20.7,8.2,1.7,78.3,5.0,0.0,1021.7
2023-04-12,S04,11.9,19.1,19.8,27.9,5.0,89.4,3.3,6.1,1027.0
2023-04-13,S04,25.4,37.7,21.2,33.0,10.6,63.4,4.2,0.0,1026.3
2023-04-14,S04,,43.7,18.5,33.5,13.8,73.7,1.7,0.0,1031.5
2023-04-15,S04,10.8,17.3,32.2,32.9,10.6,74.0,1.6,5.3,1031.4
2023-04-16,S04,10.6,,22.0,32.0,11.3,77.1,4.3,0.0,1020.5
2023-04-17,S04,13.3,26.7,23.5,27.6,9.7,69.1,1.2,0.0,1029.4
2023-04-18,S04,11.1,24.7,23.9,26.2,10.0,64.9,1.2,0.0,1023.9
2023-04-19,S04,2.1,9.8,8.1,78.0,10.1,91.9,12.7,5.9,1027.7
2023-04-20,S04,5.4,19.7,18.3,35.2,12.8,67.0,3.4,0.0,1024.8
2023-04-21,S04,15.2,24.5,28.6,35.2,10.9,80.6,2.3,0.0,1026.7
2023-04-22,S04,18.3,28.9,19.2,33.6,14.0,79.5,2.0,0.0,1021.2
2023-04-23,S04,17.7,25.6,18.5,30.6,10.5,79.9,1.1,1.0,1022.1
2023-04-24,S04,13.4,22.9,17.4,34.3,11.9,68.8,4.0,0.0,1019.3
2023-04-25,S04,11.4,19.5,23.2,47.6,16.8,81.0,2.4,0.4,1024.3
2023-04-26,S04,6.5,20.2,18.2,50.3,18.1,75.3,5.4,0.0,1023.8
2023-04-27,S04,9.2,15.0,17.3,54.2,18.9,71.9,4.1,0.0,1025.4
2023-04-28,S04,12.4,25.5,17.8,37.8,17.6,67.7,2.4,0.0,1014.3
2023-04-29,S04,14.3,21.1,24.1,33.0,17.9,65.9,0.5,0.0,1013.7
2023-04-30,S04,10.7,25.7,16.5,28.3,16.4,68.5,3.1,0.0,1015.2
2023-05-01,S04,11.4,17.6,12.0,45.1,15.4,91.0,2.9,1.8,1015.6
2023-05-02,S04,35.0,53.3,21.6,24.5,12.9,69.2,0.4,0.0,1019.0
2023-05-03,S04,17.0,28.1,19.4,58.9,15.1,69.3,3.8,0.0,1016.3
2023-05-04,S04,23.2,41.3,22.9,25.7,12.3,66.0,1.1,0.0,1015.8
2023-05-05,S04,7.8,12.1,13.6,55.1,14.2,76.7,5.9,1.4,1020.0
2023-05-06,S04,8.3,15.1,23.9,50.8,16.7,70.2,2.9,13.3,1009.5
2023-05-07,S04,14.8,31.0,17.4,39.7,16.8,75.8,1.9,1.6,1012.5
2023-05-08,S04,12.3,20.6,14.8,38.9,16.3,76.0,3.7,0.0,1011.3
2023-05-09,S04,24.9,38.9,20.0,43.4,17.4,69.0,3.1,0.0,1008.0
2023-05-10,S04,15.0,23.0,16.3,51.2,15.8,86.8,3.0,0.2,1010.3
2023-05-11,S04,9.4,16.4,14.0,64.5,16.0,51.3,4.6,0.0,1015.8
2023-05-12,S04,9.2,25.2,25.4,22.4,11.2,83.8,3.9,4.7,1019.4
2023-05-13,S04,17.7,29.5,18.0,32.7,12.4,71.3,1.9,0.0,1017.6
2023-05-14,S04,23.5,40.6,19.0,21.0,8.3,66.4,2.8,0.0,1020.2
2023-05-15,S04,11.3,20.4,14.8,31.3,6.9,77.2,7.8,0.0,1022.2
2023-05-16,S04,35.1,46.4,22.1,47.1,13.6,65.2,1.6,0.0,1020.0
2023-05-17,S04,,30.1,13.4,39.9,16.7,57.0,3.7,0.0,1015.8
2023-05-18,S04,18.0,35.8,23.4,27.8,14.4,71.4,4.6,0.0,1012.7
2023-05-19,S04,10.6,20.0,16.3,34.5,10.4,83.3,3.8,9.3,1016.1
2023-05-20,S04,19.0,32.6,21.5,21.8,4.8,74.8,3.1,0.0,1015.3
2023-05-21,S04,15.0,27.0,24.0,19.8,7.4,69.6,2.9,0.0,1010.7
2023-05-22,S04,11.3,18.9,26.5,,16.5,57.1,4.0,0.0,1004.4
2023-05-23,S04,15.4,26.6,20.0,42.0,16.9,78.8,1.6,9.0,1009.5
2023-05-24,S04,10.0,19.8,15.5,32.9,16.3,90.9,3.2,0.9,1008.0
2023-05-25,S04,4.7,8.2,10.8,61.8,16.6,69.4,9.6,0.0,1010.3
2023-05-26,S04,13.7,26.8,27.4,31.4,12.2,60.3,4.0,0.0,1015.8
2023-05-27,S04,,23.6,18.6,49.5,13.6,69.1,3.7,0.0,1010.0
2023-05-28,S04,10.6,17.4,19.8,42.1,16.0,64.8,2.0,0.0,1010.4
2023-05-29,S04,12.7,47.4,23.0,38.3,16.6,73.2,1.8,0.0,1010.3
2023-05-30,S04,9.8,14.3,11.7,46.3,17.6,70.7,3.7,0.0,1012.3
2023-05-31,S04,5.2,10.9,15.0,34.3,18.4,47.2,4.1,0.0,1017.4
2023-06-01,S04,8.1,12.3,13.1,52.1,20.9,77.2,3.1,3.3,1011.2
2023-06-02,S04,1.4,19.4,7.1,64.9,17.9,75.2,12.0,3.9,1013.9
2023-06-03,S04,5.3,20.8,19.3,49.8,21.1,63.1,1.8,8.8,1017.8
2023-06-04,S04,13.1,18.2,13.2,54.8,24.3,61.7,1.3,0.0,1016.1
2023-06-05,S04,13.0,,21.2,59.8,20.3,67.2,2.2,0.0,1014.9
2023-06-06,S04,11.8,32.3,21.6,40.5,16.9,57.4,2.9,0.0,1016.2
2023-06-07,S04,12.4,23.8,20.9,42.4,21.3,66.0,1.6,0.0,1017.0
2023-06-08,S04,14.9,22.9,12.9,41.3,20.9,68.5,3.7,0.0,1018.5
2023-06-09,S04,8.7,24.5,21.5,54.5,23.2,62.5,4.2,0.0,1019.6
2023-06-10,S04,11.5,24.4,23.8,44.7,20.8,58.1,4.5,0.0,1014.4
2023-06-11,S04,9.9,31.9,22.0,44.6,23.7,51.5,2.3,0.0,1018.1
2023-06-12,S04,6.2,27.4,12.1,60.6,22.1,71.4,6.7,0.0,1021.7
2023-06-13,S04,11.5,20.1,16.0,65.4,21.9,54.4,4.0,0.0,1020.7
2023-06-14,S04,23.2,36.9,23.4,63.6,25.0,66.2,1.7,0.0,1013.2
2023-06-15,S04,15.5,22.4,22.1,39.8,22.0,61.1,1.6,0.0,1012.7
2023-06-16,S04,12.4,20.2,22.2,45.2,18.7,67.4,2.3,0.0,1013.5
2023-06-17,S04,15.5,25.2,19.8,48.2,17.2,53.7,3.5,0.0,1008.9
2023-06-18,S04,17.2,34.5,15.1,56.1,19.6,61.4,3.8,0.0,1008.2
2023-06-19,S04,10.2,,14.2,59.0,16.3,72.7,4.3,0.0,1003.6
2023-06-20,S04,6.2,10.9,9.7,52.3,18.6,58.1,9.2,0.0,1007.9
2023-06-21,S04,16.1,25.5,26.0,31.6,17.6,66.9,0.7,0.0,1009.6
2023-06-22,S04,13.3,27.7,14.9,47.4,21.7,65.8,2.2,0.0,1003.7
2023-06-23,S04,3.9,11.2,9.5,59.6,15.8,76.9,9.4,4.9,1006.9
2023-06-24,S04,12.4,24.7,15.4,24.3,15.7,71.8,5.0,0.0,1007.9
2023-06-25,S04,16.4,27.9,21.5,,12.1,58.3,1.3,0.0,1011.0
2023-06-26,S04,10.9,15.7,25.5,19.1,12.3,73.0,3.3,0.0,1009.8
2023-06-27,S04,12.8,32.6,25.2,37.8,15.2,89.4,2.6,0.8,1007.3
2023-06-28,S04,14.2,27.1,21.4,58.4,16.8,76.4,2.6,0.0,1005.3
2023-06-29,S04,13.8,20.5,29.3,46.6,16.9,70.1,2.2,0.0,1004.7
2023-06-30,S04,12.2,19.9,21.7,35.1,17.6,66.1,3.4,0.0,1006.4
2023-07-01,S04,5.1,9.7,15.0,50.5,19.0,73.4,5.6,14.1,1008.3
2023-07-02,S04,17.8,36.6,19.2,33.4,16.5,64.2,1.9,0.0,1008.5
2023-07-03,S04,12.4,18.0,15.0,61.4,18.6,68.1,4.5,0.0,1007.7
2023-07-04,S04,18.3,,17.2,38.7,21.4,60.3,4.7,0.0,1007.4
2023-07-05,S04,11.0,20.0,12.7,60.5,23.1,68.1,6.3,0.0,1018.5
2023-07-06,S04,12.2,22.0,16.1,50.0,23.9,85.7,1.6,7.5,1014.3
2023-07-07,S04,14.8,23.6,17.6,47.9,23.7,61.4,3.0,0.0,1011.8
2023-07-08,S04,13.9,24.8,25.9,73.7,27.3,65.4,1.9,0.5,1025.2
2023-07-09,S04,11.9,16.3,10.4,50.9,24.9,53.4,3.9,0.0,1024.5
2023-07-10,S04,12.0,24.3,24.1,47.6,23.9,66.6,3.4,0.0,1016.7
2023-07-11,S04,20.6,40.3,24.9,57.8,20.0,65.7,1.4,0.0,1019.3
2023-07-12,S04,9.0,18.7,17.2,46.4,18.0,81.9,3.5,1.1,1014.4
2023-07-13,S04,4.6,8.2,9.8,58.1,16.5,77.1,10.2,11.6,1017.8
2023-07-14,S04,7.7,18.2,20.1,37.2,15.0,88.9,4.3,2.0,1016.0
2023-07-15,S04,16.4,27.1,23.0,37.7,16.4,79.3,1.1,10.1,1013.6
2023-07-16,S04,16.3,28.0,26.3,40.1,19.2,64.1,1.6,0.0,1019.9
2023-07-17,S04,12.1,21.8,22.5,41.7,19.4,74.1,3.0,0.6,1020.8
2023-07-18,S04,22.5,39.4,23.1,30.1,17.9,57.8,1.4,0.0,1023.1
2023-07-19,S04,11.7,22.5,11.7,60.5,21.7,89.7,5.6,1.8,1022.8
2023-07-20,S04,23.4,37.1,22.6,42.9,21.4,69.8,1.0,0.6,1019.1
2023-07-21,S04,11.1,16.6,11.6,53.1,21.8,67.1,3.8,0.0,1020.3
2023-07-22,S04,24.8,39.9,25.7,47.7,19.3,63.2,0.8,0.0,1023.7
2023-07-23,S04,18.8,36.8,17.0,49.1,21.2,57.9,3.2,0.0,1022.1
2023-07-24,S04,19.0,31.2,19.8,48.6,21.6,57.3,1.3,0.0,1027.5
2023-07-25,S04,16.8,31.0,,62.3,17.3,70.0,5.1,0.0,1028.0
2023-07-26,S04,11.2,23.7,11.1,57.3,18.4,62.2,5.8,0.0,1025.8
2023-07-27,S04,19.0,30.1,17.9,46.8,19.8,72.2,3.8,3.6,1024.3
2023-07-28,S04,12.5,22.0,13.2,43.6,17.7,68.1,5.9,0.0,1022.6
2023-07-29,S04,37.3,61.2,24.0,39.9,18.9,68.0,0.3,0.0,1015.7
2023-07-30,S04,21.9,30.7,19.9,47.2,15.6,79.0,3.1,0.0,1014.8
2023-07-31,S04,14.2,26.1,25.7,45.1,20.3,78.9,3.6,0.4,1015.3
2023-08-01,S04,11.4,20.0,18.2,58.9,23.5,65.0,4.2,0.0,1013.2
2023-08-02,S04,17.8,29.7,31.3,39.8,21.3,68.1,0.7,0.0,1014.5
2023-08-03,S04,8.9,14.8,23.8,51.9,22.8,66.2,3.5,3.7,1014.3
2023-08-04,S04,10.5,,19.8,32.4,15.4,63.3,4.1,0.0,1017.1
2023-08-05,S04,6.9,22.2,13.3,40.5,13.7,72.8,3.1,12.0,1018.9
2023-08-06,S04,16.6,32.9,22.0,36.0,15.2,61.2,1.0,0.0,1018.4
2023-08-07,S04,20.8,28.6,17.1,47.0,13.7,86.9,2.1,0.5,1011.9
2023-08-08,S04,9.5,16.9,24.7,50.6,17.9,67.5,6.0,0.0,1019.3
2023-08-09,S04,7.2,19.3,11.7,57.9,23.4,75.5,5.8,4.3,1017.4
2023-08-10,S04,7.8,31.9,12.9,62.0,19.0,52.5,3.8,0.0,1016.2
2023-08-11,S04,9.7,15.4,9.3,52.6,17.5,88.8,4.5,7.8,1014.2
2023-08-12,S04,12.9,19.1,12.0,54.3,18.4,62.1,5.5,0.0,1012.0
2023-08-13,S04,19.6,29.6,17.5,55.6,22.0,88.5,4.0,0.8,1018.4
2023-08-14,S04,6.4,12.6,15.4,57.8,19.0,56.2,7.2,0.0,1022.9
2023-08-15,S04,6.2,15.2,11.2,47.2,18.4,73.4,6.1,6.5,1022.7
2023-08-16,S04,2.0,4.5,9.9,72.4,22.0,59.4,11.8,4.6,1020.3
2023-08-17,S04,17.4,27.4,21.3,41.2,18.5,82.3,1.7,0.2,1021.3
2023-08-18,S04,11.9,19.2,18.7,41.2,15.4,68.0,2.2,15.2,1019.9
2023-08-19,S04,18.2,30.7,25.9,41.4,15.3,76.5,0.2,2.4,1017.8
2023-08-20,S04,9.0,19.0,22.7,49.2,15.5,57.8,4.0,0.0,1018.2
2023-08-21,S04,4.1,8.3,10.4,63.6,17.9,70.6,9.1,0.0,1015.4
2023-08-22,S04,3.0,10.2,10.2,42.5,18.5,79.9,7.0,1.5,1015.9
2023-08-23,S04,6.3,9.0,17.3,38.7,14.5,82.8,4.8,0.0,1016.2
2023-08-24,S04,8.1,24.0,14.0,36.0,16.2,62.3,6.8,0.0,1017.9
2023-08-25,S04,9.2,14.6,15.8,52.3,15.4,79.9,4.4,0.4,1014.5
2023-08-26,S04,10.4,26.4,24.9,44.4,19.5,59.1,2.3,0.0,1017.0
2023-08-27,S04,1.9,5.7,5.5,62.1,17.5,77.7,10.9,6.1,1012.6
2023-08-28,S04,9.3,20.0,18.1,37.6,15.7,75.7,4.2,3.3,1010.4
2023-08-29,S04,10.7,19.3,16.4,60.7,17.4,66.8,6.0,0.0,1008.8
2023-08-30,S04,25.2,44.0,18.5,42.6,18.9,68.4,0.3,0.0,1005.3
2023-08-31,S04,21.1,42.4,18.3,42.3,19.5,72.7,0.4,0.0,1010.9
2023-09-01,S04,12.6,30.4,23.2,40.5,15.7,64.1,2.9,0.0,1007.5
2023-09-02,S04,25.2,41.4,27.4,39.3,16.7,73.1,1.6,0.0,1005.8
2023-09-03,S04,12.7,20.5,24.2,36.3,14.3,81.5,3.4,2.6,1012.2
2023-09-04,S04,19.0,26.8,17.8,47.7,14.8,61.9,2.3,0.0,1010.1
2023-09-05,S04,3.1,17.3,7.2,70.0,13.5,77.5,13.4,3.3,1009.9
2023-09-06,S04,11.2,21.5,17.6,41.7,14.2,76.5,4.5,4.6,1006.5
2023-09-07,S04,5.6,12.2,8.9,39.6,12.5,94.1,7.6,2.2,1011.1
2023-09-08,S04,21.0,35.6,27.3,26.1,10.7,70.5,0.5,0.0,1014.9
2023-09-09,S04,19.4,32.6,16.6,36.0,13.6,72.1,4.8,0.0,1017.5
2023-09-10,S04,22.1,45.5,22.9,49.5,15.4,82.0,2.6,5.9,1018.7
2023-09-11,S04,8.5,17.9,10.9,59.3,13.0,80.4,7.8,0.0,1017.9
2023-09-12,S04,17.4,26.6,21.5,53.8,18.5,73.7,4.2,0.0,1014.8
2023-09-13,S04,13.9,30.2,18.8,33.3,16.5,64.0,3.2,0.0,1011.2
2023-09-14,S04,13.1,24.5,32.4,29.7,15.8,79.6,1.0,2.6,1016.7
2023-09-15,S04,11.6,20.6,21.0,38.8,15.4,61.6,3.4,0.0,1019.0
2023-09-16,S04,5.0,10.5,14.2,38.7,13.8,82.3,6.7,5.1,1015.0
2023-09-17,S04,4.1,24.3,9.1,50.4,15.6,63.1,8.0,0.0,1014.8
2023-09-18,S04,14.2,24.0,16.0,37.2,13.3,83.1,2.4,5.0,1013.2
2023-09-19,S04,2.8,7.8,11.6,57.4,12.5,94.6,11.6,4.0,1008.7
2023-09-20,S04,13.4,35.1,17.2,59.9,17.3,58.5,5.7,0.0,1010.3
2023-09-21,S04,17.6,39.6,21.7,31.9,13.4,75.6,1.4,0.8,1009.1
2023-09-22,S04,16.3,35.2,23.9,16.9,7.5,83.1,1.2,1.6,1006.1
2023-09-23,S04,15.9,27.7,21.2,24.7,13.6,67.4,2.6,0.0,1001.6
2023-09-24,S04,7.6,13.1,15.7,50.4,19.6,89.5,2.1,12.7,997.6
2023-09-25,S04,11.4,27.2,14.4,43.8,16.7,74.5,4.8,0.0,999.2
2023-09-26,S04,18.9,40.5,23.8,,11.1,75.6,2.7,0.0,1001.6
2023-09-27,S04,9.0,19.0,24.3,25.0,11.1,82.3,2.7,16.1,1000.4
2023-09-28,S04,14.5,25.6,23.8,20.9,10.8,70.3,0.8,0.0,1005.5
2023-09-29,S04,12.3,19.1,24.5,39.0,11.4,71.6,4.3,6.2,1006.7
2023-09-30,S04,23.3,33.2,33.1,17.5,8.5,76.2,0.7,0.0,1010.3
2023-10-01,S04,7.0,10.2,13.9,48.6,10.4,88.1,5.5,2.3,1010.1
2023-10-02,S04,21.5,36.7,19.4,21.7,13.2,88.8,0.6,2.8,1007.5
2023-10-03,S04,23.2,34.7,30.1,29.1,8.6,77.2,0.8,0.0,1009.1
2023-10-04,S04,21.9,34.3,21.7,23.5,10.9,72.2,1.5,0.0,1004.8
2023-10-05,S04,22.8,32.8,17.2,42.4,16.9,68.9,2.7,0.0,1008.6
2023-10-06,S04,10.0,24.4,22.1,41.3,15.6,76.2,1.9,0.0,1005.7
2023-10-07,S04,12.9,22.6,24.8,39.7,12.6,62.3,2.2,0.0,1010.9
2023-10-08,S04,7.7,15.0,22.2,43.0,12.6,75.2,3.5,0.0,1009.9
2023-10-09,S04,16.2,35.3,22.6,42.2,14.3,66.5,1.5,0.0,1014.8
2023-10-10,S04,10.0,19.5,12.9,26.8,8.4,68.6,3.5,0.0,1010.0
2023-10-11,S04,14.9,26.8,33.4,33.0,9.1,63.0,0.3,0.0,1007.9
2023-10-12,S04,13.7,25.6,21.2,26.3,7.8,71.3,1.6,0.0,1010.4
2023-10-13,S04,21.2,34.5,25.3,9.0,14.7,74.3,0.8,0.0,1015.6
2023-10-14,S04,11.7,19.1,15.1,39.5,11.8,78.4,5.6,0.0,1021.8
2023-10-15,S04,17.8,34.2,33.4,30.1,14.8,85.4,1.8,5.4,1020.2
2023-10-16,S04,15.6,27.4,26.3,30.4,11.0,83.3,4.6,0.0,1026.1
2023-10-17,S04,25.5,34.1,23.0,33.7,12.5,73.3,0.6,0.0,1022.3
2023-10-18,S04,5.0,14.4,10.2,47.1,12.5,76.4,7.0,0.0,1024.8
2023-10-19,S04,17.0,30.3,,21.6,8.5,69.4,3.0,0.0,1018.7
2023-10-20,S04,17.4,33.2,22.0,39.5,9.2,73.9,3.1,0.0,1019.2
2023-10-21,S04,28.3,55.4,22.1,18.4,12.1,65.6,0.9,0.0,1008.6
2023-10-22,S04,28.4,37.8,19.5,16.5,10.7,59.1,1.3,0.0,1005.0
2023-10-23,S04,,22.9,20.9,11.0,5.7,96.5,2.7,11.4,1008.5
2023-10-24,S04,22.3,33.3,28.1,20.4,6.3,70.8,1.6,0.0,1004.1
2023-10-25,S04,16.7,24.6,17.6,27.4,4.9,73.4,5.4,0.0,1007.6
2023-10-26,S04,21.3,36.8,21.4,9.7,3.9,82.3,2.8,0.8,1012.3
2023-10-27,S04,17.9,32.5,24.9,10.7,5.5,87.7,1.3,0.5,1010.4
2023-10-28,S04,14.3,25.1,19.4,16.4,1.8,98.8,4.8,0.7,1007.1
2023-10-29,S04,21.3,39.2,28.1,2.0,-0.7,90.0,2.2,0.0,1006.4
2023-10-30,S04,16.9,31.9,20.6,24.6,2.7,66.3,4.9,0.0,1003.8
2023-10-31,S04,23.6,37.6,18.6,25.8,2.8,74.4,2.1,0.0,1005.3
2023-11-01,S04,34.4,49.7,23.5,3.7,-2.8,76.5,4.2,0.0,1007.2
2023-11-02,S04,34.9,48.5,23.0,17.1,3.5,82.7,2.4,0.0,1007.1
2023-11-03,S04,21.9,35.8,14.9,25.4,4.8,75.7,5.2,0.0,1015.0
2023-11-04,S04,43.6,68.4,27.3,20.6,3.5,71.7,0.7,0.0,1011.7
2023-11-05,S04,45.2,73.9,37.0,17.5,0.3,80.9,1.2,0.0,1017.6
2023-11-06,S04,20.3,43.1,27.5,11.8,3.8,75.3,2.9,0.0,1012.5
2023-11-07,S04,15.7,27.8,26.1,16.2,5.5,84.4,1.7,0.0,1012.9
2023-11-08,S04,12.3,19.9,18.3,38.0,11.6,73.4,2.2,0.0,1017.6
2023-11-09,S04,11.0,19.7,13.1,37.4,10.0,76.8,4.9,0.0,1021.2
2023-11-10,S04,10.9,23.8,18.7,21.1,10.3,56.5,2.1,0.0,1017.9
2023-11-11,S04,10.2,20.8,20.2,13.1,8.7,75.6,3.5,0.0,1019.1
2023-11-12,S04,11.3,20.2,25.4,16.1,8.1,97.0,1.4,5.0,1019.6
2023-11-13,S04,27.4,43.4,24.0,23.7,9.0,78.9,0.5,0.0,1016.1
2023-11-14,S04,9.2,16.1,20.8,32.1,11.7,74.4,4.4,7.6,1018.0
2023-11-15,S04,4.6,13.9,11.0,33.9,8.0,71.4,10.5,0.0,1024.4
2023-11-16,S04,27.1,38.0,13.4,16.6,5.2,66.8,3.0,0.0,1024.0
2023-11-17,S04,19.8,26.3,24.4,30.7,4.4,89.0,2.6,0.0,1024.1
2023-11-18,S04,17.3,24.1,25.0,11.1,5.7,79.7,3.4,0.0,1024.6
2023-11-19,S04,5.2,10.1,15.6,32.7,9.0,80.6,6.5,11.4,1016.4
2023-11-20,S04,16.5,30.5,24.1,16.4,5.8,73.3,3.4,0.0,1017.6
2023-11-21,S04,13.6,27.8,17.4,38.8,4.4,64.0,5.2,0.0,1012.6
2023-11-22,S04,11.9,20.7,17.7,13.5,5.4,70.5,5.3,0.0,1010.3
2023-11-23,S04,13.2,22.2,17.5,16.2,3.6,89.8,5.8,2.1,1019.5
2023-11-24,S04,14.1,28.5,23.1,21.6,6.3,91.6,3.0,10.0,1017.2
2023-11-25,S04,28.1,44.2,25.0,5.7,-0.6,71.2,1.8,0.0,1013.4
2023-11-26,S04,12.9,30.1,27.8,16.4,-1.0,76.9,4.1,0.0,1017.9
2023-11-27,S04,12.3,20.8,25.5,16.7,-2.5,85.6,5.8,0.0,1013.1
2023-11-28,S04,7.2,10.6,15.7,2.0,-5.8,92.5,7.3,1.9,1011.3
2023-11-29,S04,12.0,18.7,14.5,8.9,-5.9,84.8,6.8,0.0,1016.7
2023-11-30,S04,12.0,18.7,17.1,2.0,-5.8,87.2,4.8,0.0,1016.1
2023-12-01,S04,17.2,23.6,31.2,2.0,-3.8,100.0,2.0,1.6,1009.2
2023-12-02,S04,12.8,19.6,26.1,17.6,0.4,78.7,3.5,0.0,1012.2
2023-12-03,S04,18.2,27.9,26.3,10.2,0.2,77.0,3.1,0.0,1010.7
2023-12-04,S04,16.1,27.9,28.5,16.2,-1.6,87.9,2.8,0.0,1017.4
2023-12-05,S04,18.0,31.4,20.0,12.5,-1.4,75.6,4.1,0.0,1014.1
2023-12-06,S04,23.3,37.5,16.4,21.5,2.3,77.5,2.7,0.0,1018.1
2023-12-07,S04,26.3,40.4,23.5,2.0,-0.6,76.1,2.5,0.0,1024.1
2023-12-08,S04,9.5,18.5,18.0,20.5,-1.6,93.5,9.7,0.2,1018.5
2023-12-09,S04,21.7,32.9,26.0,12.4,0.8,94.1,2.9,1.9,1016.6
2023-12-10,S04,13.2,27.7,19.3,21.4,0.8,93.4,6.1,1.1,1017.5
2023-12-11,S04,14.2,24.1,20.8,31.6,1.9,73.5,6.2,0.0,1013.1
2023-12-12,S04,18.7,31.0,19.5,17.9,1.4,79.7,3.5,0.0,1014.2
2023-12-13,S04,12.9,32.2,25.0,3.1,2.6,96.1,2.9,0.7,1013.1
2023-12-14,S04,27.6,48.7,31.9,7.7,0.1,87.7,1.4,0.3,1012.1
2023-12-15,S04,24.5,47.2,25.2,11.9,0.9,81.9,0.7,0.0,1012.4
2023-12-16,S04,16.0,24.4,23.1,6.0,-0.2,78.7,4.4,0.0,1012.8
2023-12-17,S04,13.6,19.2,29.9,2.0,-2.9,77.8,4.1,0.0,1013.5
2023-12-18,S04,16.3,27.0,19.8,8.5,-5.8,75.2,5.2,0.0,1011.0
2023-12-19,S04,26.4,46.1,19.9,3.2,-2.0,94.0,2.0,0.0,1009.2
2023-12-20,S04,6.6,15.4,14.8,27.2,-1.8,78.2,8.7,0.0,1009.5
2023-12-21,S04,15.4,21.6,20.0,7.1,-3.1,89.6,4.2,0.0,1010.0
2023-12-22,S04,14.4,26.7,28.0,2.0,-2.7,78.0,2.5,0.0,1008.9
2023-12-23,S04,9.4,18.7,26.3,5.4,1.1,76.9,0.5,0.0,1011.0
2023-12-24,S04,18.7,32.6,28.9,2.0,-5.2,91.9,2.3,0.0,1004.1
2023-12-25,S04,9.7,24.6,29.7,2.0,-7.3,100.0,4.6,12.9,1003.0
2023-12-26,S04,10.0,21.9,19.1,5.3,-7.4,85.1,6.6,0.0,1003.9
2023-12-27,S04,29.7,58.2,17.8,2.0,-1.6,86.1,3.2,0.0,1002.3
2023-12-28,S04,8.3,16.1,15.9,21.8,-0.2,77.8,8.2,0.0,1010.9
2023-12-29,S04,10.9,23.2,28.1,12.3,2.0,79.5,1.4,0.0,1011.4
2023-12-30,S04,7.5,16.5,23.8,10.6,-1.7,73.6,4.0,0.0,1012.4
2023-12-31,S04,7.6,11.8,29.5,7.9,-4.1,88.0,3.7,0.0,1010.6
2024-01-01,S04,7.9,17.7,19.6,2.0,-1.7,78.5,4.5,0.0,1011.0
2024-01-02,S04,16.9,31.2,21.9,6.0,-1.6,91.4,3.8,0.0,1006.6
2024-01-03,S04,14.6,30.0,16.9,2.0,0.9,77.8,4.6,0.0,1007.2
2024-01-04,S04,24.7,34.6,30.1,12.3,-0.4,88.1,1.4,5.8,1004.6
2024-01-05,S04,14.3,24.9,17.0,19.0,-0.1,85.6,7.1,0.0,1005.2
2024-01-06,S04,16.8,33.8,17.6,16.3,0.9,82.9,5.7,0.0,996.5
2024-01-07,S04,14.9,22.6,26.7,12.5,2.6,74.8,3.3,0.0,995.3
2024-01-08,S04,14.4,18.2,15.5,24.9,3.1,76.3,5.1,0.0,1004.7
2024-01-09,S04,8.3,18.8,19.7,20.6,-1.3,88.5,5.7,0.0,1009.7
2024-01-10,S04,7.5,15.9,25.8,2.0,-6.5,83.3,4.7,0.0,1015.6
2024-01-11,S04,4.1,7.0,9.6,29.7,-1.4,83.5,11.6,0.0,1020.6
2024-01-12,S04,12.6,21.0,14.8,20.5,1.1,81.3,5.2,0.0,1021.8
2024-01-13,S04,33.4,52.3,20.6,2.0,-1.8,83.7,1.6,0.0,1018.2
2024-01-14,S04,17.6,25.6,26.1,2.0,-6.3,95.4,3.6,2.1,1013.0
2024-01-15,S04,20.0,31.6,28.3,8.4,-3.8,95.5,5.6,0.0,1017.6
2024-01-16,S04,10.6,17.9,13.9,28.8,-0.6,79.5,7.6,0.0,1017.0
2024-01-17,S04,16.3,32.3,23.8,29.5,4.5,76.3,3.5,0.0,1026.1
2024-01-18,S04,18.8,31.2,16.5,5.3,3.8,75.7,1.5,0.0,1022.0
2024-01-19,S04,23.4,41.6,27.2,18.6,2.1,69.9,2.4,0.0,1028.1
2024-01-20,S04,45.0,73.6,24.4,10.6,-1.1,74.3,1.1,0.0,1024.5
2024-01-21,S04,25.0,44.3,19.1,13.7,-1.7,75.3,5.0,0.0,1027.5
2024-01-22,S04,33.7,58.8,27.0,2.0,-1.0,86.6,2.4,0.0,1031.4
2024-01-23,S04,23.2,32.9,20.8,2.0,-4.4,82.6,2.0,0.0,1023.6
2024-01-24,S04,16.8,32.8,37.5,14.5,2.6,87.0,4.7,0.6,1019.6
2024-01-25,S04,14.8,25.2,12.3,31.4,6.3,83.6,7.7,0.0,1014.1
2024-01-26,S04,32.7,51.7,27.9,2.2,7.3,83.1,1.8,0.0,1009.0
2024-01-27,S04,21.5,31.2,30.6,11.1,2.8,88.8,3.3,0.0,1012.5
2024-01-28,S04,25.8,40.4,25.7,7.9,4.2,74.2,2.5,0.0,1011.8
2024-01-29,S04,10.0,20.2,12.3,33.1,4.7,72.5,6.8,0.0,1012.2
2024-01-30,S04,20.1,33.6,24.2,20.3,4.3,88.0,2.7,0.0,1014.6
2024-01-31,S04,13.1,21.5,17.5,26.5,7.6,91.0,1.5,5.1,1006.9
2024-02-01,S04,13.4,19.4,20.7,18.5,5.9,72.4,3.1,0.0,1013.2
2024-02-02,S04,11.6,26.0,22.3,27.1,5.6,78.0,6.4,0.0,1011.8
2024-02-03,S04,14.9,23.4,18.4,18.4,5.4,95.9,2.2,3.5,1014.2
2024-02-04,S04,16.9,30.7,,26.5,5.6,85.9,2.3,6.2,1016.4
2024-02-05,S04,40.8,56.5,37.3,2.0,-1.4,84.1,2.8,0.0,1021.2
2024-02-06,S04,32.1,53.7,27.4,2.0,-0.6,86.3,1.7,0.0,1019.2
2024-02-07,S04,20.3,30.5,21.4,13.0,-1.8,73.6,2.9,0.0,1009.4
2024-02-08,S04,14.9,22.4,30.8,4.4,-3.5,92.5,2.1,2.2,1010.4
2024-02-09,S04,3.8,6.5,8.0,41.2,2.5,72.3,12.9,0.0,1011.7
2024-02-10,S04,28.5,48.1,16.7,29.1,5.5,72.0,0.6,0.0,1007.8
2024-02-11,S04,25.6,42.5,18.9,39.9,8.1,73.0,1.6,0.0,1009.4
2024-02-12,S04,36.0,51.7,38.1,23.1,5.2,79.9,1.9,0.0,1008.7
2024-02-13,S04,10.0,18.8,26.6,15.0,8.0,85.1,1.6,6.7,1004.2
2024-02-14,S04,10.3,28.5,27.1,29.3,6.6,75.7,3.9,0.0,1008.6
2024-02-15,S04,10.8,17.8,20.9,18.1,5.2,85.1,1.8,6.8,1007.3
2024-02-16,S04,20.7,31.2,29.1,2.5,2.0,72.5,0.9,0.0,1006.8
2024-02-17,S04,25.6,37.0,23.1,5.8,1.4,90.8,3.1,2.5,1006.2
2024-02-18,S04,28.2,42.3,22.7,13.9,2.1,88.1,2.4,0.0,1012.5
2024-02-19,S04,22.8,42.5,28.3,10.8,-0.7,79.3,2.1,0.0,1012.4
2024-02-20,S04,8.8,15.5,12.4,31.8,0.0,81.1,7.6,0.0,1012.9
2024-02-21,S04,15.7,21.3,27.5,16.6,0.6,81.2,4.2,0.0,1011.1
2024-02-22,S04,11.4,25.4,23.1,25.7,5.5,64.5,3.7,0.0,1013.3
2024-02-23,S04,9.2,15.6,19.4,22.4,6.2,89.8,4.0,3.3,1018.7
2024-02-24,S04,12.4,20.5,21.2,23.1,5.1,100.0,3.9,1.1,1020.1
2024-02-25,S04,19.9,29.0,20.9,10.1,6.4,75.9,3.0,0.0,1021.5
2024-02-26,S04,18.6,31.4,18.3,20.2,4.0,77.6,1.9,0.0,1022.2
2024-02-27,S04,17.0,33.3,18.3,20.2,2.9,81.5,3.5,0.0,1014.8
2024-02-28,S04,13.3,23.8,24.3,25.1,1.1,91.2,2.6,0.0,1011.0
2024-02-29,S04,32.4,44.1,29.1,3.0,0.5,87.2,0.5,0.0,1010.5
2024-03-01,S04,34.5,48.8,32.5,14.2,0.8,66.5,1.4,0.0,1008.1
2024-03-02,S04,21.7,,30.4,2.0,-0.8,89.1,2.1,0.0,1004.8
2024-03-03,S04,16.6,34.4,16.2,31.4,0.7,96.4,6.0,0.0,999.0
2024-03-04,S04,16.4,27.1,19.2,27.2,2.8,80.9,3.1,0.0,996.4
2024-03-05,S04,28.1,37.3,34.4,7.3,-2.4,75.6,1.5,0.0,998.7
2024-03-06,S04,26.7,42.9,29.9,5.0,0.4,84.0,1.4,0.0,1001.3
2024-03-07,S04,6.5,17.0,15.7,19.6,2.5,70.7,5.8,0.0,1000.5
2024-03-08,S04,19.7,29.1,18.5,17.8,5.8,82.8,2.6,0.0,1003.3
2024-03-09,S04,26.3,50.5,24.7,11.9,8.5,60.8,0.2,0.0,1003.5
2024-03-10,S04,8.5,24.1,24.1,27.0,7.7,84.8,2.7,5.4,1009.8
2024-03-11,S04,13.0,,26.7,17.2,3.7,72.8,5.0,0.0,1009.8
2024-03-12,S04,20.3,27.6,27.6,10.3,1.6,73.4,1.2,0.0,1013.2
2024-03-13,S04,13.1,26.4,19.3,17.4,2.9,87.1,3.3,0.0,1014.0
2024-03-14,S04,8.6,17.2,33.7,8.1,5.0,78.5,3.4,0.0,1008.2
2024-03-15,S04,6.8,13.6,23.5,30.0,8.0,81.8,1.4,1.3,1008.8
2024-03-16,S04,2.0,12.0,13.0,38.3,10.0,73.5,6.2,9.0,1004.7
2024-03-17,S04,,9.6,18.9,35.2,8.9,72.6,3.4,6.1,1005.9
2024-03-18,S04,10.7,19.2,22.8,7.2,4.8,70.3,2.1,0.0,1004.3
2024-03-19,S04,10.4,25.0,30.5,9.2,4.6,91.9,2.7,0.5,1007.6
2024-03-20,S04,17.2,29.7,19.6,13.3,5.3,77.6,1.1,0.0,1003.3
2024-03-21,S04,16.3,32.1,30.5,16.2,5.5,72.8,1.1,0.0,1005.3
2024-03-22,S04,18.5,51.7,25.2,13.8,4.1,83.3,2.1,0.0,1009.1
2024-03-23,S04,21.3,37.9,21.9,28.9,5.3,83.6,2.2,12.9,1013.5
2024-03-24,S04,26.8,47.2,22.5,26.0,5.0,74.7,2.4,0.0,1010.4
2024-03-25,S04,6.6,10.0,14.9,20.0,3.6,87.3,6.9,18.9,1011.0
2024-03-26,S04,14.3,23.3,18.2,49.0,5.5,80.5,5.3,0.0,1012.1
2024-03-27,S04,25.6,42.6,26.4,13.5,5.7,100.0,0.5,1.7,1018.5
2024-03-28,S04,6.7,17.3,15.9,41.0,7.0,78.4,6.1,3.4,1011.5
2024-03-29,S04,8.6,22.0,19.9,20.8,7.4,83.7,2.4,1.4,1008.1
2024-03-30,S04,8.8,17.1,29.6,25.9,5.3,84.1,4.7,0.0,1020.3
2024-03-31,S04,8.1,14.4,30.0,21.3,4.0,79.8,2.4,3.7,1017.8
2024-04-01,S04,10.5,17.8,22.0,16.4,9.2,74.6,3.6,0.0,1009.2
2024-04-02,S04,26.8,39.9,24.7,30.1,5.8,80.9,1.1,0.0,1007.7
2024-04-03,S04,27.4,39.1,26.7,5.9,1.6,78.5,3.6,0.0,997.7
2024-04-04,S04,14.9,24.8,20.3,10.8,-0.5,93.9,5.6,6.6,1001.7
2024-04-05,S04,36.4,63.4,30.2,2.6,2.4,99.0,0.8,0.2,1007.2
2024-04-06,S04,16.8,30.6,16.5,19.4,4.5,88.0,5.2,0.0,1004.7
2024-04-07,S04,28.6,42.1,26.5,12.8,5.6,87.7,1.9,0.9,1004.5
2024-04-08,S04,10.3,19.7,16.2,32.1,9.7,70.0,8.9,0.0,1009.9
2024-04-09,S04,,34.8,19.5,26.9,3.7,71.8,4.9,0.0,1003.5
2024-04-10,S04,19.1,33.4,18.5,24.5,5.3,79.6,4.5,0.0,1000.1
2024-04-11,S04,10.3,16.4,21.3,29.5,10.9,75.8,2.8,4.0,1001.8
2024-04-12,S04,4.0,11.4,8.9,54.8,8.3,73.7,11.9,0.0,1001.0
2024-04-13,S04,20.3,40.2,20.3,39.5,8.6,85.5,2.4,0.4,1002.2
2024-04-14,S04,16.5,28.1,22.6,6.2,6.6,69.7,1.3,0.0,999.3
2024-04-15,S04,17.3,29.8,29.6,29.1,5.6,88.3,1.8,7.4,1002.9
2024-04-16,S04,14.2,22.6,20.8,27.2,5.9,90.0,6.2,0.0,1004.3
2024-04-17,S04,17.9,30.5,32.2,18.0,11.2,72.5,3.0,0.0,1008.3
2024-04-18,S04,9.4,16.7,20.5,45.7,16.4,78.1,3.1,6.5,1010.0
2024-04-19,S04,15.7,20.8,21.1,36.0,14.6,87.2,2.2,15.4,1011.4
2024-04-20,S04,14.0,22.1,22.4,51.6,17.8,71.0,3.1,0.0,1006.0
2024-04-21,S04,11.1,21.0,17.1,41.4,15.8,87.7,2.2,9.5,1009.3
2024-04-22,S04,9.4,27.4,18.4,54.7,19.4,80.5,4.6,2.2,1008.8
2024-04-23,S04,13.3,18.2,24.3,36.5,16.2,67.5,2.6,0.0,1008.9
2024-04-24,S04,17.5,27.3,25.8,30.8,16.6,59.0,1.9,0.0,1013.9
2024-04-25,S04,7.9,14.2,18.8,53.0,15.2,70.4,6.4,0.9,1010.9
2024-04-26,S04,18.2,26.8,19.6,48.3,23.0,51.1,1.4,0.0,1016.7
2024-04-27,S04,12.0,20.4,16.8,58.3,22.2,76.8,3.2,34.6,1021.7
2024-04-28,S04,11.9,15.9,23.2,51.5,17.9,59.6,0.5,0.0,1023.0
2024-04-29,S04,13.6,26.0,18.5,42.3,18.8,83.1,1.0,14.3,1017.1
2024-04-30,S04,12.3,24.8,23.0,45.1,16.2,66.8,2.1,0.0,1007.5
2024-05-01,S04,10.8,15.0,24.2,35.1,14.4,70.6,2.0,0.0,1012.9
2024-05-02,S04,7.7,31.9,23.7,37.0,16.8,75.2,1.9,12.2,1013.4
2024-05-03,S04,3.4,6.1,16.6,34.3,16.6,85.2,4.6,5.2,1010.3
2024-05-04,S04,5.1,8.6,18.1,45.4,15.4,60.1,5.5,0.0,1015.6
2024-05-05,S04,11.1,33.4,20.0,38.7,14.6,61.0,3.7,0.0,1011.6
2024-05-06,S04,16.1,23.9,19.9,29.6,15.3,75.1,1.3,0.0,1010.2
2024-05-07,S04,13.8,27.1,10.7,26.6,15.8,68.9,2.8,0.0,1012.8
2024-05-08,S04,10.3,20.7,10.8,31.4,10.7,67.3,8.8,0.0,1008.4
2024-05-09,S04,6.6,14.3,8.3,70.8,13.4,74.3,11.7,0.0,1008.9
2024-05-10,S04,9.7,17.4,16.9,37.7,11.7,72.8,4.9,0.0,1014.1
2024-05-11,S04,25.3,39.9,23.9,13.1,9.7,74.4,1.3,0.0,1014.7
2024-05-12,S04,16.3,31.9,19.2,26.5,11.3,68.0,2.5,0.0,1019.4
2024-05-13,S04,16.9,27.2,16.4,35.6,12.3,98.6,3.3,3.1,1022.6
2024-05-14,S04,17.5,40.6,16.4,37.1,11.5,70.3,3.0,0.0,1020.7
2024-05-15,S04,5.3,8.6,16.2,45.6,16.1,88.9,5.4,4.6,1009.8
2024-05-16,S04,7.5,,20.1,54.5,12.3,79.2,5.1,2.5,1006.0
2024-05-17,S04,14.6,25.3,17.9,48.4,12.4,75.6,1.5,0.0,1010.5
2024-05-18,S04,8.6,28.3,21.7,34.4,12.1,79.6,2.1,0.0,1004.8
2024-05-19,S04,3.8,12.1,18.3,37.8,13.1,91.1,5.3,0.4,1005.1
2024-05-20,S04,6.2,11.4,12.0,54.8,16.0,75.1,7.2,1.1,1008.1
2024-05-21,S04,8.6,19.3,21.5,25.4,12.9,79.3,3.5,0.0,1014.9
2024-05-22,S04,3.9,5.5,15.4,59.2,16.1,80.8,7.2,0.0,1012.2
2024-05-23,S04,5.9,10.6,19.2,43.7,15.6,73.6,3.7,2.4,1009.8
2024-05-24,S04,6.5,12.3,20.6,20.5,11.6,84.9,1.8,1.3,1010.2
2024-05-25,S04,7.6,15.9,25.2,22.3,8.4,70.3,4.0,0.0,1012.2
2024-05-26,S04,1.0,12.4,5.8,64.7,11.5,67.3,15.0,0.0,1011.7
2024-05-27,S04,9.1,15.3,23.0,16.0,12.2,92.5,1.1,0.8,1016.2
2024-05-28,S04,4.3,8.4,14.0,40.2,13.9,63.9,7.2,0.0,1012.4
2024-05-29,S04,8.4,15.3,15.5,39.3,14.7,60.9,4.5,0.0,1013.0
2024-05-30,S04,9.8,19.2,19.9,47.3,15.9,76.4,2.1,0.0,1014.8
2024-05-31,S04,14.6,28.0,22.4,55.3,18.7,67.8,0.6,0.0,1012.8
2024-06-01,S04,17.7,27.0,23.7,38.6,16.1,81.5,0.4,0.0,1016.2
2024-06-02,S04,10.6,21.1,21.8,10.1,14.0,65.7,2.2,0.0,1016.2
2024-06-03,S04,8.0,13.3,11.8,30.0,12.4,67.5,4.2,0.0,1018.7
2024-06-04,S04,6.0,9.3,14.6,73.1,14.6,63.3,5.5,0.0,1018.3
2024-06-05,S04,4.8,20.3,9.3,58.9,19.2,63.7,6.5,0.0,1018.8
2024-06-06,S04,13.1,31.2,16.6,26.3,17.9,52.5,3.5,0.0,1015.1
2024-06-07,S04,17.2,26.1,21.9,50.7,11.5,77.0,2.9,0.0,1012.1
2024-06-08,S04,8.1,11.9,20.0,18.1,9.9,75.8,2.7,0.0,1017.2
2024-06-09,S04,10.1,16.6,21.8,37.8,11.4,69.5,3.7,0.0,1018.9
2024-06-10,S04,12.7,20.5,24.4,20.1,11.6,65.9,1.8,0.0,1013.6
2024-06-11,S04,11.4,21.7,15.6,48.9,12.2,76.2,1.1,7.8,1014.2
2024-06-12,S04,8.2,11.7,23.9,28.7,15.7,81.9,3.1,2.7,1004.5
2024-06-13,S04,12.1,18.6,16.7,41.4,16.2,60.2,4.7,0.0,1003.9
2024-06-14,S04,19.9,32.8,20.6,53.9,20.1,67.9,1.0,0.0,1009.6
2024-06-15,S04,16.7,36.8,18.8,39.1,17.7,79.0,2.1,0.0,1009.7
2024-06-16,S04,16.9,32.8,12.1,47.4,15.8,76.8,3.3,0.0,1010.9
2024-06-17,S04,8.0,14.6,19.4,52.7,18.0,66.8,3.2,1.3,999.2
2024-06-18,S04,11.7,28.2,19.2,44.6,15.6,65.1,4.2,0.0,1000.4
2024-06-19,S04,4.9,20.6,9.5,50.8,18.3,71.3,8.5,0.0,1004.3
2024-06-20,S04,12.5,28.7,20.5,33.9,18.0,72.8,0.4,0.9,1007.9
2024-06-21,S04,3.1,5.3,11.0,54.7,17.3,57.6,8.7,0.0,1012.8
2024-06-22,S04,3.9,9.8,14.3,72.0,23.0,73.7,8.2,2.1,1012.0
2024-06-23,S04,20.0,29.8,17.9,62.2,20.1,66.4,5.7,0.0,1011.5
2024-06-24,S04,10.8,16.8,21.2,62.4,25.3,84.8,3.5,6.4,1006.5
2024-06-25,S04,18.7,41.7,31.9,56.4,23.3,61.4,1.8,0.0,1007.0
2024-06-26,S04,9.5,26.4,18.5,40.4,19.5,70.0,5.1,0.0,1003.1
2024-06-27,S04,6.8,12.8,21.6,52.2,19.4,69.2,4.0,6.6,997.7
2024-06-28,S04,13.0,22.6,20.1,42.8,17.4,72.9,2.5,3.4,996.4
2024-06-29,S04,15.1,21.1,14.0,52.2,16.3,78.7,5.3,18.0,1005.8
2024-06-30,S04,11.2,26.4,19.0,55.1,17.4,72.1,5.2,0.0,1006.1
2024-07-01,S04,13.9,27.9,10.3,53.5,20.8,59.2,7.1,0.0,1008.4
2024-07-02,S04,20.1,31.2,23.4,42.7,18.8,62.3,1.7,0.0,1007.3
2024-07-03,S04,7.8,13.9,12.4,70.7,21.3,55.5,6.0,0.0,1001.2
2024-07-04,S04,12.6,23.2,21.6,58.4,24.1,59.7,2.3,0.0,1007.3
2024-07-05,S04,12.7,26.5,18.6,64.5,27.0,66.4,3.7,0.0,999.8
2024-07-06,S04,10.0,18.6,17.0,56.0,26.4,55.6,4.4,0.0,1000.2
2024-07-07,S04,11.8,25.5,14.5,77.2,28.4,56.6,5.6,0.0,1002.5
2024-07-08,S04,12.4,26.0,18.1,44.6,21.4,57.2,4.5,0.0,1005.6
2024-07-09,S04,19.2,30.8,22.8,45.7,19.6,54.5,2.5,0.0,1004.1
2024-07-10,S04,29.4,42.6,18.5,34.2,16.7,75.4,0.4,0.0,998.6
2024-07-11,S04,20.5,,16.2,55.1,19.3,77.4,4.5,1.4,998.2
2024-07-12,S04,9.9,18.0,16.9,43.3,18.6,66.8,3.3,8.1,998.2
2024-07-13,S04,21.8,33.2,23.7,39.2,18.5,64.8,1.1,0.0,998.1
2024-07-14,S04,9.3,18.4,16.9,52.1,24.3,51.6,3.3,0.0,1004.9
2024-07-15,S04,9.9,18.1,23.9,51.1,22.0,56.2,3.2,0.0,1001.7
2024-07-16,S04,6.6,15.0,14.1,64.0,22.8,71.4,5.8,0.0,1005.2
2024-07-17,S04,3.9,14.1,11.3,65.7,21.3,61.1,10.1,0.0,1007.4
2024-07-18,S04,8.8,14.4,12.0,58.2,21.9,74.3,5.7,0.0,1012.3
2024-07-19,S04,9.7,16.4,17.8,53.3,20.9,76.3,3.1,15.2,1011.9
2024-07-20,S04,18.9,38.1,16.2,65.7,23.3,62.3,3.3,0.0,1015.3
2024-07-21,S04,19.3,29.0,23.9,60.2,24.4,72.6,1.5,0.0,1014.2
2024-07-22,S04,14.4,26.2,16.2,54.3,27.9,42.2,2.2,0.0,1015.7
2024-07-23,S04,8.4,13.4,13.5,69.0,26.0,60.5,2.9,0.0,1009.1
2024-07-24,S04,10.6,16.3,17.0,74.1,26.6,60.9,2.8,0.0,999.3
2024-07-25,S04,17.1,28.1,25.9,53.8,22.1,71.2,1.0,0.0,1003.6
2024-07-26,S04,8.8,18.0,10.6,42.3,20.7,67.3,7.1,0.0,1007.2
2024-07-27,S04,6.5,16.2,13.6,67.3,23.2,52.9,6.8,0.0,1010.3
2024-07-28,S04,7.2,22.5,11.2,80.8,25.1,71.0,7.0,0.0,1008.7
2024-07-29,S04,8.8,14.2,8.8,64.8,23.9,60.2,7.2,0.0,1015.5
2024-07-30,S04,1.6,3.5,6.8,108.8,24.4,69.6,15.0,1.1,1013.2
2024-07-31,S04,8.3,13.7,24.3,38.0,24.7,76.7,1.8,11.7,1014.8
2024-08-01,S04,1.8,7.3,7.7,83.6,25.9,56.4,12.0,0.0,1016.8
2024-08-02,S04,12.1,23.0,20.4,64.3,25.2,79.6,2.3,0.5,1022.9
2024-08-03,S04,6.5,11.1,15.1,60.4,22.3,63.8,4.8,0.0,1019.7
2024-08-04,S04,15.7,26.6,19.0,52.5,22.9,64.5,0.9,0.0,1015.7
2024-08-05,S04,15.8,29.2,27.9,24.4,13.6,71.1,2.0,0.0,1009.2
2024-08-06,S04,14.1,20.9,14.5,44.2,16.5,86.0,5.5,0.3,1016.2
2024-08-07,S04,17.1,25.2,18.5,35.5,8.3,78.7,5.2,0.0,1017.2
2024-08-08,S04,14.3,20.9,21.0,6.1,7.6,92.3,2.3,3.1,1018.2
2024-08-09,S04,13.8,26.1,21.9,39.6,11.6,71.7,3.1,0.0,1029.6
2024-08-10,S04,16.1,23.6,26.5,35.2,15.2,69.5,1.9,0.0,1027.6
2024-08-11,S04,5.6,14.3,15.9,47.9,14.3,92.6,5.2,7.5,1019.5
2024-08-12,S04,7.5,14.4,15.1,52.1,14.1,80.1,6.2,2.1,1017.4
2024-08-13,S04,12.5,21.8,26.2,69.7,17.5,78.0,1.5,6.0,1012.6
2024-08-14,S04,13.2,21.5,21.6,55.1,17.3,75.2,3.1,0.0,1011.1
2024-08-15,S04,19.4,38.1,28.3,42.5,24.3,71.4,1.1,0.0,1009.9
2024-08-16,S04,6.9,16.8,,,22.4,73.1,4.4,10.9,1008.2
2024-08-17,S04,6.8,11.3,17.6,35.9,22.4,71.2,4.4,0.0,1003.5
2024-08-18,S04,14.9,29.0,19.0,58.0,25.5,73.7,3.4,0.0,1011.8
2024-08-19,S04,9.0,13.6,20.1,59.2,23.0,78.4,4.1,9.7,1013.2
2024-08-20,S04,35.2,,17.4,46.7,19.6,63.3,3.0,0.0,1012.3
2024-08-21,S04,17.9,28.2,20.8,50.0,19.1,64.4,3.1,0.0,1015.5
2024-08-22,S04,16.2,32.2,30.0,42.9,18.6,69.6,3.0,0.0,1016.9
2024-08-23,S04,8.4,18.9,22.0,47.3,14.8,69.4,2.2,0.0,1017.2
2024-08-24,S04,18.8,28.9,15.9,35.8,15.2,63.6,2.3,0.0,1019.1
2024-08-25,S04,10.8,19.3,15.8,39.8,13.6,67.8,4.5,0.0,1018.4
2024-08-26,S04,8.9,15.6,15.3,67.3,17.9,77.9,6.3,1.0,1020.0
2024-08-27,S04,35.7,67.3,19.7,47.7,16.9,75.4,1.2,0.6,1021.6
2024-08-28,S04,19.8,27.6,15.0,43.1,16.5,71.3,3.4,0.0,1020.5
2024-08-29,S04,19.5,33.0,17.1,44.6,17.1,85.4,1.2,6.2,1018.2
2024-08-30,S04,25.2,39.6,19.6,58.3,17.6,74.5,2.2,0.0,1023.2
2024-08-31,S04,16.7,38.9,29.2,31.1,18.6,65.3,1.9,0.0,1019.3
2024-09-01,S04,10.4,18.8,15.6,33.5,14.9,74.6,3.9,0.0,1019.6
2024-09-02,S04,17.7,28.9,21.6,32.8,13.5,68.3,3.7,0.0,1019.9
2024-09-03,S04,18.7,27.8,18.5,44.7,16.9,57.2,2.7,0.0,1016.1
2024-09-04,S04,19.3,35.8,16.0,,16.2,71.6,3.9,0.0,1012.3
2024-09-05,S04,30.6,51.1,25.4,23.8,12.3,83.8,1.6,0.7,1011.0
2024-09-06,S04,20.7,32.9,,31.4,13.9,84.1,3.1,0.0,1009.4
2024-09-07,S04,13.6,29.2,21.4,34.1,15.6,76.6,5.1,0.0,1004.3
2024-09-08,S04,15.4,42.8,25.3,22.3,12.1,77.7,1.7,0.0,1003.4
2024-09-09,S04,15.8,22.3,30.0,25.2,14.0,70.1,0.7,0.0,1006.4
2024-09-10,S04,14.0,21.3,14.7,29.0,15.7,81.7,5.0,0.7,1012.8
2024-09-11,S04,17.9,33.5,25.1,33.2,16.6,61.6,1.2,0.0,1015.1
2024-09-12,S04,13.8,24.7,,34.8,18.4,55.5,2.1,0.0,1004.2
2024-09-13,S04,3.9,7.6,15.9,41.1,14.2,77.5,4.7,5.0,1008.6
2024-09-14,S04,9.7,18.2,18.5,50.5,15.0,66.4,1.5,0.0,1007.2
2024-09-15,S04,5.9,10.5,12.6,31.3,13.9,54.3,5.4,0.0,1010.2
2024-09-16,S04,10.4,19.7,20.9,40.0,12.7,79.3,1.6,2.4,1010.7
2024-09-17,S04,16.0,25.8,22.3,51.7,15.9,62.9,1.8,0.0,1010.4
2024-09-18,S04,16.5,25.1,21.7,51.0,18.8,76.7,1.3,0.9,1010.5
2024-09-19,S04,21.4,35.7,19.1,55.3,22.4,56.3,1.9,0.0,1010.9
2024-09-20,S04,8.9,18.6,18.5,70.2,23.4,74.9,4.6,11.5,1016.7
2024-09-21,S04,20.8,37.4,19.0,53.0,20.1,73.8,2.0,0.0,1015.9
2024-09-22,S04,8.2,13.5,13.1,62.3,18.6,83.9,5.5,2.3,1019.6
2024-09-23,S04,13.1,21.8,23.1,47.3,19.0,61.0,2.9,0.0,1022.1
2024-09-24,S04,10.1,16.0,19.7,36.3,16.9,77.1,3.7,3.6,1022.9
2024-09-25,S04,11.7,18.9,17.0,,16.6,68.4,1.6,0.0,1013.8
2024-09-26,S04,7.4,10.0,11.3,72.6,17.6,62.1,5.5,0.0,1018.1
2024-09-27,S04,9.1,12.9,12.5,43.1,15.3,74.6,4.9,1.6,1015.3
2024-09-28,S04,12.5,20.7,17.2,41.1,14.3,74.9,4.0,0.0,1017.7
2024-09-29,S04,9.5,21.8,25.9,32.8,12.2,67.3,2.8,0.0,1012.8
2024-09-30,S04,10.5,15.5,31.6,17.4,13.2,67.4,1.1,0.0,1008.1
2024-10-01,S04,13.4,25.5,21.7,31.2,14.2,66.0,3.3,0.0,1017.0
2024-10-02,S04,6.8,13.0,26.0,39.1,13.4,79.6,4.0,1.3,1012.4
2024-10-03,S04,6.6,12.3,16.9,42.8,15.1,58.9,4.5,0.0,1017.1
2024-10-04,S04,11.3,18.7,,36.6,12.9,71.9,3.9,0.0,1016.7
2024-10-05,S04,4.0,8.4,16.8,39.1,14.0,84.1,3.3,1.5,1014.3
2024-10-06,S04,7.3,15.2,15.5,36.0,14.1,67.9,2.0,0.0,1013.9
2024-10-07,S04,15.8,26.0,21.7,22.3,10.9,87.9,1.8,0.0,1008.5
2024-10-08,S04,13.7,18.9,22.5,37.4,14.4,74.4,1.1,0.0,1009.3
2024-10-09,S04,7.3,14.0,24.0,41.3,11.7,78.5,6.4,0.0,1005.7
2024-10-10,S04,4.6,12.9,11.1,30.9,6.2,91.4,10.0,0.0,1005.6
2024-10-11,S04,3.2,8.4,6.1,49.7,5.7,90.2,14.1,0.1,1010.8
2024-10-12,S04,16.0,38.5,27.5,10.5,3.7,79.5,3.2,0.0,1012.2
2024-10-13,S04,18.0,25.6,18.0,29.2,6.4,93.1,3.6,0.0,1006.5
2024-10-14,S04,27.8,48.4,23.6,20.0,6.2,69.8,2.7,0.0,1011.2
2024-10-15,S04,16.4,26.2,24.2,25.9,6.3,74.0,3.9,0.0,1011.5
2024-10-16,S04,14.6,24.2,20.2,25.5,8.6,71.7,1.7,0.0,1009.6
2024-10-17,S04,10.4,15.2,28.6,27.3,10.4,86.1,2.8,1.2,1013.3
2024-10-18,S04,18.9,35.9,29.7,26.3,9.5,81.2,1.8,2.0,1012.6
2024-10-19,S04,17.4,31.6,23.0,37.1,11.3,67.3,2.5,0.0,1008.0
2024-10-20,S04,18.1,40.3,32.5,28.6,12.0,69.7,1.7,0.0,1016.4
2024-10-21,S04,11.6,18.4,19.3,23.1,5.5,76.4,3.8,0.0,1015.6
2024-10-22,S04,7.8,27.3,22.2,20.1,5.2,66.4,4.8,0.0,1014.8
2024-10-23,S04,11.9,24.2,23.0,2.0,1.0,74.5,4.1,0.0,1012.8
2024-10-24,S04,17.4,37.0,23.3,12.2,2.8,79.1,1.8,0.3,1017.6
2024-10-25,S04,15.2,24.0,24.2,3.3,4.2,65.0,1.3,0.0,1014.6
2024-10-26,S04,8.1,16.3,27.8,22.1,8.0,89.5,4.5,1.4,1008.1
2024-10-27,S04,25.0,48.3,24.6,25.0,11.6,71.7,3.1,0.0,1006.3
2024-10-28,S04,15.3,24.6,31.8,15.0,9.5,87.5,0.6,6.2,1013.0
2024-10-29,S04,16.4,23.6,17.6,22.9,8.3,90.5,3.8,1.7,1016.3
2024-10-30,S04,24.4,34.7,22.1,32.6,8.8,78.6,4.0,0.0,1014.6
2024-10-31,S04,49.4,85.7,25.3,20.2,6.8,75.7,0.9,0.0,1019.8
2024-11-01,S04,13.2,29.0,27.3,23.4,6.0,87.8,4.4,2.0,1021.4
2024-11-02,S04,19.4,30.9,33.8,28.0,8.3,92.6,0.9,5.8,1018.7
2024-11-03,S04,24.1,34.4,30.8,42.2,7.0,80.5,1.5,0.0,1016.9
2024-11-04,S04,34.9,57.5,31.2,22.7,8.0,75.9,1.0,0.0,1017.4
2024-11-05,S04,20.5,40.2,23.5,33.1,10.0,93.1,1.6,1.5,1013.2
2024-11-06,S04,27.1,42.7,29.6,16.7,5.5,57.9,1.2,0.0,1013.2
2024-11-07,S04,11.7,26.7,22.2,36.6,8.5,83.7,5.7,1.3,1014.4
2024-11-08,S04,22.3,47.1,24.4,12.2,8.9,71.5,2.5,0.0,1007.4
2024-11-09,S04,26.5,45.5,20.8,2.0,7.9,79.7,1.7,0.0,1007.7
2024-11-10,S04,10.6,22.6,20.9,9.0,4.9,95.6,6.4,2.2,1007.6
2024-11-11,S04,11.3,21.7,15.1,18.4,3.3,79.5,6.0,24.9,1012.8
2024-11-12,S04,17.0,23.8,24.6,23.5,2.6,98.3,2.5,2.3,1005.4
2024-11-13,S04,24.9,39.7,19.4,21.5,4.1,83.5,3.8,0.1,1005.4
2024-11-14,S04,20.9,30.8,15.2,10.5,2.2,74.8,2.2,0.0,1005.0
2024-11-15,S04,22.3,34.6,24.5,20.0,3.8,78.4,2.8,0.0,1010.4
2024-11-16,S04,31.8,48.9,44.7,3.1,0.1,74.5,1.4,0.0,1010.8
2024-11-17,S04,27.6,38.7,22.8,3.1,1.4,68.0,4.2,0.0,1018.4
2024-11-18,S04,19.7,28.9,30.0,22.2,2.1,83.5,6.6,0.0,1020.0
2024-11-19,S04,14.9,24.1,16.0,37.8,7.5,79.8,5.8,0.0,1016.9
2024-11-20,S04,22.4,33.4,23.5,33.3,3.6,81.5,3.3,0.0,1017.1
2024-11-21,S04,27.3,40.0,27.5,15.3,6.5,84.0,0.6,9.4,1014.9
2024-11-22,S04,27.0,42.8,25.2,31.4,5.9,72.4,1.9,0.0,1017.9
2024-11-23,S04,8.8,15.9,23.6,18.4,6.4,75.3,3.1,0.0,1011.6
2024-11-24,S04,9.7,18.6,37.3,31.1,5.7,96.4,0.9,3.4,1008.6
2024-11-25,S04,21.2,40.4,23.5,10.8,5.6,58.7,0.9,0.0,1011.3
2024-11-26,S04,7.7,11.6,13.5,36.7,4.9,68.3,8.3,0.0,1016.5
2024-11-27,S04,13.2,26.9,20.3,30.8,7.6,70.8,4.9,0.0,1007.0
2024-11-28,S04,16.2,25.7,25.9,32.1,4.8,87.8,4.3,4.1,1013.7
2024-11-29,S04,16.8,29.6,11.2,41.4,7.1,73.1,5.4,0.0,1013.0
2024-11-30,S04,17.4,23.5,20.7,6.6,4.6,80.5,1.2,0.0,1005.5
2024-12-01,S04,23.9,42.7,27.9,6.3,2.2,76.6,1.5,0.0,995.0
2024-12-02,S04,17.7,28.8,27.6,28.3,0.9,77.1,3.9,0.0,992.5
2024-12-03,S04,17.4,28.9,20.3,14.7,1.6,95.1,3.7,5.0,996.5
2024-12-04,S04,37.0,70.3,31.7,19.3,5.1,71.8,1.0,0.0,999.5
2024-12-05,S04,18.7,34.9,34.7,4.9,3.9,73.5,2.9,0.0,1004.8
2024-12-06,S04,22.2,34.4,23.9,11.3,2.4,73.1,2.9,0.0,1004.2
2024-12-07,S04,16.7,25.3,18.0,8.2,-0.8,77.2,5.8,0.0,1001.5
2024-12-08,S04,23.0,35.3,25.3,17.0,0.0,68.3,3.7,0.0,1002.2
2024-12-09,S04,14.3,30.5,18.0,16.4,-3.8,84.9,7.0,0.0,1004.5
2024-12-10,S04,18.8,30.4,30.2,4.2,-5.6,93.2,2.3,1.1,1007.1
2024-12-11,S04,33.1,52.7,29.2,2.0,-2.0,87.5,1.2,0.0,1005.1
2024-12-12,S04,12.0,23.8,14.3,28.9,2.2,94.4,7.6,0.6,1010.3
2024-12-13,S04,25.2,44.4,16.4,28.0,7.9,82.5,3.8,0.0,1008.4
2024-12-14,S04,27.2,38.0,24.8,2.0,5.0,70.7,3.3,0.0,1005.8
2024-12-15,S04,36.1,75.3,20.2,25.6,7.5,72.0,1.7,0.0,1005.1
2024-12-16,S04,,37.7,21.1,27.8,5.1,68.7,2.1,0.0,1011.0
2024-12-17,S04,19.9,34.5,19.4,29.0,4.1,69.9,2.3,0.0,1010.8
2024-12-18,S04,15.6,28.5,25.9,11.5,3.7,98.4,1.2,2.2,1008.5
2024-12-19,S04,28.0,38.4,30.2,15.3,3.4,96.2,0.5,11.4,1013.1
2024-12-20,S04,17.7,28.5,20.6,16.4,2.1,86.3,2.3,9.9,1021.6
2024-12-21,S04,15.1,25.3,19.0,10.1,1.4,78.3,4.8,0.0,1020.8
2024-12-22,S04,17.1,37.5,16.8,6.4,-2.9,83.1,7.6,0.0,1024.1
2024-12-23,S04,12.9,21.1,15.9,2.3,-6.1,100.0,5.1,2.9,1026.1
2024-12-24,S04,17.1,26.3,16.0,9.6,-2.7,71.5,6.2,0.0,1021.0
2024-12-25,S04,23.3,31.1,42.7,2.0,-1.9,82.8,1.4,5.5,1019.5
2024-12-26,S04,21.7,41.5,21.4,2.0,-3.4,83.7,3.5,0.0,1013.1
2024-12-27,S04,11.2,17.6,26.0,8.7,-1.6,85.7,4.1,2.5,1012.3
2024-12-28,S04,13.7,24.9,18.1,6.6,0.6,77.3,5.0,0.0,1009.9
2024-12-29,S04,17.1,31.9,25.5,20.5,0.1,78.3,3.0,0.0,1008.9
2024-12-30,S04,16.4,40.0,20.3,2.0,-1.1,84.6,3.5,0.0,1006.7
2024-12-31,S04,7.3,14.5,12.1,21.2,2.3,90.2,5.9,1.8,1006.8
