customer_id,age,annual_income,employment_years,home_ownership,region,credit_score,existing_debt,num_credit_lines
1,45,61488.3,8.5,MORTGAGE,North,602,3381.37,6
2,29,84762.56,5.5,RENT,North,649,39170.78,8
3,50,62109.9,4.6,RENT,West,702,37882.64,7
4,52,165945.69,0.9,RENT,South,699,79788.98,1
5,18,110734.83,0.0,MORTGAGE,West,739,71822.38,8
6,25,46454.85,1.2,MORTGAGE,South,561,15938.81,6
7,43,46211.61,1.2,RENT,North,649,7835.06,10
8,37,68517.77,2.1,MORTGAGE,South,727,32698.58,6
9,41,35631.68,14.6,RENT,North,701,1557.84,6
10,31,97065.78,13.0,MORTGAGE,East,653,16534.04,10
11,52,64912.81,3.4,MORTGAGE,West,606,6242.02,5
12,50,61588.44,1.6,OWN,West,690,8598.61,7
13,42,76380.05,4.4,OWN,West,592,29850.1,4
14,55,128208.73,10.4,RENT,West,794,24416.87,5
15,47,59010.91,12.6,RENT,West,684,13976.86,5
16,31,51199.23,7.4,OWN,East,619,12473.73,7
17,45,115192.49,8.4,RENT,East,626,10995.32,1
18,29,87884.19,7.8,RENT,South,645,30897.08,5
19,52,46143.44,1.3,RENT,North,554,9926.56,9
20,40,54317.04,1.8,MORTGAGE,East,705,24878.66,8
21,39,59736.02,19.2,MORTGAGE,East,618,17477.62,3
22,33,64919.7,7.3,OWN,North,705,15817.96,5
23,56,27493.37,0.7,RENT,West,680,6677.32,8
24,39,25053.22,8.7,RENT,North,707,12458.79,8
25,36,34762.86,2.8,RENT,East,670,16279.25,8
26,37,33444.1,13.3,MORTGAGE,West,729,15578.65,2
27,47,39264.97,12.3,RENT,South,754,4407.09,6
28,45,74410.72,10.0,OWN,West,701,39976.03,7
29,46,49788.31,7.3,MORTGAGE,West,689,2405.18,8
30,46,59766.3,15.6,MORTGAGE,East,635,13482.6,6
31,67,29373.5,16.6,OWN,West,576,5387.64,7
32,36,43009.61,2.9,MORTGAGE,East,751,5470.04,7
33,35,72666.0,9.9,MORTGAGE,South,724,25547.76,7
34,31,72946.11,3.9,RENT,East,730,11581.66,7
35,48,37711.23,2.5,OWN,South,614,11744.62,5
36,55,58737.36,16.6,OWN,South,787,14951.26,5
37,40,162661.06,11.0,MORTGAGE,North,698,34649.16,6
38,31,53701.76,7.7,RENT,South,614,15159.56,10
39,31,38307.71,3.1,OWN,West,616,13152.55,6
40,49,49668.13,17.0,OWN,West,777,23988.26,7
41,50,56731.71,2.8,MORTGAGE,West,594,3294.15,8
42,48,50232.41,2.2,OWN,North,614,2386.01,6
43,33,53333.65,6.3,MORTGAGE,East,850,7039.32,6
44,44,26325.06,10.4,RENT,East,707,5958.76,5
45,42,33479.37,4.8,MORTGAGE,North,599,5966.49,6
46,44,50278.48,7.2,RENT,East,591,11396.2,5
47,51,49879.53,3.9,MORTGAGE,South,550,28613.12,7
48,44,40819.1,4.3,MORTGAGE,West,665,990.59,3
49,49,49587.46,20.7,RENT,South,717,6414.74,9
50,42,55854.61,5.9,RENT,West,778,14428.8,7
51,44,84516.89,16.2,MORTGAGE,West,555,3762.66,4
52,49,51554.47,1.1,MORTGAGE,East,575,28948.94,8
53,24,66141.5,6.0,OWN,North,670,54437.55,9
54,37,41324.05,3.3,RENT,South,850,3134.58,7
55,35,72117.2,11.2,OWN,West,743,9371.09,2
56,33,65373.04,3.2,RENT,North,704,18300.1,5
57,38,83525.6,4.5,RENT,North,602,33473.01,5
58,59,77399.08,2.4,MORTGAGE,West,536,16736.94,7
59,31,72719.72,11.4,RENT,West,684,38945.15,6
60,53,51574.95,12.7,MORTGAGE,East,661,28496.27,7
61,21,61234.72,3.0,RENT,North,656,21420.22,7
62,37,92203.6,1.5,RENT,South,665,31438.53,4
63,43,39103.32,16.1,MORTGAGE,West,605,5132.66,8
64,48,39568.8,3.7,RENT,South,589,6879.31,9
65,50,59320.82,5.6,RENT,North,771,12665.08,5
66,51,66678.63,2.8,RENT,North,616,9834.95,8
67,37,35880.41,10.6,RENT,East,634,14196.14,4
68,35,52188.57,10.8,MORTGAGE,South,666,9587.55,1
69,51,51689.02,17.9,RENT,West,718,4490.05,9
70,39,17896.49,13.8,MORTGAGE,South,566,2746.14,7
71,26,48542.89,8.0,MORTGAGE,North,734,14264.83,7
72,27,50078.2,6.1,MORTGAGE,West,626,31347.34,2
73,30,50003.76,5.5,MORTGAGE,West,655,25596.26,5
74,47,109969.37,10.5,MORTGAGE,East,813,53071.81,7
75,43,29498.68,5.8,OWN,West,578,5399.46,4
76,49,35871.15,14.1,RENT,North,704,7215.13,6
77,36,15000.0,2.7,OWN,South,689,1956.08,7
78,43,42597.11,1.1,RENT,North,682,16188.73,7
79,49,44452.58,9.6,MORTGAGE,South,654,3799.02,6
80,37,41982.64,4.1,MORTGAGE,West,809,9418.74,6
81,46,94262.5,2.3,RENT,West,691,9426.08,3
82,33,83308.74,15.0,RENT,North,701,27203.86,6
83,37,56326.95,6.5,RENT,South,648,26522.9,3
84,36,45012.41,1.8,RENT,West,673,8222.12,7
85,27,90499.07,3.7,MORTGAGE,East,758,5025.5,4
86,47,53643.79,5.1,RENT,South,650,25048.03,4
87,35,35985.27,9.5,OWN,South,506,7831.88,6
88,41,22968.42,3.7,OWN,South,672,5758.41,6
89,47,43448.98,5.7,RENT,South,586,9520.95,9
90,46,79009.38,7.9,RENT,South,737,30088.31,3
91,49,169104.03,9.1,RENT,South,715,26332.68,13
92,40,55871.25,6.0,OWN,South,737,5004.37,7
93,36,36950.05,18.0,RENT,South,588,17105.1,5
94,40,29956.97,10.7,RENT,North,609,2393.56,6
95,21,71394.6,3.0,OWN,North,657,11628.11,3
96,24,22419.63,6.0,MORTGAGE,South,531,5873.7,3
97,25,71337.15,7.0,RENT,West,759,17372.85,8
98,29,81540.56,7.5,OWN,West,573,45950.39,4
99,46,67382.44,2.6,OWN,North,756,20682.48,12
100,30,48541.25,8.8,MORTGAGE,South,695,26472.15,3
101,36,71859.66,9.6,RENT,East,667,34591.52,8
102,57,59010.41,15.7,MORTGAGE,South,698,23378.62,5
103,37,36714.9,2.4,RENT,East,677,11911.28,4
104,50,136653.82,3.0,MORTGAGE,West,679,14022.36,6
105,30,45440.56,6.7,RENT,North,684,1369.83,6
106,39,79847.68,10.2,MORTGAGE,South,737,32394.38,6
107,30,16166.44,2.0,MORTGAGE,South,555,1738.25,5
108,37,102563.3,2.4,OWN,East,720,42630.82,7
109,51,112914.01,12.0,OWN,North,516,41364.01,8
110,20,54990.56,2.0,RENT,East,536,4988.73,5
111,46,71638.33,3.0,RENT,North,721,35105.3,13
112,44,71629.16,12.5,MORTGAGE,East,652,10967.39,4
113,34,39285.4,10.1,RENT,East,597,1303.48,5
114,24,71222.29,3.8,RENT,South,677,16560.98,5
115,42,36159.13,9.3,MORTGAGE,West,626,5482.92,7
116,35,39959.49,8.0,RENT,West,589,15747.88,5
117,44,95174.9,5.9,RENT,South,578,27232.64,7
118,41,88197.05,4.7,MORTGAGE,West,552,1772.75,8
119,60,38055.93,9.0,OWN,West,708,4875.76,4
120,38,37541.86,2.2,MORTGAGE,North,626,24140.16,5
121,29,39230.18,8.9,RENT,East,725,6638.11,11
122,43,78144.88,7.5,MORTGAGE,East,654,19466.92,7
123,44,32859.88,7.9,OWN,East,675,1936.58,5
124,57,64754.36,2.9,RENT,West,668,2664.67,2
125,51,78701.97,16.0,MORTGAGE,South,688,22791.79,5
126,45,51837.92,3.8,MORTGAGE,North,675,7696.23,6
127,59,89772.31,4.3,MORTGAGE,South,659,16657.07,4
128,27,46529.64,5.7,RENT,West,578,11357.48,3
129,33,48682.37,10.1,OWN,South,719,6852.19,7
130,30,33235.6,7.7,RENT,North,762,9297.56,4
131,36,90092.18,1.4,RENT,South,806,54862.51,5
132,24,36928.53,6.0,RENT,East,616,11281.69,5
133,49,64530.03,6.9,MORTGAGE,North,626,9896.55,7
134,38,52278.58,16.2,RENT,South,630,2500.73,8
135,23,32003.75,5.0,MORTGAGE,North,637,14015.16,9
136,29,39952.58,9.5,OWN,South,654,896.17,6
137,45,108167.49,27.0,RENT,North,628,8389.17,5
138,51,59923.78,14.4,OWN,North,570,21778.65,8
139,65,32709.63,2.7,OWN,East,653,15092.38,8
140,75,63111.87,11.1,RENT,North,429,14439.8,5
141,46,50359.52,9.0,MORTGAGE,North,660,19328.56,8
142,29,250000.0,4.9,OWN,East,665,32835.2,7
143,18,62477.51,0.0,MORTGAGE,North,730,3540.99,7
144,44,44787.64,2.7,MORTGAGE,North,736,11844.28,6
145,31,110195.79,3.8,OWN,South,773,59426.14,5
146,36,21579.13,5.7,MORTGAGE,South,609,5678.83,7
147,34,56792.53,4.7,RENT,South,592,21869.45,5
148,39,146856.95,10.3,RENT,West,653,101544.16,9
149,54,51118.43,6.3,MORTGAGE,South,688,6248.77,5
150,43,22773.42,4.3,RENT,East,520,2344.3,11
151,39,44446.48,14.2,RENT,West,760,11524.22,4
152,29,112112.6,10.0,RENT,South,676,24856.26,8
153,21,65384.13,1.7,OWN,West,713,18171.7,9
154,35,35616.77,1.7,MORTGAGE,South,529,4740.86,5
155,40,38460.18,4.4,RENT,East,591,928.38,5
156,62,40951.75,2.0,RENT,West,525,6319.21,8
157,43,64899.74,12.7,RENT,North,749,11661.73,8
158,53,105778.02,4.0,RENT,West,686,54328.36,10
159,35,91693.93,9.5,MORTGAGE,South,731,20243.45,9
160,27,68050.55,9.0,RENT,East,684,44793.87,2
161,29,27838.57,0.9,OWN,South,676,13454.91,8
162,32,27890.29,4.2,RENT,South,620,9067.67,7
163,67,70730.07,5.5,RENT,North,666,25721.57,4
164,31,27646.78,8.0,OWN,West,637,17449.83,9
165,51,48398.13,12.2,RENT,East,694,5559.04,13
166,30,63074.71,12.0,RENT,West,706,22705.15,1
167,52,30674.99,19.2,RENT,South,844,13766.06,6
168,46,32463.41,6.2,MORTGAGE,South,767,9387.01,5
169,39,51685.86,6.2,RENT,South,544,10819.77,5
170,41,69690.91,17.8,OWN,North,670,29762.4,9
171,33,92111.9,6.5,MORTGAGE,South,663,31953.17,1
172,46,73388.81,4.1,OWN,West,772,30597.27,7
173,36,56208.78,12.8,MORTGAGE,West,649,17602.31,4
174,26,37305.75,8.0,MORTGAGE,South,688,11416.86,4
175,26,31715.05,1.7,MORTGAGE,South,485,9483.9,7
176,43,41963.75,5.1,MORTGAGE,East,554,12080.85,8
177,60,66500.7,2.0,MORTGAGE,East,825,22203.09,9
178,43,64107.19,0.4,MORTGAGE,East,680,13118.02,10
179,40,18959.28,20.9,RENT,South,558,1562.43,3
180,44,36576.51,7.2,MORTGAGE,North,671,15089.64,10
181,57,98938.51,5.2,RENT,North,620,50703.53,10
182,44,56365.22,4.3,MORTGAGE,West,652,17413.35,3
183,36,26675.36,6.6,RENT,East,540,4241.64,7
184,54,175942.16,4.3,RENT,West,662,63953.41,4
185,46,53398.03,2.8,RENT,South,640,30155.12,4
186,59,65654.86,4.5,RENT,South,756,1638.82,5
187,43,66155.44,16.7,RENT,South,710,10306.28,9
188,26,45080.37,8.0,RENT,West,707,5724.65,4
189,25,37654.7,4.5,MORTGAGE,South,654,3095.11,6
190,61,156504.1,22.3,RENT,East,770,62393.37,4
191,62,89465.02,6.2,OWN,North,629,47389.72,4
192,39,81713.02,3.4,OWN,North,635,16513.8,8
193,36,72268.57,8.5,RENT,North,710,5439.84,6
194,59,32805.17,18.5,RENT,South,630,8729.7,11
195,28,102617.64,10.0,RENT,West,695,40167.09,11
196,30,35540.7,3.5,RENT,West,642,7230.83,5
197,49,62420.15,2.3,MORTGAGE,East,763,22367.23,3
198,36,23868.27,4.9,MORTGAGE,South,729,5899.65,8
199,41,19527.34,9.6,MORTGAGE,West,585,7879.13,5
200,39,63522.26,11.5,RENT,North,553,29009.5,6
201,45,36150.66,14.6,MORTGAGE,West,604,16948.19,6
202,58,20038.61,7.5,RENT,West,567,8208.49,8
203,42,70990.74,7.6,OWN,South,739,43923.3,11
204,49,156379.4,7.3,OWN,North,777,40121.21,6
205,18,108529.81,0.0,RENT,North,626,27698.84,9
206,40,47635.86,11.6,MORTGAGE,South,612,10407.21,4
207,31,54416.5,3.4,OWN,West,567,12964.31,6
208,26,84444.78,8.0,MORTGAGE,East,697,48226.18,4
209,30,94946.04,12.0,RENT,South,689,28049.47,1
210,37,45625.96,13.5,MORTGAGE,South,718,19711.98,6
211,52,55110.13,8.3,RENT,West,705,9282.43,4
212,25,62963.31,7.0,RENT,South,719,27614.24,8
213,41,71463.22,6.4,MORTGAGE,North,573,25715.14,6
214,35,50688.88,6.9,RENT,East,623,6902.34,3
215,37,51019.2,19.0,RENT,South,734,25280.27,6
216,53,108003.2,7.1,OWN,South,660,11788.92,6
217,47,99186.81,3.7,RENT,South,580,10838.85,6
218,57,68782.55,8.4,MORTGAGE,North,736,30918.84,4
219,39,127970.43,11.3,MORTGAGE,West,664,24913.98,7
220,33,44657.48,13.1,RENT,West,737,14397.02,5
221,38,121964.67,2.8,MORTGAGE,West,701,12877.7,7
222,44,71058.43,17.4,MORTGAGE,West,661,8373.63,4
223,43,250000.0,11.0,MORTGAGE,South,827,52661.13,11
224,28,29844.6,10.0,MORTGAGE,South,555,3740.0,5
225,42,38381.37,1.9,OWN,East,757,5562.87,10
226,44,66796.03,13.8,OWN,North,634,20150.58,12
227,71,66079.71,2.6,RENT,West,689,34940.97,5
228,64,143640.58,5.3,RENT,North,721,30585.14,5
229,31,38785.92,11.3,MORTGAGE,South,627,7610.25,6
230,38,85174.66,2.4,OWN,East,635,33759.53,6
231,23,96880.3,4.3,OWN,West,667,26716.21,4
232,34,77058.79,1.9,RENT,East,613,18864.86,6
233,45,33506.74,11.1,OWN,East,788,4631.0,4
234,55,109521.86,3.4,RENT,South,664,21362.39,5
235,32,100173.85,6.7,RENT,East,776,39392.57,6
236,33,73115.25,9.0,MORTGAGE,East,754,18164.08,8
237,18,60004.44,0.0,RENT,South,699,6248.59,8
238,39,60660.86,7.8,MORTGAGE,West,665,27025.89,5
239,28,52084.99,7.8,RENT,North,682,15007.93,11
240,35,74637.07,2.0,MORTGAGE,South,723,10474.57,6
241,30,55026.35,5.6,OWN,West,678,10610.68,2
242,40,35445.0,7.7,RENT,South,543,14699.59,4
243,20,32070.89,2.0,MORTGAGE,East,522,4228.97,4
244,23,37196.94,5.0,MORTGAGE,South,761,9295.5,2
245,67,60540.4,3.8,RENT,West,490,22879.27,7
246,26,53451.08,8.0,MORTGAGE,North,683,14680.98,11
247,28,60335.26,9.3,MORTGAGE,South,658,16150.72,7
248,63,69592.12,4.8,RENT,West,691,8800.64,9
249,75,39590.3,13.2,OWN,East,578,12950.29,7
250,27,112738.93,9.0,RENT,South,724,33838.02,5
251,37,47388.96,6.8,RENT,South,679,2332.81,7
252,45,43620.67,3.5,RENT,South,850,14648.01,5
253,62,68953.88,2.4,MORTGAGE,West,689,35656.75,12
254,29,21628.02,5.3,OWN,East,728,11486.03,4
255,38,36487.78,6.5,RENT,West,549,9843.22,4
256,50,88480.41,2.3,RENT,West,761,17119.28,9
257,46,22726.55,5.1,RENT,South,651,9923.25,5
258,36,94730.1,12.7,MORTGAGE,East,711,21572.44,7
259,39,115331.78,0.8,RENT,East,720,20297.81,7
260,25,45038.47,7.0,RENT,West,782,27763.32,4
261,38,62686.81,4.3,RENT,East,694,3943.02,4
262,38,94801.79,6.6,MORTGAGE,North,637,46963.5,8
263,44,42899.07,18.3,MORTGAGE,West,618,8715.45,6
264,34,83607.44,6.4,MORTGAGE,East,745,30285.91,3
265,47,38732.16,5.7,RENT,West,688,10142.87,4
266,53,42667.76,10.6,MORTGAGE,South,553,17225.66,3
267,43,36327.55,8.3,MORTGAGE,South,690,8982.23,13
268,45,64300.56,7.2,MORTGAGE,East,601,13956.88,5
269,42,96662.86,8.5,RENT,West,724,30661.58,4
270,41,49411.75,15.1,RENT,North,610,18260.99,4
271,32,28692.05,12.1,MORTGAGE,South,625,5453.23,16
272,45,31528.48,5.4,RENT,West,610,5883.43,7
273,40,65992.72,17.7,MORTGAGE,West,784,29685.76,5
274,66,136224.32,4.5,RENT,North,735,26122.62,9
275,60,65963.87,7.2,RENT,South,766,15696.8,10
276,46,44647.42,7.8,MORTGAGE,South,850,18082.1,3
277,32,79466.59,5.2,RENT,North,689,30747.19,4
278,28,48062.17,10.0,RENT,North,770,23963.4,7
279,55,44840.07,5.0,OWN,South,613,7679.53,8
280,44,33549.27,6.0,RENT,East,739,9257.04,6
281,47,109559.65,13.4,OWN,South,642,34102.23,5
282,20,15220.46,2.0,RENT,South,618,6667.06,6
283,52,80735.17,2.2,OWN,West,724,7226.19,3
284,46,42964.42,7.3,OWN,South,709,3682.98,10
285,28,44127.11,2.8,RENT,West,573,3597.39,8
286,35,126267.45,2.5,MORTGAGE,South,643,49197.69,7
287,44,37908.64,0.8,MORTGAGE,West,699,14960.5,6
288,42,38559.79,0.9,MORTGAGE,West,631,10533.83,5
289,37,50756.9,1.0,RENT,South,570,3767.92,5
290,40,66630.9,19.2,OWN,East,673,41650.34,4
291,38,43437.23,1.0,MORTGAGE,East,653,12638.67,4
292,43,24663.27,2.8,OWN,South,651,6506.29,8
293,59,35141.95,6.1,OWN,West,690,13775.85,9
294,18,102812.98,0.0,OWN,South,728,24651.65,7
295,38,56240.27,11.0,MORTGAGE,South,618,10063.33,5
296,43,67883.19,3.5,MORTGAGE,West,650,8924.3,4
297,45,47538.22,7.1,OWN,North,730,18832.83,6
298,37,38958.46,6.0,MORTGAGE,North,619,9945.88,6
299,20,125339.92,2.0,RENT,North,676,44392.63,6
300,45,49311.08,7.5,MORTGAGE,West,561,19330.78,6
301,62,43404.35,9.0,RENT,North,659,17010.09,10
302,23,93720.4,4.2,OWN,North,716,47691.18,3
303,51,37752.98,5.0,MORTGAGE,East,517,11607.62,3
304,37,40240.79,19.0,MORTGAGE,West,583,13634.65,7
305,40,54454.64,4.4,RENT,South,571,29423.36,6
306,28,54183.68,7.2,MORTGAGE,West,725,8770.58,2
307,37,61685.59,6.0,RENT,North,541,6596.87,6
308,57,154173.6,7.0,MORTGAGE,East,706,66595.43,7
309,48,64095.16,13.6,MORTGAGE,East,727,25474.83,3
310,62,16497.65,5.7,MORTGAGE,South,636,970.81,5
311,55,63777.1,2.4,RENT,West,646,14252.42,5
312,46,55212.24,4.1,MORTGAGE,East,695,14593.14,4
313,62,55366.22,5.8,MORTGAGE,North,743,24279.82,7
314,46,61265.59,7.6,OWN,North,667,20599.83,7
315,51,53405.06,3.5,OWN,North,513,7259.59,4
316,37,52769.78,3.8,MORTGAGE,West,749,26176.38,6
317,42,73608.97,7.8,RENT,South,710,33148.8,7
318,33,41314.12,8.0,RENT,West,657,4741.43,9
319,53,33730.47,12.3,OWN,North,512,21876.21,5
320,27,245705.94,4.1,OWN,West,710,84540.75,7
321,50,37875.94,9.6,RENT,West,594,16156.21,4
322,39,56958.12,6.0,MORTGAGE,North,587,17939.21,5
323,55,25646.69,4.6,RENT,North,631,8239.88,3
324,50,57424.95,6.2,RENT,West,635,21252.36,6
325,63,33975.24,6.8,OWN,North,618,13329.02,7
326,50,43423.82,2.2,OWN,South,713,20685.85,12
327,22,91357.2,2.4,OWN,West,709,32062.08,6
328,40,68597.05,10.5,RENT,West,645,19915.37,7
329,27,71984.4,4.9,MORTGAGE,West,638,13688.42,1
330,35,22345.89,7.7,OWN,West,603,2027.09,4
331,59,135733.35,10.3,MORTGAGE,East,689,56842.34,6
332,49,29853.56,6.2,RENT,West,687,12077.54,5
333,33,116340.95,9.7,MORTGAGE,South,628,56366.54,6
334,29,90289.09,6.9,RENT,West,793,52150.95,2
335,41,72306.29,7.1,MORTGAGE,East,722,15476.8,3
336,26,35330.7,8.0,OWN,East,461,2283.51,6
337,33,58442.28,5.7,RENT,West,679,11420.59,10
338,45,42810.53,10.6,RENT,South,733,7171.34,6
339,55,54968.73,1.8,MORTGAGE,East,698,29769.18,6
340,48,47813.53,7.5,MORTGAGE,South,636,11984.29,5
341,18,19549.3,0.0,RENT,South,625,15448.36,5
342,45,94929.72,26.7,RENT,South,705,28817.93,6
343,42,52023.27,1.9,MORTGAGE,West,722,19680.78,3
344,46,42514.47,4.9,RENT,South,561,18560.53,9
345,60,40938.92,2.9,MORTGAGE,East,616,1906.18,8
346,18,64810.95,0.0,MORTGAGE,East,792,992.13,3
347,34,34652.38,11.8,RENT,West,654,5164.92,7
348,48,17543.03,14.7,MORTGAGE,West,732,6326.92,9
349,22,66407.47,4.0,MORTGAGE,North,850,15421.8,7
350,59,70231.45,1.8,MORTGAGE,South,646,13627.78,7
351,45,49029.83,6.7,MORTGAGE,East,582,23354.35,5
352,51,30517.29,4.0,RENT,North,628,5441.68,4
353,34,56639.83,5.6,RENT,South,749,3534.91,4
354,51,26048.98,4.5,MORTGAGE,South,727,5878.16,7
355,54,32415.26,1.9,MORTGAGE,North,808,4310.4,6
356,44,37221.84,14.8,RENT,West,652,11711.01,3
357,44,82616.9,3.5,RENT,West,721,11426.27,6
358,44,45192.87,4.1,MORTGAGE,East,613,22593.02,12
359,31,43306.88,13.0,RENT,North,486,19553.17,4
360,39,143967.99,1.5,OWN,West,706,18412.38,4
361,39,64616.9,8.9,MORTGAGE,East,596,5736.43,8
362,46,64183.23,12.9,RENT,West,722,21741.1,2
363,53,45032.95,16.0,MORTGAGE,North,531,4490.79,4
364,28,40207.71,8.5,RENT,North,606,11772.26,4
365,39,18156.73,10.7,OWN,East,645,1353.57,4
366,59,87936.5,12.9,OWN,West,715,29851.69,7
367,32,67788.98,5.9,OWN,North,676,34942.78,4
368,31,49534.12,3.1,MORTGAGE,South,797,13546.37,2
369,43,50583.8,17.7,OWN,East,777,5742.01,3
370,51,78281.93,10.0,MORTGAGE,West,637,6531.51,8
371,41,24900.54,6.7,OWN,West,752,8303.63,5
372,57,40338.41,2.0,RENT,West,782,2184.4,5
373,51,30694.8,0.6,OWN,East,639,5872.28,5
374,51,131367.58,8.8,MORTGAGE,West,709,9505.46,7
375,48,83937.5,0.5,RENT,South,684,4137.29,4
376,69,18009.48,6.7,OWN,North,581,176.19,6
377,39,25415.62,3.7,MORTGAGE,East,602,8890.6,4
378,18,50707.4,0.0,OWN,East,760,5515.08,9
379,60,42778.03,15.1,RENT,South,691,10395.85,7
380,36,27939.84,3.7,MORTGAGE,South,605,9736.71,7
381,42,143254.94,6.9,MORTGAGE,West,644,42154.43,5
382,57,63339.85,3.7,RENT,West,623,22997.16,3
383,22,68693.38,4.0,MORTGAGE,South,668,13922.23,4
384,26,38330.17,7.4,MORTGAGE,West,720,11480.56,10
385,22,77740.92,4.0,RENT,South,624,46691.22,5
386,31,44791.95,13.0,MORTGAGE,North,726,22573.14,5
387,46,47020.0,1.5,RENT,North,678,15343.67,1
388,47,73533.84,1.1,OWN,South,692,8010.57,6
389,44,23992.61,2.3,OWN,North,709,8415.63,12
390,24,120392.67,6.0,MORTGAGE,East,761,26658.82,8
391,18,59349.24,0.0,MORTGAGE,West,575,10217.16,4
392,42,102792.96,0.2,RENT,South,620,17493.74,7
393,35,31643.57,9.1,RENT,West,632,10951.42,4
394,47,34146.57,5.0,OWN,West,676,7864.43,9
395,49,30304.45,18.0,RENT,South,742,11122.12,2
396,43,61399.0,8.6,RENT,North,680,11787.79,4
397,50,55993.54,16.6,RENT,North,791,24332.53,4
398,44,42950.09,14.6,MORTGAGE,East,611,4590.51,5
399,47,32629.28,5.0,OWN,South,612,12322.66,8
400,33,28758.88,11.8,RENT,East,623,11019.33,6
401,39,52878.81,5.0,RENT,East,612,27998.95,6
402,43,42924.87,19.5,RENT,East,742,7088.23,6
403,51,38453.17,5.4,RENT,North,462,16718.6,2
404,36,117423.78,9.5,RENT,South,666,54204.35,6
405,47,51991.59,21.9,MORTGAGE,South,749,10048.11,4
406,38,102234.19,9.8,MORTGAGE,West,674,18818.01,3
407,40,41496.9,4.6,RENT,East,734,15397.38,6
408,51,61229.73,2.1,MORTGAGE,East,829,12669.89,7
409,18,52694.27,0.0,MORTGAGE,East,675,32947.96,8
410,25,23183.33,7.0,RENT,South,718,3584.03,4
411,23,110654.63,5.0,RENT,North,850,45246.44,4
412,18,50636.26,0.0,MORTGAGE,North,695,5177.24,5
413,33,78685.1,11.0,RENT,North,682,26835.56,6
414,50,37197.08,10.9,OWN,North,718,11272.26,7
415,38,49890.1,6.1,OWN,South,750,18853.27,6
416,43,35121.68,17.1,OWN,West,650,8915.31,5
417,54,100508.67,1.3,RENT,North,661,50199.04,6
418,57,63304.06,4.8,RENT,North,796,33728.08,3
419,40,65090.04,9.8,OWN,North,658,6134.08,4
420,57,106840.47,2.6,MORTGAGE,South,781,47068.54,4
421,42,96584.22,11.7,RENT,North,712,5492.3,4
422,31,79433.17,13.0,MORTGAGE,North,813,8107.95,11
423,34,26612.5,0.3,RENT,South,582,3886.68,4
424,23,38260.01,5.0,MORTGAGE,West,597,7185.76,1
425,30,32795.81,9.4,OWN,South,710,10241.78,2
426,37,77945.63,4.3,MORTGAGE,North,605,13637.51,9
427,51,59001.96,1.7,MORTGAGE,South,682,12589.71,6
428,62,27031.11,12.8,OWN,North,751,12751.51,4
429,24,49297.46,2.2,MORTGAGE,East,541,17620.78,7
430,46,25666.55,9.3,RENT,South,668,7971.31,5
431,29,52755.42,2.3,MORTGAGE,West,754,16594.88,1
432,47,23678.29,6.5,RENT,West,635,2442.62,4
433,39,70573.76,12.4,RENT,East,616,17752.79,9
434,19,65446.04,1.0,MORTGAGE,North,659,2469.55,2
435,52,140642.18,17.4,RENT,South,649,3416.33,6
436,34,82779.58,9.9,RENT,South,692,25408.52,7
437,35,43850.56,2.6,MORTGAGE,West,642,10904.6,3
438,28,81555.17,1.8,RENT,North,650,808.68,7
439,33,26934.63,3.3,MORTGAGE,East,675,3985.25,6
440,46,33482.01,6.3,RENT,South,761,12600.69,11
441,39,63995.71,18.5,MORTGAGE,South,700,32981.82,9
442,45,18414.16,20.9,OWN,South,721,6824.91,6
443,45,53179.04,4.2,RENT,South,780,18541.67,5
444,57,32528.38,4.1,MORTGAGE,East,609,8549.08,7
445,37,56991.28,11.1,RENT,East,691,18227.79,5
446,23,31606.93,5.0,RENT,North,619,1629.38,7
447,54,66978.31,15.6,RENT,North,575,23745.55,4
448,37,54702.45,15.9,RENT,West,695,10750.35,9
449,54,109117.76,3.1,RENT,South,624,46547.48,7
450,46,54359.1,1.5,MORTGAGE,East,704,27995.18,3
451,39,36889.37,10.0,MORTGAGE,South,546,11839.81,6
452,45,47884.98,7.7,OWN,East,677,26485.54,5
453,64,27663.85,0.8,OWN,East,533,9577.06,8
454,66,66374.53,1.4,RENT,North,725,4647.4,5
455,42,72760.25,9.7,RENT,South,654,27698.98,6
456,43,186203.98,5.9,RENT,South,685,42920.55,2
457,54,39699.03,9.8,MORTGAGE,North,736,19187.51,1
458,31,47386.98,2.5,OWN,East,642,2620.11,9
459,45,40624.26,10.4,RENT,North,666,1741.69,8
460,41,60237.89,8.4,RENT,North,660,8317.67,4
461,45,65568.15,10.9,RENT,West,713,4847.57,7
462,31,52749.66,4.5,OWN,West,742,23546.57,2
463,22,93261.53,3.7,MORTGAGE,North,750,40187.87,4
464,18,39795.54,0.0,MORTGAGE,East,625,6147.87,9
465,28,88706.37,5.1,MORTGAGE,North,774,38635.14,11
466,35,70915.83,13.7,RENT,East,617,5045.71,8
467,37,53851.47,16.4,RENT,South,618,28814.37,8
468,64,46283.08,2.3,MORTGAGE,West,655,18117.31,5
469,54,182286.31,6.3,MORTGAGE,South,792,90826.36,10
470,29,36007.97,11.0,RENT,South,572,8804.64,7
471,45,62878.94,20.4,RENT,West,738,2787.44,7
472,36,37230.76,4.9,RENT,North,651,9821.74,6
473,38,132297.75,14.6,RENT,North,675,23025.15,5
474,43,84407.64,12.9,RENT,South,765,22076.54,5
475,48,38592.96,12.2,RENT,East,600,14688.87,4
476,37,70003.29,1.2,MORTGAGE,North,840,37271.52,4
477,54,61626.54,4.0,OWN,East,663,8731.65,3
478,27,41843.33,5.8,MORTGAGE,South,670,19313.7,4
479,41,79148.58,5.6,MORTGAGE,East,793,7717.4,8
480,72,65818.27,6.2,OWN,West,690,16063.37,7
481,44,60345.96,21.9,OWN,South,758,20758.06,4
482,58,53052.65,5.1,RENT,East,532,1217.53,5
483,42,67206.63,8.7,RENT,South,648,43778.49,6
484,48,60760.42,8.5,RENT,North,702,28038.03,14
485,40,55800.98,6.3,OWN,West,747,13413.43,9
486,39,39320.14,2.4,RENT,West,711,12756.84,5
487,32,126359.1,7.0,RENT,West,751,49347.11,7
488,46,32041.59,0.7,MORTGAGE,West,723,5018.88,5
489,31,67091.87,9.3,MORTGAGE,South,712,3609.16,5
490,49,46160.5,0.6,MORTGAGE,East,514,20132.74,7
491,54,130584.22,8.7,MORTGAGE,North,806,50764.24,5
492,45,34484.28,3.8,MORTGAGE,West,593,5372.47,5
493,38,37510.21,2.7,OWN,East,677,7293.63,5
494,46,33359.27,11.2,RENT,South,663,8925.9,10
495,37,63686.8,4.6,OWN,West,680,23935.37,9
496,52,27268.15,6.7,MORTGAGE,East,565,8373.8,9
497,19,42648.0,1.0,RENT,West,525,879.7,7
498,37,18468.41,17.2,OWN,West,557,2257.06,12
499,18,61096.55,0.0,OWN,West,733,18227.82,3
500,23,42188.06,5.0,OWN,South,559,11688.77,3
501,57,25744.38,9.5,OWN,South,579,4621.0,6
502,52,93228.12,0.3,RENT,West,721,18041.01,5
503,32,28174.33,14.0,RENT,North,572,630.51,6
504,23,80698.22,4.9,RENT,North,648,58894.14,6
505,18,38157.58,0.0,OWN,West,662,14455.31,8
506,34,120666.48,4.8,OWN,West,722,38723.29,7
507,70,78808.43,3.9,OWN,West,612,31469.15,7
508,46,32727.67,9.0,OWN,North,660,11383.05,12
509,34,34250.58,16.0,MORTGAGE,South,680,5970.43,2
510,47,73332.75,14.6,RENT,West,593,4409.83,5
511,22,47515.48,4.0,RENT,North,680,5108.63,6
512,37,49778.02,8.9,MORTGAGE,South,616,1861.0,1
513,42,102346.5,6.9,MORTGAGE,South,704,42932.61,6
514,40,37259.25,17.1,RENT,West,706,20990.09,10
515,50,56706.66,11.4,OWN,South,659,22287.3,4
516,45,87318.17,1.7,MORTGAGE,South,753,11370.34,12
517,49,81190.92,2.7,RENT,South,742,33212.25,8
518,33,50020.77,10.0,OWN,North,730,15547.07,5
519,52,46889.41,2.3,MORTGAGE,East,692,22109.99,6
520,61,22710.72,7.2,MORTGAGE,East,712,14691.9,5
521,29,31948.4,11.0,RENT,East,676,6499.4,11
522,30,63524.42,9.1,RENT,South,560,5610.31,6
523,57,50567.22,2.0,RENT,South,612,13412.13,9
524,39,56244.5,2.9,MORTGAGE,North,657,13092.43,4
525,58,91092.14,9.3,MORTGAGE,West,685,15959.15,5
526,36,29921.68,18.0,OWN,South,671,6891.75,5
527,58,48141.98,6.1,OWN,South,609,17725.68,7
528,43,59537.13,12.4,RENT,South,814,2923.67,8
529,44,38098.11,9.1,OWN,West,649,9317.59,3
530,60,110828.42,3.8,RENT,West,698,41268.12,6
531,37,85331.03,12.5,RENT,North,641,46145.02,6
532,30,62634.2,1.2,MORTGAGE,East,606,16149.09,12
533,36,132868.59,11.9,OWN,South,697,29844.36,3
534,46,25605.24,9.5,OWN,West,642,4505.66,4
535,22,53967.48,4.0,OWN,West,664,908.3,10
536,49,65066.72,2.5,RENT,East,793,4736.35,7
537,35,34293.89,4.4,RENT,West,643,15360.68,10
538,55,62966.45,3.5,RENT,South,670,23233.93,6
539,18,31154.34,0.0,MORTGAGE,South,705,3421.01,9
540,32,76517.8,4.8,MORTGAGE,East,672,21958.48,9
541,21,91942.38,3.0,RENT,East,729,19628.8,11
542,31,62079.23,1.2,MORTGAGE,North,586,752.58,2
543,44,21452.6,2.2,MORTGAGE,South,544,4976.18,8
544,39,33409.76,13.9,MORTGAGE,North,659,13311.55,7
545,38,71851.37,4.2,RENT,North,665,24428.13,3
546,39,54753.65,5.4,RENT,West,614,31127.67,5
547,43,15000.0,4.6,MORTGAGE,North,627,3132.03,3
548,29,100852.59,11.0,MORTGAGE,West,709,31162.72,7
549,49,58007.54,3.5,RENT,South,623,14664.07,8
550,49,35970.8,3.2,RENT,East,617,7507.68,6
551,46,89096.72,9.7,OWN,West,705,9735.73,7
552,48,38608.59,7.6,MORTGAGE,West,585,9102.2,3
553,45,38398.51,9.9,RENT,West,614,13413.58,6
554,65,64807.48,9.4,MORTGAGE,South,715,34578.01,8
555,40,131994.99,12.7,MORTGAGE,South,704,38774.83,7
556,37,122002.11,1.9,RENT,East,669,74451.36,5
557,32,64851.53,9.0,RENT,West,614,16956.16,8
558,29,68267.76,3.3,OWN,West,608,24529.72,3
559,26,80478.83,0.8,MORTGAGE,East,677,15473.5,10
560,30,28897.44,9.4,RENT,North,787,4448.16,7
561,40,74762.68,9.0,MORTGAGE,South,722,42992.68,2
562,45,37532.53,6.5,MORTGAGE,West,562,9475.06,11
563,42,63528.19,12.9,MORTGAGE,East,726,7118.84,6
564,32,48352.16,3.3,RENT,West,612,30475.64,6
565,52,69605.87,10.5,RENT,East,680,17885.93,7
566,50,57471.92,5.8,RENT,West,631,12694.12,8
567,39,15000.0,6.1,OWN,West,760,868.09,10
568,33,59245.54,0.9,MORTGAGE,South,594,23591.21,4
569,48,74688.13,13.0,OWN,West,705,36300.95,5
570,43,67708.31,8.8,RENT,South,631,29581.77,7
571,24,51467.56,6.0,MORTGAGE,South,720,17272.74,8
572,40,123140.45,2.9,MORTGAGE,West,723,27818.52,6
573,44,63302.91,8.0,MORTGAGE,South,764,18553.15,4
574,30,67429.42,5.8,RENT,South,729,13906.74,5
575,43,91331.04,9.1,MORTGAGE,East,642,26360.11,9
576,24,64945.03,6.0,RENT,West,850,23469.73,10
577,57,34578.63,19.6,RENT,North,691,11230.52,5
578,56,16007.8,15.7,MORTGAGE,East,583,6161.19,2
579,38,42678.03,5.3,RENT,South,675,3944.61,8
580,45,79258.72,9.4,RENT,South,729,3862.02,3
581,18,45408.37,0.0,OWN,East,704,21510.86,5
582,27,80869.27,9.0,RENT,East,721,45611.58,8
583,37,58358.72,6.0,MORTGAGE,West,741,19624.97,5
584,28,103159.65,4.4,OWN,East,757,25792.48,9
585,50,46741.68,7.9,MORTGAGE,West,605,15636.84,3
586,65,68446.48,14.9,RENT,West,827,27197.87,5
587,27,69768.82,9.0,MORTGAGE,North,818,29702.13,2
588,31,114783.26,4.6,MORTGAGE,West,756,20473.99,5
589,44,23079.07,18.5,RENT,East,639,5021.98,5
590,60,43079.21,3.0,MORTGAGE,North,665,11264.36,11
591,26,82806.19,3.9,OWN,East,664,46952.07,4
592,44,117353.76,12.3,RENT,West,687,57773.75,4
593,63,61085.86,0.8,RENT,North,522,18034.96,5
594,21,46800.44,3.0,MORTGAGE,South,771,10288.01,1
595,26,79107.2,5.2,MORTGAGE,South,768,8936.37,3
596,36,83646.2,18.0,MORTGAGE,South,570,38063.97,6
597,35,45259.56,2.6,RENT,West,725,2512.79,4
598,51,63905.05,2.8,RENT,North,676,40598.49,2
599,44,97759.3,21.0,MORTGAGE,West,680,34327.14,7
600,20,139417.67,2.0,OWN,West,742,64935.41,3
601,47,78535.22,14.5,RENT,South,563,38858.99,3
602,34,55385.3,4.6,OWN,South,670,31964.81,3
603,56,52731.19,3.8,RENT,North,674,11851.14,4
604,33,71589.11,15.0,RENT,North,687,18634.91,11
605,33,51131.89,15.0,MORTGAGE,South,572,24096.27,2
606,47,59564.81,15.8,RENT,North,705,21172.78,4
607,50,31922.36,4.4,MORTGAGE,West,723,10812.33,2
608,46,103624.45,6.5,RENT,East,724,9628.12,4
609,21,30635.28,3.0,MORTGAGE,North,631,9314.31,9
610,47,43649.37,3.4,RENT,South,850,2068.81,3
611,29,56885.55,3.3,OWN,West,607,3310.24,7
612,44,146604.45,4.7,OWN,South,764,64109.78,10
613,24,43855.64,6.0,RENT,East,679,12933.65,9
614,46,38831.7,6.7,RENT,North,798,13193.58,4
615,31,41134.05,11.1,OWN,West,686,14540.62,7
616,26,124175.18,7.6,RENT,South,745,69274.76,1
617,50,15000.0,10.4,OWN,South,654,3705.51,14
618,44,32814.67,11.5,MORTGAGE,East,576,5608.44,4
619,34,212276.37,4.5,OWN,South,664,97321.31,6
620,58,72797.8,5.9,RENT,East,663,6772.95,10
621,36,31163.65,18.0,RENT,North,715,11429.78,4
622,41,53052.7,4.2,RENT,North,685,10382.28,2
623,44,56034.75,10.8,RENT,North,657,8791.89,10
624,34,82707.26,2.0,RENT,East,783,26832.96,4
625,47,135910.38,11.8,OWN,West,568,31923.69,4
626,35,65793.47,3.6,RENT,North,587,7894.16,3
627,36,41361.5,6.9,RENT,West,484,5465.15,4
628,57,80301.39,1.7,RENT,West,770,21285.28,5
629,29,38210.81,6.4,RENT,North,649,25821.27,3
630,18,32316.44,0.0,MORTGAGE,North,717,6151.19,5
631,60,22472.45,5.7,RENT,South,627,6479.06,4
632,72,24771.17,9.2,MORTGAGE,North,710,7779.21,4
633,36,34605.83,14.1,OWN,West,643,5600.62,4
634,18,30064.64,0.0,RENT,South,675,13785.85,5
635,37,63361.92,5.8,MORTGAGE,South,695,16237.07,7
636,38,29741.51,1.1,RENT,East,670,8083.03,5
637,39,15000.0,7.5,RENT,South,737,6530.26,4
638,28,32146.03,2.6,OWN,West,535,8507.61,7
639,48,42790.45,6.7,OWN,East,656,26009.3,8
640,47,40025.63,7.8,RENT,South,672,13290.59,7
641,23,115816.5,1.3,MORTGAGE,South,704,45246.04,6
642,49,39863.99,8.6,RENT,South,630,26895.48,5
643,66,84158.88,13.7,MORTGAGE,West,650,53466.7,9
644,43,53664.59,10.1,MORTGAGE,South,777,1942.3,5
645,37,53042.44,2.9,RENT,West,664,16125.83,3
646,39,35678.73,6.3,OWN,West,824,11826.87,7
647,48,52607.22,6.9,MORTGAGE,South,706,701.95,6
648,20,36954.84,2.0,RENT,East,634,2901.05,10
649,43,58983.45,1.9,OWN,East,712,6080.88,9
650,36,48140.31,3.3,MORTGAGE,North,673,4350.96,14
651,63,33782.09,5.5,RENT,West,745,10448.81,7
652,39,88960.45,7.7,MORTGAGE,South,608,23760.63,4
653,61,67065.18,4.1,OWN,West,552,26556.47,5
654,28,43302.63,0.9,OWN,East,686,11893.12,3
655,48,58264.4,4.3,RENT,North,731,9942.81,6
656,45,51952.69,19.6,MORTGAGE,South,688,18975.94,7
657,31,35108.71,8.7,OWN,North,700,10741.6,9
658,43,56120.03,7.5,OWN,North,708,13221.14,8
659,56,39715.39,3.3,RENT,East,554,18607.89,10
660,37,33776.92,4.5,MORTGAGE,North,671,6858.2,5
661,21,24067.47,0.8,OWN,West,730,5566.87,5
662,41,45283.42,3.1,RENT,South,675,12214.89,4
663,30,71932.63,8.4,RENT,South,590,18022.75,8
664,37,38279.52,7.6,MORTGAGE,South,633,16279.49,6
665,40,191062.21,3.8,MORTGAGE,North,759,34041.3,3
666,21,84359.51,3.0,MORTGAGE,East,813,39844.48,8
667,22,104001.96,4.0,RENT,South,559,26195.7,7
668,47,80629.63,4.0,MORTGAGE,East,711,42321.12,6
669,35,136821.51,9.0,RENT,East,642,10888.64,6
670,18,36552.29,0.0,OWN,North,690,15719.68,6
671,50,15057.5,4.7,RENT,South,660,6379.16,6
672,44,43344.59,2.1,RENT,South,645,9352.98,11
673,32,71618.54,4.4,OWN,North,725,5978.12,7
674,25,58440.15,4.1,MORTGAGE,West,753,13791.85,7
675,51,62176.74,3.8,RENT,North,664,25122.82,10
676,45,104867.72,1.3,RENT,South,603,22893.77,9
677,70,65580.18,16.2,MORTGAGE,South,777,8116.29,6
678,46,80777.72,15.7,OWN,South,744,21952.96,4
679,46,33867.75,5.7,RENT,West,691,15407.01,9
680,39,31329.12,7.6,OWN,West,600,1824.27,9
681,51,121425.59,8.9,RENT,West,771,19983.33,7
682,49,56979.72,5.8,MORTGAGE,South,815,17632.79,11
683,56,39671.38,8.0,RENT,South,649,5231.37,7
684,35,39707.79,9.9,RENT,North,664,11200.8,6
685,36,39161.07,7.2,OWN,West,582,28563.86,7
686,35,38006.8,11.1,RENT,South,605,29815.16,7
687,50,28521.86,3.7,OWN,South,569,10765.43,7
688,59,25585.72,6.3,RENT,East,649,6893.31,8
689,35,49143.4,17.0,RENT,West,642,26398.14,1
690,36,40277.05,12.9,OWN,South,684,11062.48,4
691,45,94238.08,7.4,MORTGAGE,North,630,29300.26,14
692,38,62726.44,2.8,RENT,West,664,1404.4,10
693,52,61861.84,6.6,MORTGAGE,North,609,31800.18,5
694,18,37363.13,0.0,RENT,West,668,6107.0,9
695,31,50995.15,10.6,OWN,South,553,26952.38,4
696,32,64893.36,1.0,RENT,West,688,8817.27,2
697,18,77505.01,0.0,MORTGAGE,West,665,15935.36,6
698,29,51691.78,1.5,RENT,South,681,7903.85,6
699,30,92926.29,9.0,MORTGAGE,West,576,11262.23,5
700,39,54393.21,1.5,OWN,North,716,14175.81,4
701,54,80533.1,2.7,OWN,North,665,41290.99,7
702,38,42407.22,5.6,RENT,South,675,2245.17,4
703,29,21888.26,11.0,RENT,East,503,5250.06,7
704,40,61955.99,9.4,RENT,North,588,21985.52,6
705,54,77859.56,5.1,OWN,South,657,19434.73,4
706,29,72234.54,11.0,RENT,West,778,19011.0,8
707,30,66909.31,12.0,MORTGAGE,West,715,25226.0,4
708,48,45510.87,6.6,RENT,North,672,6695.54,5
709,38,36193.21,2.0,OWN,South,589,2632.2,10
710,49,71386.51,2.8,MORTGAGE,North,604,33868.26,6
711,41,67052.0,2.8,MORTGAGE,South,698,28011.01,2
712,49,40927.21,3.4,OWN,West,708,2231.49,9
713,29,94344.86,4.8,OWN,West,707,10702.82,4
714,41,34841.6,7.8,MORTGAGE,North,772,8873.84,3
715,38,40466.85,1.7,MORTGAGE,North,611,11420.43,6
716,26,122787.76,2.0,MORTGAGE,South,715,8523.36,6
717,22,83641.16,4.0,RENT,South,569,42059.24,5
718,49,45296.97,4.2,RENT,North,678,4538.86,12
719,37,62548.05,3.1,MORTGAGE,North,779,3976.09,5
720,29,58535.94,5.3,MORTGAGE,South,600,9601.72,4
721,40,15000.0,15.4,RENT,North,678,3317.77,5
722,55,34432.74,10.8,RENT,West,753,14350.06,4
723,18,52816.38,0.0,MORTGAGE,West,621,22468.94,7
724,23,45328.64,5.0,RENT,South,696,20886.88,3
725,30,61300.99,8.1,MORTGAGE,South,786,16347.69,4
726,59,95295.81,20.3,MORTGAGE,West,709,27294.05,6
727,44,46130.61,21.4,RENT,North,719,13532.4,3
728,50,31925.89,1.7,RENT,West,525,7699.72,3
729,27,63730.96,1.3,RENT,North,718,9494.0,6
730,28,46013.42,2.6,RENT,West,700,1295.02,3
731,46,50109.62,14.4,MORTGAGE,North,574,27619.55,5
732,42,46822.22,5.4,MORTGAGE,West,597,5773.75,7
733,48,166195.3,4.9,OWN,North,757,49395.82,9
734,39,17670.43,11.5,RENT,West,604,4607.0,5
735,44,44615.34,4.0,MORTGAGE,East,740,11757.71,10
736,43,54076.53,7.4,RENT,North,692,10532.3,1
737,50,36659.53,9.8,OWN,West,658,11795.34,7
738,51,84958.05,2.8,RENT,North,676,46176.52,5
739,22,81359.17,2.3,MORTGAGE,South,707,28523.4,6
740,18,52898.1,0.0,MORTGAGE,South,725,20297.83,8
741,53,47318.81,7.2,RENT,West,702,3746.5,5
742,55,51226.98,10.9,OWN,West,638,30505.2,1
743,29,51410.96,2.6,RENT,South,755,17293.74,5
744,19,52094.44,1.0,RENT,West,714,22256.46,4
745,42,49315.83,21.2,MORTGAGE,West,693,11897.64,6
746,52,61465.09,12.7,MORTGAGE,East,681,48933.07,7
747,63,78952.84,5.8,RENT,South,720,27944.66,6
748,47,29286.15,14.2,RENT,South,517,4456.82,7
749,37,32037.68,2.6,RENT,North,666,3185.62,6
750,30,22600.81,5.3,OWN,South,750,996.37,9
751,41,83549.85,7.2,MORTGAGE,North,703,32719.28,10
752,37,61399.79,4.8,RENT,West,681,12682.88,9
753,29,69747.28,4.9,RENT,East,638,30493.78,8
754,66,26509.3,10.5,OWN,East,676,13190.9,7
755,62,132253.27,12.9,OWN,North,692,28242.92,5
756,55,39957.61,4.4,RENT,North,749,3185.28,1
757,30,58929.84,1.8,MORTGAGE,West,613,35740.24,6
758,51,83049.52,1.5,RENT,South,655,18765.59,5
759,49,33074.24,0.7,RENT,West,608,15314.56,2
760,46,41226.55,18.9,OWN,South,787,7049.89,3
761,56,59253.84,10.6,OWN,North,660,5306.92,7
762,49,226100.88,9.0,RENT,East,689,76728.89,7
763,50,62979.36,3.9,OWN,East,530,16986.3,8
764,49,120955.81,3.9,MORTGAGE,North,638,40564.78,10
765,45,98996.18,13.2,MORTGAGE,East,731,14312.01,5
766,20,65121.17,1.3,MORTGAGE,North,714,10963.81,7
767,42,33037.62,4.5,MORTGAGE,South,605,20490.51,8
768,34,92030.64,14.5,OWN,North,649,53913.14,9
769,26,25615.29,4.5,RENT,East,770,6374.96,5
770,61,120624.48,10.2,MORTGAGE,East,850,7713.14,11
771,62,59874.3,6.0,RENT,North,754,10004.3,3
772,57,15000.0,0.2,OWN,West,728,3577.72,3
773,44,45695.13,5.8,RENT,West,787,21084.63,4
774,57,75129.9,6.7,RENT,South,838,17808.25,6
775,41,48121.68,5.4,MORTGAGE,North,644,14605.98,5
776,43,77458.91,2.2,RENT,South,623,15113.65,6
777,28,35418.44,5.5,RENT,North,781,4914.98,7
778,46,28198.07,0.8,RENT,West,576,13933.1,7
779,42,52275.2,4.5,MORTGAGE,West,597,41752.35,5
780,25,55038.2,7.0,RENT,North,600,31440.37,4
781,40,45515.48,18.2,RENT,South,654,12293.14,8
782,40,100072.04,16.2,MORTGAGE,South,556,37475.84,5
783,63,35415.2,2.5,OWN,North,553,2601.94,3
784,52,63359.67,1.5,MORTGAGE,South,633,13230.79,6
785,41,56049.19,7.2,RENT,North,588,8800.56,5
786,44,24875.58,6.4,OWN,North,713,8602.48,6
787,42,28014.71,9.7,OWN,South,644,5613.45,7
788,39,54499.97,3.6,MORTGAGE,South,711,14625.63,9
789,28,145888.8,6.5,MORTGAGE,South,742,38700.83,7
790,39,72376.35,6.2,RENT,South,667,4325.37,11
791,32,22860.88,4.6,MORTGAGE,South,705,5373.54,5
792,26,15000.0,1.2,MORTGAGE,South,650,1652.63,2
793,47,78161.06,10.7,RENT,South,662,18666.72,6
794,46,51631.81,7.2,RENT,West,550,21872.44,3
795,20,95858.94,2.0,RENT,North,729,19011.33,8
796,40,34879.03,13.2,MORTGAGE,East,564,11160.21,6
797,53,64544.25,5.8,RENT,North,704,11916.95,7
798,54,82709.25,10.7,MORTGAGE,South,692,5286.28,6
799,53,43315.6,18.5,OWN,South,566,10497.12,7
800,41,43781.09,22.6,RENT,West,680,6008.8,9
801,31,54865.03,7.9,RENT,West,684,6774.07,3
802,28,71064.14,8.4,RENT,South,694,6846.82,8
803,45,53789.47,7.8,RENT,South,680,17784.35,6
804,46,88167.89,9.4,OWN,West,644,48755.32,12
805,56,43003.31,12.8,MORTGAGE,North,702,26525.59,5
806,54,27883.83,7.7,OWN,South,595,4275.78,4
807,39,145580.97,21.0,OWN,West,634,18034.08,4
808,26,40041.96,8.0,RENT,South,705,15402.95,4
809,37,40773.15,6.7,MORTGAGE,East,724,13589.13,9
810,44,52422.88,6.7,MORTGAGE,North,711,15474.13,8
811,39,56027.09,4.3,MORTGAGE,North,657,23635.19,6
812,34,44652.17,9.8,RENT,West,527,21112.08,6
813,44,53706.16,5.0,RENT,North,773,12583.07,2
814,35,53109.91,4.2,MORTGAGE,South,532,13652.39,4
815,33,59125.03,9.6,MORTGAGE,South,715,10548.13,9
816,45,16668.17,2.4,RENT,South,771,2309.28,4
817,36,138751.27,12.9,RENT,North,718,79735.83,1
818,44,50329.96,9.9,MORTGAGE,North,687,16213.55,4
819,44,72425.32,19.0,MORTGAGE,South,708,15600.18,6
820,27,27199.38,8.0,MORTGAGE,South,656,8020.11,6
821,35,42808.84,11.0,RENT,West,825,14588.31,3
822,58,38709.57,12.1,RENT,South,598,7870.73,2
823,27,112968.23,9.0,MORTGAGE,West,632,16581.76,6
824,18,40420.53,0.0,MORTGAGE,South,635,2488.74,3
825,19,79145.25,1.0,RENT,South,807,14632.69,5
826,41,39135.68,8.2,MORTGAGE,West,617,5334.06,2
827,41,43204.09,12.9,RENT,West,691,15581.48,5
828,40,47916.97,14.1,MORTGAGE,South,740,12761.47,1
829,56,102942.16,1.2,RENT,South,750,64005.69,7
830,18,21058.8,0.0,MORTGAGE,West,703,9711.65,4
831,46,28061.9,4.2,OWN,North,743,4804.92,8
832,60,20462.46,11.2,RENT,South,653,8469.22,9
833,27,31452.98,9.0,RENT,South,616,14448.13,6
834,36,36105.48,6.2,RENT,West,664,10476.89,8
835,32,24167.39,14.0,RENT,East,614,8154.75,7
836,30,37531.13,1.2,OWN,South,832,7072.95,11
837,37,19784.28,14.9,OWN,West,592,2819.59,8
838,58,32565.4,13.6,RENT,North,683,3043.02,4
839,63,98736.52,8.9,OWN,West,589,12649.97,11
840,37,66289.98,12.9,RENT,North,687,7123.98,8
841,64,59500.13,20.1,MORTGAGE,East,654,7163.56,3
842,41,32814.01,16.9,MORTGAGE,South,697,4506.13,5
843,62,25133.52,6.5,RENT,South,688,3302.89,9
844,40,30651.04,8.1,MORTGAGE,South,746,860.79,8
845,43,53018.44,5.7,MORTGAGE,West,763,9420.44,8
846,45,83624.21,5.1,RENT,South,683,11439.28,6
847,75,85066.09,12.0,OWN,North,622,13198.23,5
848,51,74258.4,5.6,RENT,North,625,35438.73,5
849,33,37467.22,12.0,RENT,East,676,7315.25,5
850,53,54845.47,6.2,OWN,East,682,20003.49,4
851,37,46135.07,6.9,RENT,South,682,4469.12,10
852,35,48991.65,3.3,RENT,North,629,15358.81,4
853,52,150026.01,11.8,RENT,East,811,77866.54,3
854,41,22448.97,1.1,RENT,South,532,1468.7,9
855,44,48178.18,15.3,RENT,North,624,20106.53,4
856,41,99297.38,23.0,RENT,South,619,22240.82,4
857,45,26031.28,7.1,MORTGAGE,South,626,11198.98,7
858,46,39266.47,6.9,MORTGAGE,West,744,15094.58,11
859,18,41584.42,0.0,OWN,East,639,19535.37,7
860,49,48453.27,4.4,OWN,North,673,21398.04,7
861,29,24392.27,11.0,RENT,West,685,5073.49,8
862,24,72958.28,6.0,OWN,South,658,19221.07,5
863,40,75594.87,7.8,OWN,West,710,5361.44,5
864,42,69855.75,12.5,OWN,South,698,18629.94,9
865,33,35059.89,3.3,MORTGAGE,West,573,17999.35,3
866,51,56571.21,9.2,RENT,West,639,29928.47,5
867,25,34554.04,7.0,RENT,West,677,9260.95,8
868,36,45876.2,10.6,OWN,North,753,30725.5,5
869,34,159011.84,16.0,MORTGAGE,West,803,60235.26,3
870,40,56831.59,20.3,OWN,East,819,7151.79,2
871,44,29918.63,9.7,MORTGAGE,South,680,3926.74,11
872,29,59288.32,0.1,RENT,South,645,31455.95,2
873,50,27559.48,14.1,RENT,East,638,1583.6,8
874,42,29747.33,2.1,OWN,West,638,12817.56,4
875,18,32190.88,0.0,RENT,West,621,10909.1,6
876,18,43383.97,0.0,MORTGAGE,South,688,6228.0,8
877,41,86550.6,14.8,OWN,East,719,70742.74,3
878,38,72344.82,9.7,RENT,North,599,16971.49,4
879,40,70368.27,8.0,RENT,South,757,14640.77,6
880,41,31273.85,10.4,MORTGAGE,West,519,7656.63,5
881,44,41329.96,1.0,OWN,East,644,14635.77,6
882,52,62068.91,5.6,MORTGAGE,West,756,37323.43,6
883,28,39570.53,3.8,RENT,South,700,4075.28,9
884,27,47137.15,7.5,RENT,South,639,13474.25,8
885,28,67553.78,7.7,RENT,East,817,21964.62,4
886,44,45506.65,10.1,RENT,North,632,5320.86,4
887,56,60659.39,11.2,RENT,West,534,19088.88,5
888,36,120134.14,1.0,OWN,West,734,24549.46,9
889,18,49715.43,0.0,RENT,West,542,5595.58,1
890,21,97701.18,3.0,OWN,West,635,50583.63,4
891,31,71659.79,2.1,OWN,South,725,33633.89,9
892,34,26013.71,1.9,MORTGAGE,South,608,7112.98,3
893,36,31223.66,1.6,MORTGAGE,West,689,5187.33,6
894,41,35710.57,12.4,RENT,South,572,9282.31,5
895,37,35333.35,1.3,MORTGAGE,West,713,1659.28,5
896,54,51784.96,1.5,RENT,North,550,27269.46,8
897,33,73667.87,7.3,RENT,West,775,8178.88,9
898,31,101476.16,9.2,MORTGAGE,South,662,22285.5,8
899,47,63201.77,6.6,RENT,West,783,20168.26,7
900,23,43354.26,2.5,RENT,South,602,28031.82,8
901,46,19127.44,1.9,MORTGAGE,East,763,7550.14,6
902,42,56122.65,7.1,MORTGAGE,West,604,21132.5,5
903,39,54878.95,6.0,RENT,South,545,28636.45,9
904,60,59365.25,4.9,RENT,North,677,14654.52,5
905,34,155300.95,12.1,RENT,North,799,51631.65,2
906,66,100740.01,5.7,MORTGAGE,East,750,25697.71,6
907,38,80220.19,1.7,MORTGAGE,East,767,53909.4,7
908,26,33488.64,4.9,RENT,East,707,13631.74,6
909,42,41919.34,10.0,MORTGAGE,North,602,5865.4,7
910,28,51667.16,5.4,OWN,North,722,32313.46,6
911,32,36764.81,9.9,MORTGAGE,West,661,5696.06,8
912,46,69579.99,11.3,MORTGAGE,East,630,6823.19,8
913,48,64760.71,5.7,MORTGAGE,North,690,33472.31,7
914,34,31440.31,6.6,OWN,North,644,12925.63,10
915,53,98558.78,5.2,OWN,North,793,35603.68,8
916,55,57019.87,10.0,RENT,West,636,18765.71,5
917,58,22821.64,5.0,RENT,East,596,9737.0,7
918,47,52803.28,9.3,RENT,East,620,21252.79,10
919,57,62355.25,7.8,MORTGAGE,East,808,12187.38,5
920,18,88114.83,0.0,RENT,West,644,47533.31,5
921,37,45764.4,9.7,OWN,South,754,23843.93,6
922,31,81958.57,7.3,RENT,South,614,15496.74,10
923,42,59490.45,15.7,MORTGAGE,South,709,28024.66,3
924,34,28070.45,2.2,RENT,West,662,7925.12,7
925,39,26699.94,7.9,MORTGAGE,East,728,11825.64,6
926,64,94966.54,4.5,RENT,South,769,5682.77,9
927,39,98517.76,1.0,MORTGAGE,West,700,51211.28,2
928,46,63669.1,0.7,MORTGAGE,North,639,8382.39,4
929,38,114445.43,17.9,RENT,South,814,22943.36,5
930,42,91886.09,8.0,MORTGAGE,East,647,27737.64,3
931,41,76253.18,5.6,OWN,West,525,19342.24,3
932,46,34349.55,1.4,MORTGAGE,North,522,12911.41,6
933,55,128761.14,17.2,MORTGAGE,South,592,21409.07,6
934,61,70837.99,3.5,MORTGAGE,West,722,22942.65,10
935,45,44671.04,8.2,OWN,East,817,12810.46,4
936,48,38787.95,7.1,MORTGAGE,East,514,18111.57,1
937,27,61598.44,9.0,OWN,South,620,3422.15,10
938,40,23493.3,6.5,OWN,North,643,6683.99,7
939,52,76867.36,4.2,RENT,South,792,22139.85,6
940,51,33631.37,8.0,RENT,South,596,5435.64,7
941,44,65205.82,8.7,MORTGAGE,West,719,7163.14,4
942,52,41738.94,33.6,MORTGAGE,East,642,12748.98,10
943,47,47467.03,6.4,MORTGAGE,West,847,6843.15,6
944,55,37106.41,2.1,OWN,North,665,8775.8,3
945,44,49980.35,4.9,MORTGAGE,South,692,15060.7,4
946,37,139342.44,8.0,RENT,West,714,7534.69,3
947,45,108285.85,9.2,MORTGAGE,North,669,81303.4,4
948,18,64682.08,0.0,RENT,North,744,23108.09,7
949,46,53495.5,4.4,MORTGAGE,South,588,10504.49,7
950,18,82627.73,0.0,OWN,North,547,23457.06,6
951,20,95319.07,2.0,RENT,North,682,12220.82,7
952,46,35778.08,12.3,OWN,South,710,1979.55,7
953,47,52118.78,5.0,OWN,West,628,8546.05,4
954,27,21785.96,6.7,RENT,North,647,3361.48,5
955,32,94992.29,1.5,OWN,East,607,15889.89,5
956,57,152133.26,5.4,MORTGAGE,East,786,73386.92,5
957,35,56389.67,8.0,MORTGAGE,South,717,23055.77,9
958,68,18722.76,6.4,RENT,South,629,2780.84,3
959,41,73456.25,5.7,RENT,North,694,2604.67,4
960,46,34473.82,10.1,MORTGAGE,North,554,14248.01,4
961,60,38883.5,1.9,RENT,South,562,10648.6,3
962,43,74108.7,8.2,RENT,West,674,36677.21,4
963,29,61529.81,0.6,OWN,South,711,30475.25,7
964,40,42444.2,14.7,MORTGAGE,South,700,8997.1,1
965,41,39151.62,5.8,MORTGAGE,West,632,6682.25,6
966,25,57694.55,7.0,OWN,West,725,11065.13,6
967,38,44146.42,0.2,RENT,West,761,15969.78,3
968,32,31113.01,10.5,RENT,South,642,7226.31,7
969,52,45876.96,3.4,MORTGAGE,West,685,6705.88,8
970,41,64202.43,6.7,RENT,East,662,10055.63,6
971,38,49560.44,10.6,RENT,East,658,5525.23,8
972,40,26722.09,6.2,MORTGAGE,West,654,15262.72,3
973,44,88834.67,9.7,RENT,South,809,54318.4,9
974,48,15000.0,5.1,MORTGAGE,West,683,2650.57,5
975,29,43339.4,11.0,MORTGAGE,West,719,19396.39,6
976,29,39731.55,5.8,MORTGAGE,East,626,4756.56,5
977,54,58342.7,5.9,RENT,North,610,13485.41,8
978,36,71741.95,6.0,RENT,West,709,26941.4,5
979,24,95166.42,6.0,OWN,South,780,39982.13,4
980,46,37941.38,2.0,OWN,East,776,12719.27,2
981,47,72641.46,2.8,MORTGAGE,North,510,9362.08,7
982,23,59749.09,5.0,RENT,West,845,31723.91,4
983,44,23022.57,11.7,MORTGAGE,West,665,2274.61,7
984,50,140122.19,11.1,RENT,North,772,44582.68,9
985,45,26386.62,9.1,RENT,East,519,19386.99,5
986,49,66819.39,4.3,RENT,West,662,12014.26,5
987,24,65839.81,3.9,RENT,North,735,25763.59,4
988,45,62181.85,6.3,RENT,North,593,20462.75,4
989,37,42307.16,14.3,RENT,South,458,15221.23,4
990,35,81930.48,7.6,OWN,West,710,25362.4,7
991,51,24830.21,2.7,MORTGAGE,South,635,9351.53,8
992,59,52422.21,1.6,RENT,North,770,13928.97,11
993,63,40866.37,11.9,RENT,South,648,13314.77,12
994,57,38613.26,17.5,OWN,South,650,15723.06,9
995,40,67129.17,1.2,RENT,North,727,39318.53,6
996,45,92849.88,12.2,RENT,East,764,35283.4,6
997,50,45632.35,9.0,MORTGAGE,North,614,8582.48,7
998,42,80044.7,3.3,MORTGAGE,West,752,20351.06,7
999,43,55540.64,7.7,OWN,East,634,18279.77,6
1000,51,34670.13,2.3,RENT,West,653,7007.78,4
1001,40,47620.75,5.5,RENT,North,712,4573.1,12
1002,32,46642.02,6.6,RENT,East,723,10461.33,7
1003,36,38241.25,15.4,MORTGAGE,West,678,8551.33,3
1004,49,67120.28,5.3,RENT,South,603,8399.3,2
1005,41,60920.38,3.6,RENT,North,544,10752.95,8
1006,45,24457.08,8.5,RENT,North,625,621.14,7
1007,49,23723.87,9.9,OWN,East,705,4419.07,3
1008,37,66992.92,3.5,RENT,South,710,20027.14,9
1009,50,36038.99,2.6,RENT,West,671,7171.5,12
1010,46,63008.23,2.8,OWN,West,676,13271.61,7
1011,26,80054.73,8.0,MORTGAGE,East,707,56201.86,3
1012,58,28696.3,9.6,MORTGAGE,West,575,10184.34,8
1013,35,26748.44,5.0,MORTGAGE,East,696,7751.8,7
1014,21,125143.44,3.0,RENT,North,763,38782.36,5
1015,28,64588.1,3.5,OWN,North,652,15996.11,10
1016,29,43931.18,6.2,RENT,West,692,9687.53,11
1017,42,33963.1,2.2,OWN,South,531,6984.1,9
1018,38,41972.91,13.3,RENT,West,672,4819.11,7
1019,37,29873.1,3.2,MORTGAGE,North,637,14411.85,10
1020,48,84263.67,3.3,MORTGAGE,North,776,12831.1,10
1021,45,36740.11,8.6,RENT,West,641,13307.29,8
1022,45,93598.28,0.5,RENT,West,753,2814.24,3
1023,46,44341.91,1.8,MORTGAGE,West,635,8961.17,7
1024,48,32155.05,10.9,RENT,North,489,11007.86,4
1025,18,43776.36,0.0,OWN,South,646,17523.64,8
1026,37,15000.0,19.0,RENT,East,632,1283.98,7
1027,18,51001.77,0.0,MORTGAGE,West,678,11027.09,8
1028,41,49758.69,1.1,MORTGAGE,North,678,21600.52,7
1029,41,81827.72,18.1,MORTGAGE,East,651,9318.7,5
1030,54,21096.19,7.4,MORTGAGE,North,610,2577.96,9
1031,55,96851.41,5.6,MORTGAGE,East,614,15260.84,6
1032,43,81658.37,7.4,MORTGAGE,North,547,30455.03,3
1033,35,101318.24,1.1,MORTGAGE,West,688,30799.67,4
1034,47,52766.9,6.3,MORTGAGE,North,617,18091.28,5
1035,35,89944.53,2.9,RENT,East,766,10953.81,1
1036,41,25961.71,6.0,RENT,West,488,1919.49,1
1037,53,77383.11,4.4,RENT,South,705,44809.16,7
1038,34,36842.92,7.1,MORTGAGE,South,803,5868.54,2
1039,51,23725.34,5.0,OWN,East,624,1441.61,5
1040,49,30882.03,4.2,RENT,East,647,5916.99,12
1041,30,54326.4,2.6,MORTGAGE,East,700,21348.86,8
1042,53,35876.95,1.1,RENT,East,689,14075.47,4
1043,49,65384.26,0.9,MORTGAGE,North,649,34424.62,5
1044,42,21935.93,1.8,MORTGAGE,West,563,2627.68,7
1045,32,18703.22,10.3,MORTGAGE,North,673,7689.87,7
1046,31,107601.91,2.5,MORTGAGE,East,564,7409.93,8
1047,35,85127.04,3.6,MORTGAGE,West,746,5574.16,7
1048,48,32059.59,3.6,RENT,West,622,10505.38,7
1049,30,54095.17,4.5,MORTGAGE,North,670,14988.12,5
1050,46,90197.19,9.1,RENT,North,654,44794.76,7
1051,26,66809.48,4.9,OWN,East,779,7517.93,9
1052,39,58343.99,11.7,MORTGAGE,South,690,34651.78,9
1053,42,93674.1,1.9,RENT,East,669,37082.07,5
1054,70,37595.65,10.9,RENT,South,631,13381.6,8
1055,24,55027.55,6.0,MORTGAGE,South,660,4871.55,6
1056,59,53695.03,6.2,OWN,South,837,22043.44,5
1057,43,47269.43,2.3,RENT,East,572,25189.36,4
1058,46,44582.52,9.2,MORTGAGE,West,738,9943.01,6
1059,42,56186.63,6.3,RENT,South,711,32773.35,3
1060,46,55116.46,8.0,MORTGAGE,North,778,4461.99,3
1061,39,32073.52,12.0,MORTGAGE,South,693,3565.17,2
1062,58,80894.24,4.6,RENT,East,686,10763.51,4
1063,36,33249.91,4.0,MORTGAGE,West,722,2455.73,3
1064,55,48575.92,31.4,RENT,West,682,26249.34,4
1065,33,46740.19,9.3,OWN,West,717,3796.63,6
1066,40,64799.41,13.4,RENT,South,777,9388.22,6
1067,28,18778.13,10.0,MORTGAGE,West,634,1924.4,11
1068,46,84580.15,13.6,RENT,South,658,42716.38,11
1069,58,38619.2,8.2,MORTGAGE,East,611,14708.11,8
1070,40,99706.05,12.4,RENT,South,726,13688.65,6
1071,39,42655.76,3.6,MORTGAGE,West,599,5544.66,5
1072,28,52869.31,1.1,RENT,West,645,27245.51,9
1073,38,141053.29,2.8,RENT,South,641,35017.37,8
1074,22,47161.39,4.0,OWN,West,700,7667.25,2
1075,30,100652.06,5.0,MORTGAGE,West,642,54710.71,10
1076,44,55244.42,6.4,MORTGAGE,West,581,2184.56,5
1077,57,66683.27,3.4,MORTGAGE,South,601,6290.63,2
1078,75,56104.95,0.6,RENT,West,631,6579.55,3
1079,34,82778.68,4.5,OWN,West,653,11137.97,7
1080,58,38454.62,1.6,RENT,East,674,6529.67,7
1081,44,33122.75,6.2,OWN,South,639,6398.99,10
1082,39,39368.13,8.5,OWN,West,683,20374.11,7
1083,46,56945.8,4.5,RENT,West,704,15131.17,8
1084,42,48513.17,2.2,RENT,East,717,3684.44,5
1085,42,77275.9,6.6,MORTGAGE,West,551,17844.59,7
1086,36,104022.85,18.0,MORTGAGE,North,617,11519.33,4
1087,24,33259.0,6.0,RENT,East,689,4864.25,4
1088,22,37534.87,4.0,RENT,South,670,20534.34,6
1089,49,26420.1,4.1,RENT,South,710,8879.87,10
1090,38,149520.16,3.0,MORTGAGE,South,603,78556.67,6
1091,34,63091.08,13.6,MORTGAGE,South,643,14967.24,7
1092,41,68864.85,0.4,RENT,South,659,3841.48,4
1093,51,27719.62,3.3,MORTGAGE,North,655,2872.22,8
1094,43,54144.68,19.2,MORTGAGE,North,672,28123.39,5
1095,33,69886.24,5.9,OWN,East,713,30420.89,5
1096,56,47744.6,1.3,RENT,South,657,17474.21,8
1097,60,92767.61,8.7,RENT,North,788,40800.19,9
1098,47,172114.56,4.5,RENT,North,835,60299.01,10
1099,53,33740.99,1.0,MORTGAGE,North,573,8731.18,6
1100,56,32498.73,7.5,RENT,North,653,8785.5,3
1101,55,34930.72,6.7,RENT,West,708,2238.11,5
1102,48,120946.02,6.4,MORTGAGE,East,743,37954.92,4
1103,48,91233.52,9.2,MORTGAGE,South,662,16147.33,2
1104,47,50626.79,2.0,RENT,South,685,838.55,3
1105,28,55175.81,8.1,RENT,North,560,11952.6,8
1106,49,36016.35,7.1,RENT,East,652,11003.49,7
1107,25,84542.83,7.0,RENT,West,586,22805.42,5
1108,31,44803.84,3.3,RENT,North,698,27263.75,11
1109,57,47570.2,15.0,RENT,North,587,18182.49,4
1110,51,73452.55,11.3,RENT,East,694,34946.47,10
1111,59,49315.93,5.7,OWN,North,689,29010.16,8
1112,38,48171.22,6.4,OWN,North,671,7751.04,6
1113,27,54463.59,0.4,RENT,East,626,27780.75,8
1114,38,80634.16,6.3,MORTGAGE,East,671,12135.68,5
1115,42,123407.42,10.8,RENT,North,786,16945.59,5
1116,42,72601.66,5.0,OWN,West,652,22539.76,7
1117,55,80955.68,13.4,OWN,North,688,20927.29,6
1118,37,49024.38,8.8,MORTGAGE,South,627,27089.64,6
1119,45,38028.88,23.2,MORTGAGE,East,727,6686.56,5
1120,29,75131.34,3.5,RENT,East,689,11836.01,4
1121,46,59019.34,10.0,RENT,East,620,11523.76,7
1122,41,26600.51,1.7,MORTGAGE,East,642,1426.95,4
1123,32,45980.16,5.4,RENT,East,647,2103.95,4
1124,38,51976.73,9.2,MORTGAGE,West,766,13440.64,10
1125,39,41972.55,10.5,MORTGAGE,East,657,25486.07,8
1126,38,113648.75,4.7,RENT,South,603,8836.88,6
1127,62,68866.11,14.4,MORTGAGE,West,715,19657.76,9
1128,40,107644.29,16.6,MORTGAGE,South,822,59523.39,6
1129,38,61803.34,3.5,MORTGAGE,West,759,8679.86,6
1130,18,56426.48,0.0,MORTGAGE,South,594,9604.19,7
1131,30,33918.0,5.1,OWN,South,632,13692.02,9
1132,38,54500.48,4.1,RENT,East,668,17929.28,8
1133,33,54531.13,15.0,MORTGAGE,East,669,8477.45,7
1134,58,27349.21,15.7,RENT,North,669,6974.76,7
1135,39,41366.9,5.2,RENT,South,635,15442.54,7
1136,56,46090.34,10.0,OWN,West,599,22168.12,3
1137,42,66618.64,13.3,RENT,West,745,10564.93,5
1138,41,68232.42,7.6,RENT,South,601,8876.68,3
1139,40,40511.48,4.9,RENT,North,602,15508.63,9
1140,41,68489.44,3.3,OWN,South,600,41117.31,2
1141,62,49462.03,10.7,OWN,South,709,18356.77,5
1142,18,15000.0,0.0,RENT,North,626,5240.14,8
1143,18,42516.56,0.0,MORTGAGE,West,722,2165.94,7
1144,34,92920.01,4.3,RENT,South,637,15180.12,8
1145,41,23367.4,1.7,MORTGAGE,South,549,3372.8,4
1146,49,57316.6,5.9,MORTGAGE,South,641,16236.88,3
1147,47,119686.44,5.4,RENT,North,689,63480.92,8
1148,36,37037.77,2.7,MORTGAGE,South,669,13717.54,5
1149,53,54234.61,15.4,OWN,South,552,27483.88,6
1150,53,28225.8,10.8,RENT,South,677,14385.45,5
1151,43,122224.59,6.5,RENT,East,640,71326.61,6
1152,53,51965.42,11.9,OWN,South,623,5354.32,6
1153,44,55454.24,14.0,RENT,East,753,11263.87,2
1154,34,106633.2,15.9,MORTGAGE,West,544,30606.11,3
1155,49,75413.32,3.5,MORTGAGE,South,706,17883.56,4
1156,42,34967.89,11.9,RENT,South,675,12111.23,8
1157,41,39197.22,5.4,RENT,West,600,12899.14,3
1158,59,69387.75,7.4,RENT,South,649,20176.47,2
1159,18,39653.7,0.0,RENT,South,743,6754.75,9
1160,24,18795.6,6.0,MORTGAGE,West,765,1372.71,10
1161,27,52753.19,9.0,OWN,East,743,7951.23,6
1162,37,25845.55,18.7,RENT,West,772,3109.14,5
1163,38,121557.28,5.8,MORTGAGE,South,654,22281.14,7
1164,23,59183.25,2.8,RENT,South,563,12087.84,8
1165,29,34455.11,11.0,RENT,North,648,9282.08,5
1166,31,38203.55,3.4,MORTGAGE,North,712,4853.45,3
1167,70,21063.59,1.1,RENT,South,502,5217.91,4
1168,63,31265.45,3.9,MORTGAGE,North,583,9514.56,3
1169,36,90053.71,13.5,RENT,South,633,19796.1,8
1170,37,165362.13,3.2,MORTGAGE,South,740,43919.79,5
1171,27,77901.33,2.1,OWN,North,700,33738.44,3
1172,18,51739.6,0.0,RENT,South,614,23086.82,5
1173,40,43652.7,18.7,OWN,East,674,12927.05,8
1174,29,33582.22,9.0,RENT,South,571,10966.33,4
1175,40,151733.8,1.8,RENT,West,681,23112.41,5
1176,22,49297.35,4.0,RENT,North,578,14717.75,8
1177,32,156031.77,8.2,OWN,North,702,29456.44,9
1178,43,108744.87,12.6,MORTGAGE,West,642,30350.19,9
1179,45,22688.23,1.4,OWN,West,684,17307.0,6
1180,46,38832.93,22.7,MORTGAGE,South,655,16774.17,8
1181,25,38772.92,4.6,RENT,South,641,22882.35,6
1182,51,52056.08,1.3,OWN,West,792,28188.16,11
1183,31,52566.95,7.5,OWN,South,696,16664.94,5
1184,49,242345.47,12.6,MORTGAGE,North,704,106885.35,6
1185,41,31614.97,10.0,MORTGAGE,North,608,4738.83,9
1186,24,60747.73,6.0,OWN,North,592,20194.8,5
1187,37,73736.55,9.3,RENT,West,678,18419.88,3
1188,45,54133.8,7.0,OWN,East,692,3635.1,6
1189,48,57244.7,1.4,OWN,South,538,26349.28,7
1190,39,32131.61,5.4,MORTGAGE,North,554,19539.56,3
1191,59,57139.05,4.8,RENT,North,636,11723.76,4
1192,53,69961.44,16.0,RENT,East,603,12110.45,8
1193,38,63818.62,13.5,OWN,West,680,24140.77,7
1194,50,72048.91,4.3,OWN,South,694,39195.45,7
1195,64,109787.72,11.2,MORTGAGE,West,690,8375.79,4
1196,65,86550.49,6.0,OWN,South,727,14726.94,9
1197,26,56142.44,1.1,MORTGAGE,East,630,21792.16,4
1198,30,30155.45,0.4,OWN,South,643,4129.44,8
1199,59,40134.73,10.2,RENT,North,588,9026.33,5
1200,28,48541.99,2.4,RENT,South,686,4636.41,4
1201,25,61461.91,2.4,MORTGAGE,West,680,25404.73,4
1202,35,42652.18,3.4,RENT,North,577,9712.77,3
1203,46,33932.67,10.4,RENT,South,640,9794.43,6
1204,40,29908.58,13.6,MORTGAGE,West,644,5933.72,5
1205,33,23728.0,13.4,RENT,West,657,4218.92,5
1206,33,48171.59,1.0,MORTGAGE,South,688,22200.73,10
1207,32,25982.21,3.3,RENT,North,590,9509.5,4
1208,30,32850.99,2.8,OWN,West,703,2686.28,11
1209,68,44491.31,10.4,RENT,North,699,20574.85,2
1210,45,27779.16,3.4,MORTGAGE,South,593,1228.92,5
1211,52,65504.63,5.7,MORTGAGE,North,598,25554.06,6
1212,35,78441.75,11.1,RENT,South,639,14406.19,6
1213,39,41162.65,6.6,RENT,East,556,4352.2,6
1214,32,43542.22,8.2,RENT,West,676,8257.26,7
1215,18,70877.97,0.0,RENT,South,764,14609.04,1
1216,24,37911.22,6.0,RENT,West,755,8674.76,3
1217,19,36630.37,1.0,RENT,East,578,12371.44,3
1218,18,98543.09,0.0,MORTGAGE,East,749,16187.27,3
1219,27,84296.35,9.0,RENT,North,694,21993.74,5
1220,57,73187.14,31.2,RENT,North,514,23369.79,4
1221,40,86061.92,11.0,RENT,East,665,7916.85,3
1222,56,20158.08,6.2,MORTGAGE,East,599,11005.5,2
1223,46,106608.42,8.3,MORTGAGE,North,782,44407.91,13
1224,50,65909.05,14.6,MORTGAGE,South,617,24181.77,7
1225,30,89804.53,4.6,MORTGAGE,South,730,5021.55,4
1226,47,65747.76,4.2,MORTGAGE,South,670,3256.17,5
1227,50,55517.99,8.2,RENT,North,570,35398.3,7
1228,34,47209.26,6.1,RENT,North,626,5346.74,4
1229,48,65092.99,2.8,MORTGAGE,South,785,19503.97,6
1230,48,46356.93,7.3,RENT,West,652,9207.93,5
1231,34,83611.64,16.0,OWN,West,751,43358.97,3
1232,28,24508.41,9.1,MORTGAGE,North,698,12468.42,2
1233,27,41324.55,2.3,MORTGAGE,North,628,12857.03,7
1234,42,150604.37,10.2,MORTGAGE,South,621,77261.6,10
1235,45,39614.87,5.1,OWN,South,577,20060.3,5
1236,31,48081.76,13.0,RENT,West,767,3911.1,1
1237,41,34846.55,9.6,RENT,South,663,10691.94,7
1238,48,64082.26,3.9,OWN,West,555,9441.59,6
1239,48,37491.43,10.7,MORTGAGE,North,714,3838.23,9
1240,60,49374.75,7.7,RENT,West,541,19770.66,6
1241,56,82820.7,15.6,RENT,West,629,23013.58,5
1242,29,38201.05,4.2,RENT,East,662,16025.43,8
1243,61,80362.71,9.6,OWN,West,850,4291.49,7
1244,35,81724.95,1.4,RENT,South,744,19260.91,8
1245,54,91810.14,7.0,RENT,North,657,50860.11,13
1246,42,58120.31,2.2,RENT,South,675,14226.98,7
1247,36,250000.0,7.5,OWN,West,796,74254.95,7
1248,19,91790.75,1.0,MORTGAGE,West,791,6096.33,11
1249,39,63731.79,9.3,MORTGAGE,South,659,18441.72,5
1250,22,34962.73,4.0,OWN,East,637,2276.99,3
1251,53,51609.98,7.2,RENT,North,610,24442.01,13
1252,59,110543.4,14.3,MORTGAGE,North,745,29437.08,8
1253,31,127359.27,13.0,MORTGAGE,East,776,19837.94,9
1254,45,113455.34,7.4,MORTGAGE,South,564,72944.95,4
1255,32,80225.46,14.0,MORTGAGE,North,658,33760.55,7
1256,33,28916.57,3.0,OWN,West,560,9262.33,4
1257,50,69118.72,4.8,RENT,South,690,20902.27,7
1258,41,29123.45,8.0,RENT,South,559,4061.64,8
1259,62,25751.92,6.1,OWN,North,548,16431.03,6
1260,35,61057.99,5.6,RENT,North,753,9194.83,5
1261,53,70375.45,13.5,MORTGAGE,East,669,10872.5,4
1262,42,85109.04,2.6,RENT,West,684,22900.38,1
1263,51,69464.29,2.9,OWN,North,710,18025.33,6
1264,36,70671.17,1.9,MORTGAGE,West,749,18053.18,4
1265,40,33112.75,8.2,OWN,West,621,15548.21,5
1266,40,51406.08,5.1,MORTGAGE,West,640,9879.0,6
1267,31,25500.2,12.6,OWN,East,612,1174.99,11
1268,49,19896.82,7.7,MORTGAGE,South,706,10038.44,3
1269,49,78458.21,4.1,MORTGAGE,West,680,28550.85,8
1270,48,37176.71,3.6,MORTGAGE,South,635,13584.58,9
1271,59,83805.11,5.8,MORTGAGE,North,715,56714.02,2
1272,58,94294.09,2.3,MORTGAGE,South,820,18912.5,8
1273,37,39749.05,13.7,RENT,South,663,13355.48,3
1274,45,72777.02,4.9,RENT,South,663,6946.77,2
1275,34,38926.15,1.6,MORTGAGE,West,793,19287.84,5
1276,41,21526.94,15.7,RENT,South,726,5327.13,6
1277,34,57621.71,5.9,MORTGAGE,South,755,5879.06,2
1278,60,42811.54,10.1,RENT,West,626,10637.33,7
1279,45,43475.62,4.2,RENT,North,619,17203.69,3
1280,38,145462.2,16.0,MORTGAGE,North,581,51001.89,9
1281,55,25262.38,3.2,RENT,West,707,4687.81,6
1282,18,65606.86,0.0,OWN,West,683,31153.1,9
1283,18,32945.05,0.0,OWN,East,524,11506.08,12
1284,51,85317.14,15.8,MORTGAGE,South,772,19131.46,4
1285,42,62894.6,3.7,RENT,South,652,19084.46,6
1286,44,65491.27,8.3,RENT,West,663,34707.55,6
1287,25,33777.67,7.0,MORTGAGE,West,545,9910.97,2
1288,41,36945.76,14.0,RENT,North,689,14409.08,7
1289,65,86131.05,7.9,OWN,West,724,13484.21,12
1290,51,131320.85,6.2,OWN,East,702,12020.64,6
1291,43,68882.26,13.1,RENT,North,650,34283.49,7
1292,36,34588.95,9.1,MORTGAGE,North,836,18651.51,3
1293,36,64181.43,5.4,MORTGAGE,North,593,26242.28,4
1294,18,182359.63,0.0,MORTGAGE,West,668,10873.6,3
1295,44,57023.08,9.6,RENT,South,722,7744.76,6
1296,51,112523.84,2.1,MORTGAGE,East,628,60391.29,6
1297,22,37415.31,4.0,RENT,North,579,5763.41,2
1298,33,53048.24,4.1,OWN,West,748,20591.98,6
1299,27,73849.36,9.0,MORTGAGE,South,725,41457.38,9
1300,29,66082.82,1.6,MORTGAGE,West,712,2075.71,3
1301,42,36930.97,13.0,OWN,South,667,6383.06,3
1302,18,36143.1,0.0,MORTGAGE,West,605,6530.21,10
1303,48,88800.02,7.7,MORTGAGE,East,672,19622.64,4
1304,50,98299.62,9.4,RENT,South,688,14011.72,11
1305,38,115389.86,5.5,MORTGAGE,West,759,26944.33,4
1306,18,133514.48,0.0,RENT,South,736,57852.49,3
1307,29,57948.49,2.7,OWN,West,608,25936.7,8
1308,56,46369.65,12.1,RENT,North,719,17756.72,6
1309,18,106456.9,0.0,RENT,East,580,31427.62,7
1310,37,77383.95,3.2,MORTGAGE,West,662,30773.85,6
1311,27,33149.15,8.3,RENT,West,570,21578.32,7
1312,51,32311.62,8.5,OWN,South,589,16963.51,11
1313,33,69283.71,7.0,RENT,South,815,37218.48,2
1314,46,49580.98,0.4,RENT,West,564,33733.75,1
1315,48,53465.13,4.9,MORTGAGE,South,612,28284.46,4
1316,63,92620.58,11.9,MORTGAGE,West,727,40090.45,2
1317,39,79183.13,9.8,OWN,South,652,11150.57,6
1318,46,105338.75,9.6,RENT,North,707,11078.06,5
1319,23,20624.44,5.0,RENT,West,731,4595.92,5
1320,55,61494.25,12.9,RENT,South,721,25922.05,6
1321,32,76676.02,4.1,RENT,South,651,31263.55,5
1322,34,25253.17,3.4,MORTGAGE,South,630,4989.16,8
1323,41,39048.2,21.4,RENT,West,694,5035.27,2
1324,22,35587.77,3.7,MORTGAGE,East,698,5260.27,4
1325,44,54767.33,2.0,OWN,West,672,26411.42,4
1326,53,122262.66,5.5,RENT,South,728,22062.2,3
1327,45,148939.39,7.2,MORTGAGE,South,736,45445.19,7
1328,22,36057.0,4.0,RENT,North,647,5608.47,4
1329,40,70493.7,4.9,OWN,South,638,17755.69,5
1330,50,71639.29,4.9,RENT,North,733,12427.73,7
1331,18,65763.02,0.0,MORTGAGE,North,698,26605.34,2
1332,28,66137.41,4.3,RENT,South,532,21502.3,8
1333,52,63061.85,1.6,RENT,East,618,9321.78,6
1334,44,125968.24,2.2,RENT,South,670,55994.95,5
1335,46,94017.22,15.4,RENT,South,678,5904.16,2
1336,63,31886.02,11.1,OWN,South,733,14073.88,2
1337,47,80648.91,6.5,RENT,South,850,23657.52,5
1338,49,84642.07,9.8,OWN,West,516,27813.93,4
1339,74,63416.77,11.3,MORTGAGE,West,698,22031.88,5
1340,38,95388.39,3.9,RENT,West,697,14416.45,9
1341,31,59518.18,2.7,RENT,North,661,13879.7,5
1342,46,59888.15,14.4,RENT,South,712,10890.73,6
1343,46,57562.14,0.6,OWN,West,683,5306.17,5
1344,35,19749.39,9.9,RENT,West,604,1584.8,4
1345,29,52041.71,7.6,OWN,South,670,5313.98,2
1346,69,38788.33,13.4,RENT,South,696,8673.06,6
1347,45,29934.77,10.2,RENT,West,679,9705.67,5
1348,32,110969.33,9.8,RENT,West,712,27305.07,3
1349,52,69710.33,2.9,MORTGAGE,South,639,33418.56,8
1350,40,53374.29,11.6,MORTGAGE,North,850,21458.92,4
1351,38,40847.39,9.1,OWN,West,684,17110.18,7
1352,48,62823.52,3.3,RENT,East,729,7756.56,7
1353,25,88940.07,7.0,RENT,North,654,49134.55,7
1354,45,35829.15,2.4,MORTGAGE,South,667,13965.24,6
1355,64,54045.73,5.8,MORTGAGE,East,683,5805.94,8
1356,47,83619.6,27.3,OWN,East,554,16008.44,5
1357,36,20578.44,2.8,RENT,West,581,9690.32,11
1358,35,52639.13,1.6,MORTGAGE,North,617,3425.56,5
1359,36,43710.97,2.2,RENT,North,619,16556.27,8
1360,38,50669.79,5.8,OWN,East,592,14832.38,3
1361,36,42158.25,10.7,RENT,North,663,16033.47,5
1362,52,58035.62,6.9,OWN,South,771,21169.37,1
1363,20,141749.06,1.9,RENT,South,718,8507.14,4
1364,51,46075.6,10.6,MORTGAGE,South,581,23625.02,8
1365,36,62683.62,0.9,OWN,West,604,19540.03,4
1366,46,146880.29,2.1,OWN,North,684,62207.54,5
1367,27,41150.54,4.1,MORTGAGE,West,560,3150.06,7
1368,57,134233.71,14.0,RENT,East,728,28687.48,7
1369,56,54320.75,7.1,OWN,South,765,6647.62,7
1370,53,132051.61,7.3,MORTGAGE,West,665,77012.45,5
1371,23,78834.07,1.9,MORTGAGE,North,690,38773.0,6
1372,51,63168.07,4.5,RENT,West,646,9580.6,8
1373,46,52427.4,12.6,RENT,North,625,18625.74,6
1374,22,39655.28,4.0,RENT,West,671,2904.39,2
1375,41,56268.82,10.9,MORTGAGE,North,625,8677.54,3
1376,45,84853.43,6.5,RENT,East,631,39279.32,3
1377,48,53822.36,12.7,RENT,North,556,2488.21,8
1378,43,46244.07,1.9,OWN,South,668,11841.17,10
1379,44,47791.77,5.7,MORTGAGE,North,740,12509.8,6
1380,59,88986.35,9.6,OWN,North,739,46800.93,4
1381,56,99965.53,1.3,RENT,North,799,18119.58,2
1382,18,38809.67,0.0,RENT,North,609,27304.32,2
1383,37,38781.79,19.0,MORTGAGE,East,716,9101.0,7
1384,39,65491.75,7.1,RENT,South,600,7611.04,5
1385,20,116281.13,1.2,MORTGAGE,North,750,1297.25,12
1386,42,96085.64,7.0,RENT,West,808,35229.29,8
1387,56,28971.67,2.1,MORTGAGE,East,680,6958.54,4
1388,28,47475.17,2.9,RENT,South,781,2954.53,10
1389,45,34019.81,14.3,MORTGAGE,South,609,11355.5,9
1390,30,47393.66,4.2,OWN,South,655,9454.08,5
1391,33,120837.87,4.2,RENT,East,638,42504.72,7
1392,59,26600.88,2.0,MORTGAGE,West,644,3997.35,7
1393,34,24114.47,5.0,MORTGAGE,East,656,6049.98,5
1394,47,35800.71,7.5,MORTGAGE,West,655,9612.93,5
1395,19,62545.86,1.0,RENT,East,643,15804.69,10
1396,63,73893.3,25.2,RENT,West,648,25722.58,10
1397,48,67421.84,2.6,MORTGAGE,East,703,18207.16,5
1398,39,97522.92,2.6,MORTGAGE,East,682,29843.88,7
1399,48,22436.79,4.8,MORTGAGE,East,554,4027.2,7
1400,24,98141.76,6.0,RENT,West,561,11393.91,9
1401,55,46348.88,11.0,OWN,North,622,4130.92,7
1402,37,78100.14,4.1,RENT,North,588,35531.74,6
1403,39,27953.21,4.1,RENT,North,585,3566.1,10
1404,35,54310.8,2.5,MORTGAGE,South,640,5612.41,6
1405,34,60969.89,4.7,MORTGAGE,West,664,53536.49,4
1406,49,96555.72,5.5,MORTGAGE,East,646,30554.85,9
1407,44,24523.15,10.7,RENT,North,792,14623.4,5
1408,49,55015.83,9.1,RENT,South,582,13238.47,8
1409,41,31488.65,4.6,MORTGAGE,North,733,1706.0,9
1410,47,69755.25,17.7,RENT,West,669,1604.13,9
1411,36,79906.16,3.6,MORTGAGE,West,640,39931.26,10
1412,68,103113.45,1.6,MORTGAGE,North,737,9700.31,5
1413,22,41460.04,4.0,RENT,South,628,7349.59,3
1414,56,86130.02,13.6,MORTGAGE,West,632,17628.95,3
1415,57,106985.74,6.3,OWN,East,823,46828.91,5
1416,31,23822.28,2.0,OWN,West,484,7003.95,7
1417,68,73583.23,7.3,RENT,South,665,11271.03,5
1418,53,87487.89,8.0,MORTGAGE,North,702,11869.03,2
1419,53,47602.32,8.7,OWN,East,763,2303.11,4
1420,41,29572.89,7.4,MORTGAGE,North,618,17054.78,4
1421,38,86810.07,14.9,RENT,West,850,20884.02,11
1422,38,29739.92,2.4,RENT,West,699,702.38,4
1423,46,49554.3,0.1,MORTGAGE,South,501,18282.2,3
1424,58,53100.31,0.9,MORTGAGE,South,567,12216.52,8
1425,43,77479.53,1.9,OWN,West,701,51985.49,9
1426,30,39603.95,12.0,OWN,West,577,16366.41,5
1427,51,38472.85,5.0,RENT,South,695,5381.05,5
1428,52,56923.17,18.6,MORTGAGE,West,640,19762.55,5
1429,49,89607.58,2.2,RENT,North,606,13696.85,10
1430,50,170029.12,18.4,RENT,West,648,70034.92,6
1431,38,25495.55,3.0,RENT,East,699,8693.53,4
1432,30,63428.65,5.5,OWN,North,535,7776.3,2
1433,31,31468.19,1.2,RENT,East,721,15926.53,5
1434,21,90165.81,3.0,MORTGAGE,East,766,22145.01,7
1435,44,33885.0,6.1,RENT,East,628,3645.35,5
1436,40,38664.45,22.0,RENT,South,558,6941.45,5
1437,36,40350.72,14.1,MORTGAGE,East,697,1621.71,6
1438,18,52151.1,0.0,RENT,West,634,16303.67,7
1439,26,63678.28,3.4,RENT,South,570,9230.15,4
1440,54,68999.24,12.4,MORTGAGE,North,813,14062.05,5
1441,33,54020.36,6.7,OWN,West,608,7701.11,5
1442,45,27862.99,3.3,MORTGAGE,East,540,9667.2,9
1443,24,77955.47,6.0,OWN,South,705,9063.82,6
1444,58,52760.64,0.7,RENT,West,664,13551.62,1
1445,39,96845.03,8.8,RENT,North,797,65380.77,10
1446,44,38030.0,10.1,RENT,West,629,13112.96,5
1447,69,24315.34,2.2,OWN,South,612,3791.67,4
1448,59,53262.46,15.2,RENT,North,693,6656.67,10
1449,37,103567.24,13.0,RENT,West,710,21896.47,8
1450,34,58716.21,8.2,OWN,West,689,27847.02,4
1451,37,49028.9,2.8,OWN,North,685,22087.84,4
1452,47,35060.36,10.5,RENT,West,664,25631.18,5
1453,40,130468.0,4.8,MORTGAGE,West,676,21133.29,6
1454,36,32376.84,7.6,RENT,West,708,3780.28,8
1455,59,37695.76,11.2,MORTGAGE,North,630,12016.33,3
1456,40,72042.9,1.6,MORTGAGE,North,738,6438.16,3
1457,69,21418.06,1.1,OWN,West,730,9639.62,4
1458,42,102466.92,4.4,RENT,West,648,52709.58,7
1459,62,74020.44,23.0,MORTGAGE,North,850,15100.16,6
1460,45,84932.79,26.7,RENT,South,638,19098.55,6
1461,53,71614.91,8.6,MORTGAGE,North,632,19018.1,6
1462,32,49983.0,13.3,MORTGAGE,South,705,13928.68,7
1463,31,31838.31,6.4,MORTGAGE,East,680,12015.28,2
1464,47,50511.8,7.1,OWN,North,672,6511.51,9
1465,53,33269.02,5.5,MORTGAGE,East,708,14486.94,4
1466,41,69083.95,14.4,MORTGAGE,East,697,36253.78,5
1467,26,81096.08,8.0,RENT,South,831,16939.91,3
1468,25,113369.12,6.9,OWN,West,696,35078.69,7
1469,24,65243.64,6.0,MORTGAGE,North,618,19508.16,7
1470,20,86015.92,2.0,RENT,North,650,50539.31,4
1471,42,46696.65,19.1,MORTGAGE,South,697,15336.13,4
1472,55,42653.36,12.1,RENT,South,694,2531.57,9
1473,41,68654.09,2.7,MORTGAGE,South,694,48940.75,2
1474,18,44656.88,0.0,RENT,West,603,8364.43,7
1475,39,61981.6,0.4,RENT,South,753,7917.52,1
1476,39,31869.47,17.8,OWN,South,784,9654.33,6
1477,66,34863.17,13.6,OWN,West,654,10203.24,6
1478,24,74436.72,6.0,MORTGAGE,West,809,8390.09,6
1479,36,84401.89,6.8,OWN,South,748,11810.66,5
1480,61,33096.14,6.0,RENT,North,806,14384.34,3
1481,46,75758.59,2.8,RENT,South,716,32497.2,7
1482,48,41507.61,21.4,OWN,North,669,2933.34,8
1483,42,54625.31,6.7,MORTGAGE,South,729,3703.91,3
1484,45,110026.03,2.8,MORTGAGE,East,668,44192.37,5
1485,50,81124.77,20.5,RENT,South,715,12934.0,2
1486,31,80654.99,9.4,RENT,South,779,9169.07,8
1487,52,140701.4,9.8,RENT,West,766,48754.66,6
1488,25,38103.46,7.0,OWN,North,654,7735.34,8
1489,45,33092.52,10.8,RENT,North,664,5748.75,3
1490,43,37757.48,3.9,MORTGAGE,West,709,8229.0,2
1491,34,47703.0,10.8,RENT,North,716,12519.89,5
1492,41,16692.67,3.1,MORTGAGE,North,675,2916.08,3
1493,34,48839.07,4.6,RENT,North,690,12853.72,5
1494,28,41262.72,8.4,MORTGAGE,East,601,18794.42,9
1495,37,80168.01,13.1,MORTGAGE,East,639,51402.17,11
1496,28,64615.51,4.1,RENT,South,709,23140.14,6
1497,45,40120.86,5.9,RENT,South,716,13247.57,7
1498,27,72764.28,5.8,RENT,South,731,22476.31,5
1499,50,77779.37,14.7,MORTGAGE,North,637,32556.45,5
1500,27,36891.16,6.8,OWN,West,644,13145.67,6
1501,34,42340.01,16.0,RENT,West,578,5109.01,8
1502,34,17806.49,4.6,MORTGAGE,South,528,8749.71,8
1503,57,31403.35,4.3,RENT,South,654,4377.46,9
1504,45,37375.3,17.6,OWN,West,750,7576.26,6
1505,38,56223.11,10.1,OWN,North,678,25977.68,5
1506,47,33769.34,17.1,MORTGAGE,South,785,17421.98,6
1507,18,41909.76,0.0,RENT,West,648,11850.46,4
1508,40,29358.42,6.7,RENT,North,648,7976.86,8
1509,65,59015.59,8.4,OWN,North,604,16154.43,4
1510,43,67027.44,8.0,RENT,South,654,11055.38,6
1511,42,66249.47,5.9,MORTGAGE,East,595,9414.1,8
1512,48,54512.24,7.9,OWN,East,562,17532.8,7
1513,52,25070.91,8.2,MORTGAGE,North,557,2133.89,2
1514,18,39736.41,0.0,MORTGAGE,East,664,6384.64,10
1515,21,44194.1,3.0,MORTGAGE,North,610,7320.51,3
1516,44,44282.83,20.7,OWN,West,627,7529.63,11
1517,32,56246.02,11.4,RENT,North,700,27245.08,5
1518,57,110499.99,9.1,OWN,North,590,33925.47,6
1519,37,81311.94,6.3,RENT,East,692,9336.54,5
1520,18,33065.35,0.0,MORTGAGE,North,710,7353.6,8
1521,26,76054.19,8.0,OWN,East,749,12828.68,6
1522,18,74619.06,0.0,MORTGAGE,North,719,3682.71,7
1523,38,36205.5,13.8,RENT,South,650,12191.24,7
1524,39,82820.67,4.8,RENT,North,643,34887.96,8
1525,36,50001.67,18.0,OWN,South,661,20514.6,4
1526,54,26769.63,7.7,MORTGAGE,North,758,13626.02,3
1527,55,68023.01,14.0,RENT,South,698,17924.74,10
1528,39,60384.09,11.3,OWN,North,667,4962.57,5
1529,18,48347.08,0.0,OWN,West,705,10234.47,6
1530,48,53171.27,17.1,OWN,East,673,10331.4,8
1531,48,37814.85,3.6,MORTGAGE,North,671,6701.75,7
1532,45,73501.81,4.6,OWN,North,665,9694.75,6
1533,53,53012.06,4.9,OWN,North,640,12809.52,7
1534,27,58878.1,1.4,RENT,North,743,21792.96,9
1535,65,64768.26,7.9,OWN,South,541,29691.39,11
1536,29,30415.49,11.0,MORTGAGE,South,680,6261.97,7
1537,50,34643.26,17.9,OWN,West,619,3634.81,9
1538,21,17944.3,3.0,MORTGAGE,West,492,10828.71,7
1539,30,71852.53,6.8,MORTGAGE,North,613,5950.95,4
1540,59,29551.65,11.9,RENT,North,643,7259.83,13
1541,38,57889.13,6.1,RENT,North,680,13064.29,6
1542,51,65218.22,15.5,RENT,North,729,7031.3,1
1543,44,73216.52,6.5,MORTGAGE,South,739,46957.67,7
1544,40,29672.96,3.1,OWN,North,538,2833.41,7
1545,57,52439.7,8.1,RENT,North,695,14857.1,3
1546,38,124883.95,1.7,RENT,North,754,24287.55,8
1547,20,127664.03,2.0,MORTGAGE,East,720,32955.65,7
1548,31,88757.35,9.2,RENT,North,725,33457.02,6
1549,48,64135.07,3.6,RENT,West,541,27969.73,3
1550,46,32775.84,8.9,RENT,South,581,7351.93,9
1551,22,77599.08,4.0,MORTGAGE,South,780,4000.13,9
1552,32,50060.59,3.5,MORTGAGE,South,647,25086.44,9
1553,34,71701.3,1.5,OWN,South,837,39645.23,4
1554,37,39481.14,1.9,RENT,South,568,10055.5,4
1555,24,49688.73,6.0,RENT,South,776,17215.72,8
1556,33,58810.38,5.3,MORTGAGE,South,631,14521.25,7
1557,32,61275.73,9.0,OWN,South,735,18783.08,7
1558,50,69345.83,5.9,RENT,North,659,17998.45,8
1559,51,40554.52,19.8,OWN,East,667,23799.7,1
1560,39,27677.02,3.5,MORTGAGE,East,685,8046.27,5
1561,36,122075.2,7.2,OWN,East,660,49873.09,8
1562,43,188080.83,4.5,RENT,West,776,79767.46,7
1563,31,67758.85,13.0,RENT,South,660,10771.28,3
1564,27,27945.29,8.9,RENT,West,656,1402.44,7
1565,30,36805.5,7.0,MORTGAGE,South,469,5180.68,4
1566,33,69881.68,2.2,OWN,South,657,6297.13,3
1567,27,105932.55,9.0,MORTGAGE,East,785,61348.7,5
1568,43,29541.6,6.0,RENT,North,694,5314.47,2
1569,50,50910.96,3.0,RENT,North,730,18935.48,3
1570,22,59752.48,1.5,MORTGAGE,South,678,10905.13,6
1571,41,83473.89,1.8,OWN,North,805,19542.07,7
1572,38,45624.47,7.0,RENT,North,683,23774.39,10
1573,45,24787.45,14.0,MORTGAGE,West,593,16577.8,3
1574,41,73909.66,8.5,MORTGAGE,South,742,6591.35,5
1575,24,95072.78,1.6,OWN,North,757,35074.81,6
1576,26,51984.68,6.9,OWN,North,712,3067.49,3
1577,41,66344.76,17.0,RENT,West,650,17544.09,8
1578,53,42734.18,5.2,MORTGAGE,West,680,14730.48,10
1579,18,35493.81,0.0,OWN,East,751,3868.11,3
1580,45,90509.75,5.3,OWN,North,724,26392.99,8
1581,55,65758.74,9.9,MORTGAGE,South,574,7869.69,6
1582,39,69229.63,3.4,RENT,South,636,8158.86,9
1583,48,114812.72,0.1,MORTGAGE,West,653,61216.63,6
1584,33,31970.82,2.3,MORTGAGE,South,596,18399.15,7
1585,40,41109.19,4.6,RENT,West,511,25535.09,6
1586,22,58627.94,4.0,OWN,South,805,19244.74,4
1587,18,40857.41,0.0,RENT,West,597,10684.27,3
1588,52,80143.04,4.7,OWN,South,629,13420.44,8
1589,29,49330.63,11.0,RENT,South,530,3993.09,7
1590,36,32982.54,2.7,RENT,South,711,20617.08,8
1591,24,55987.62,6.0,MORTGAGE,East,665,8672.44,4
1592,24,58992.72,1.7,MORTGAGE,West,649,22786.18,7
1593,39,86451.69,11.4,OWN,South,668,25159.15,2
1594,32,65944.61,8.3,MORTGAGE,West,719,31476.25,6
1595,46,68225.47,25.5,RENT,South,646,25377.36,5
1596,46,63585.82,2.6,OWN,South,537,10855.87,5
1597,45,49310.32,20.5,MORTGAGE,South,576,6177.72,7
1598,44,37869.09,2.9,RENT,North,562,2233.71,5
1599,60,62593.65,5.1,OWN,West,695,4616.76,6
1600,28,45864.08,2.0,RENT,North,728,4444.48,3
1601,40,126110.19,22.0,RENT,South,806,15869.5,4
1602,55,105989.06,9.3,MORTGAGE,South,582,47796.83,4
1603,56,74341.12,9.4,MORTGAGE,East,726,18079.92,6
1604,24,65462.55,3.2,MORTGAGE,West,635,32467.81,7
1605,37,51845.35,0.5,OWN,West,850,16299.55,8
1606,57,28837.68,5.0,RENT,South,742,5946.91,7
1607,47,48626.01,4.2,OWN,South,785,12994.37,2
1608,43,56993.93,1.0,RENT,North,728,10571.93,7
1609,38,60762.51,5.2,RENT,West,701,21086.81,3
1610,36,68512.27,7.0,RENT,North,651,10682.24,8
1611,44,85876.47,9.8,RENT,West,646,14858.07,3
1612,38,38327.5,0.6,RENT,West,600,7911.31,9
1613,40,38501.87,2.1,OWN,East,700,2450.32,4
1614,42,111907.55,3.3,OWN,West,808,62250.2,3
1615,33,79657.45,14.6,MORTGAGE,South,660,24582.86,6
1616,47,44561.01,14.4,RENT,South,612,22075.06,12
1617,75,51348.68,8.9,OWN,South,564,17386.99,4
1618,20,51464.27,2.0,RENT,North,685,15946.72,6
1619,45,55038.44,15.2,MORTGAGE,East,757,18536.81,2
1620,32,68620.15,8.1,MORTGAGE,South,769,7428.89,4
1621,48,192431.66,14.6,RENT,West,817,51215.07,3
1622,42,59568.27,9.2,MORTGAGE,West,703,7248.32,8
1623,50,75455.55,1.2,OWN,North,690,39735.65,2
1624,55,23312.89,0.5,RENT,North,726,4115.31,5
1625,43,42512.35,4.7,MORTGAGE,South,583,6150.04,7
1626,55,100148.31,12.5,OWN,North,664,20777.27,6
1627,18,66247.81,0.0,RENT,East,798,6070.67,6
1628,60,15000.0,17.2,RENT,East,543,1387.45,5
1629,46,75887.83,11.7,MORTGAGE,East,681,38519.81,5
1630,54,141362.42,16.2,OWN,South,753,29421.19,8
1631,26,19971.19,4.8,RENT,West,636,2146.65,6
1632,31,115808.57,2.8,MORTGAGE,East,781,26054.58,10
1633,43,15000.0,2.4,RENT,West,725,8116.93,8
1634,41,86595.18,9.9,OWN,West,722,9917.5,7
1635,44,53942.59,1.3,OWN,East,767,27302.93,4
1636,54,16730.93,1.4,MORTGAGE,North,558,2416.67,5
1637,20,67715.4,2.0,OWN,West,668,11749.64,9
1638,53,96318.9,7.9,MORTGAGE,South,850,31770.82,6
1639,41,64987.06,3.4,OWN,South,813,35790.19,5
1640,39,72577.76,14.4,RENT,South,592,9456.94,6
1641,23,44097.66,5.0,RENT,South,661,9077.29,9
1642,47,21360.64,0.2,OWN,North,642,4788.03,3
1643,18,76567.81,0.0,RENT,North,713,17594.25,4
1644,49,129946.35,4.2,RENT,West,794,92864.29,9
1645,23,95300.51,5.0,MORTGAGE,East,821,27007.24,4
1646,42,20051.56,9.6,MORTGAGE,West,633,1614.42,5
1647,40,25401.23,7.6,RENT,West,718,7897.7,7
1648,55,35490.35,6.0,RENT,South,698,16283.9,3
1649,39,24428.66,1.4,RENT,West,637,7738.72,4
1650,33,55386.71,15.0,RENT,East,552,18024.25,6
1651,35,65953.68,2.1,RENT,South,749,14691.5,9
1652,56,26499.29,20.6,MORTGAGE,West,684,10587.09,8
1653,47,79902.64,11.0,MORTGAGE,West,713,19114.07,11
1654,36,73170.82,4.4,RENT,North,613,9499.58,4
1655,38,41188.75,3.8,RENT,West,796,12883.14,7
1656,22,49698.95,1.3,MORTGAGE,North,677,1549.59,1
1657,46,20436.94,6.9,RENT,West,551,9316.1,4
1658,20,45883.87,1.3,RENT,East,572,10298.17,5
1659,50,54376.78,15.0,RENT,North,718,12200.36,5
1660,43,58945.81,8.2,MORTGAGE,West,723,24279.18,6
1661,70,65475.97,6.5,RENT,South,645,20115.71,7
1662,28,61213.37,7.2,RENT,North,707,6835.55,3
1663,40,47468.81,8.5,MORTGAGE,West,711,11585.19,6
1664,63,62510.98,5.1,OWN,West,686,12242.79,5
1665,55,89412.52,5.6,MORTGAGE,South,641,16665.61,3
1666,33,51650.28,15.0,OWN,East,735,6689.88,12
1667,44,63500.14,13.9,MORTGAGE,North,735,24955.21,4
1668,41,49360.93,10.7,RENT,South,706,30160.94,6
1669,44,39207.39,4.4,RENT,East,599,17840.53,8
1670,33,70364.2,0.8,RENT,North,587,32539.85,5
1671,40,41043.47,9.8,RENT,South,664,3141.81,4
1672,22,65714.41,4.0,RENT,West,743,2329.69,4
1673,43,54947.18,5.5,RENT,West,743,11346.96,6
1674,46,46538.38,6.3,MORTGAGE,East,705,13655.52,6
1675,38,45978.47,2.2,MORTGAGE,East,632,27014.54,5
1676,22,42021.62,2.9,RENT,West,604,4704.28,5
1677,53,23791.87,14.0,MORTGAGE,West,636,5113.01,2
1678,45,65607.65,0.5,RENT,North,677,25371.07,7
1679,32,60826.05,12.6,MORTGAGE,South,752,6468.76,5
1680,38,82853.99,17.8,MORTGAGE,North,653,14391.2,6
1681,23,41534.16,5.0,RENT,North,632,8502.55,4
1682,29,139761.38,9.3,RENT,South,850,26874.89,4
1683,35,44807.55,2.9,OWN,East,771,20471.95,4
1684,56,34976.97,3.3,MORTGAGE,West,591,5718.14,2
1685,33,32963.55,4.7,MORTGAGE,West,753,13564.4,9
1686,49,22766.35,1.8,RENT,South,557,7591.4,5
1687,35,116577.78,3.1,RENT,South,670,13914.43,12
1688,44,107530.92,7.2,RENT,North,675,15979.49,8
1689,39,73157.69,4.4,OWN,North,677,8336.2,5
1690,51,34612.0,7.7,RENT,North,695,1765.06,7
1691,35,134005.19,13.9,RENT,West,714,39515.09,4
1692,22,45439.65,4.0,OWN,North,706,12505.61,4
1693,24,47357.81,6.0,MORTGAGE,West,636,26079.84,9
1694,35,111149.29,1.2,RENT,South,725,7975.84,6
1695,26,75316.56,8.0,MORTGAGE,South,689,16262.28,6
1696,46,162844.59,1.2,MORTGAGE,West,617,40232.58,5
1697,35,61350.66,4.2,OWN,West,709,18954.2,7
1698,69,44421.75,2.3,RENT,North,669,19062.49,3
1699,20,39898.64,0.8,MORTGAGE,West,608,16893.36,8
1700,43,21514.92,7.3,RENT,South,603,9615.78,9
1701,27,47131.75,9.0,OWN,West,636,6148.56,3
1702,35,96018.55,17.0,OWN,North,676,53953.34,4
1703,43,73087.83,8.1,OWN,South,805,45819.88,14
1704,18,54729.27,0.0,OWN,East,817,12587.32,3
1705,44,32942.96,4.3,MORTGAGE,West,459,8474.01,8
1706,64,60684.07,1.0,RENT,West,709,31134.59,5
1707,36,89895.83,4.8,RENT,South,757,30533.02,6
1708,44,67195.37,6.4,RENT,West,663,22567.01,6
1709,53,58886.53,9.6,MORTGAGE,South,738,9829.7,3
1710,39,36370.79,11.6,RENT,North,770,29961.2,10
1711,34,83582.62,9.4,MORTGAGE,North,591,22397.79,7
1712,18,15000.0,0.0,MORTGAGE,North,628,6964.86,8
1713,49,65606.03,2.1,OWN,North,815,10541.78,4
1714,40,195861.1,11.0,RENT,East,635,94529.92,4
1715,29,25484.18,0.8,MORTGAGE,North,632,13611.67,11
1716,43,48017.23,24.2,MORTGAGE,East,634,26448.06,10
1717,34,53962.49,3.3,OWN,North,743,22254.11,8
1718,35,42989.39,15.1,MORTGAGE,East,744,11536.43,4
1719,48,90961.09,3.9,RENT,South,702,62677.35,5
1720,25,68612.19,7.0,RENT,South,682,21987.81,10
1721,54,58463.05,2.1,OWN,East,553,5176.77,7
1722,24,80711.49,6.0,MORTGAGE,West,786,43173.66,2
1723,33,54632.02,1.0,OWN,West,646,11857.05,7
1724,64,250000.0,8.5,MORTGAGE,South,721,75172.53,9
1725,55,58435.18,2.1,MORTGAGE,West,741,1760.46,5
1726,42,59733.07,2.4,MORTGAGE,East,688,20142.04,5
1727,30,23034.91,4.6,OWN,West,706,5851.35,2
1728,35,41285.84,5.4,OWN,North,701,10801.19,7
1729,42,96152.32,9.7,RENT,North,707,11412.96,4
1730,41,27785.56,9.0,RENT,North,665,10522.06,8
1731,40,18420.54,7.3,RENT,West,548,2220.12,4
1732,41,55058.84,12.6,RENT,North,660,15255.55,6
1733,38,107513.56,8.8,OWN,North,773,28240.56,8
1734,24,55336.64,6.0,OWN,East,608,20175.85,9
1735,35,45795.34,2.4,RENT,West,613,10931.05,8
1736,52,21391.65,13.3,RENT,East,571,5626.84,8
1737,25,67922.8,7.0,MORTGAGE,East,690,18936.91,13
1738,39,75405.66,7.6,OWN,North,781,25845.25,3
1739,31,22228.57,11.8,MORTGAGE,West,673,9361.74,3
1740,42,95536.75,6.3,RENT,North,540,28221.45,9
1741,36,79447.19,18.0,RENT,South,731,42562.06,8
1742,59,95430.93,7.1,MORTGAGE,South,662,23108.88,4
1743,47,72530.51,6.2,MORTGAGE,North,717,10705.37,3
1744,25,75119.94,7.0,OWN,East,673,46875.94,6
1745,49,70288.29,21.4,OWN,East,620,28215.91,7
1746,32,83636.57,4.0,RENT,North,682,25852.54,6
1747,34,21820.85,8.4,RENT,North,603,6544.61,8
1748,45,25577.55,4.3,RENT,North,662,5106.75,4
1749,35,37496.24,6.2,RENT,North,593,2731.18,9
1750,52,50771.47,3.1,RENT,West,589,29044.04,8
1751,32,65779.83,9.1,RENT,East,729,38046.7,5
1752,34,63725.55,6.6,RENT,North,754,6600.48,7
1753,33,94707.92,11.6,OWN,North,733,49432.25,6
1754,34,96206.06,14.0,RENT,West,648,37959.77,9
1755,54,35024.65,15.5,OWN,West,601,4115.91,6
1756,49,61040.21,4.5,RENT,West,627,15455.56,5
1757,62,35457.29,8.8,RENT,North,715,7451.33,3
1758,68,49309.72,16.2,RENT,South,608,12718.78,6
1759,29,63633.52,3.0,RENT,North,738,12439.92,9
1760,42,15000.0,7.2,RENT,West,663,2117.97,2
1761,27,180885.95,3.2,OWN,South,805,46609.18,4
1762,32,71912.43,14.0,OWN,East,756,25545.06,5
1763,33,40221.15,15.0,RENT,North,696,7982.18,9
1764,28,142014.56,10.0,RENT,West,606,92243.74,5
1765,28,45537.18,9.9,RENT,North,706,14617.05,6
1766,39,57887.67,3.5,MORTGAGE,West,681,32160.58,8
1767,26,42465.28,8.0,RENT,North,634,4973.42,9
1768,51,123747.18,5.2,RENT,West,798,16688.45,4
1769,30,51405.87,3.8,OWN,North,657,11859.49,8
1770,75,58380.78,14.5,OWN,East,636,28165.6,11
1771,36,98902.63,4.8,MORTGAGE,West,773,31364.38,8
1772,42,72589.08,4.0,RENT,South,653,37922.11,5
1773,25,52724.0,7.0,RENT,North,628,2062.67,5
1774,61,94390.48,2.2,RENT,South,613,28630.57,3
1775,54,192767.8,10.1,MORTGAGE,South,663,163963.08,6
1776,45,63494.29,7.2,MORTGAGE,East,625,5797.18,7
1777,25,57433.33,7.0,RENT,North,716,15446.22,2
1778,44,59001.23,9.3,OWN,North,602,13318.46,2
1779,28,104319.62,10.0,MORTGAGE,South,566,24374.07,5
1780,59,40150.94,7.8,MORTGAGE,South,679,2234.47,7
1781,51,47138.31,4.8,RENT,North,620,28555.57,9
1782,42,25116.46,6.6,RENT,East,638,4574.32,5
1783,18,29973.41,0.0,RENT,North,736,2791.78,6
1784,29,41818.75,11.0,MORTGAGE,West,665,5500.16,4
1785,49,52682.13,10.5,RENT,West,775,5943.2,3
1786,56,131208.33,3.4,RENT,South,701,13260.38,9
1787,54,70827.06,36.0,MORTGAGE,West,751,17819.22,5
1788,22,34336.38,4.0,MORTGAGE,East,613,15655.38,4
1789,45,37647.05,3.2,MORTGAGE,East,663,16015.45,7
1790,53,107729.03,2.4,MORTGAGE,South,632,19083.9,3
1791,21,95159.07,2.0,MORTGAGE,East,636,25626.48,10
1792,41,54944.29,6.4,MORTGAGE,North,655,11296.68,6
1793,44,43422.66,6.6,RENT,South,568,8896.71,4
1794,37,95079.29,3.8,RENT,North,704,7633.08,5
1795,19,32969.44,1.0,RENT,South,629,5128.37,3
1796,37,65908.01,2.5,RENT,East,694,17105.84,11
1797,37,168776.31,10.7,MORTGAGE,North,624,44925.93,5
1798,39,60034.69,5.2,MORTGAGE,North,723,30759.8,2
1799,34,36761.09,2.8,RENT,West,773,16821.06,7
1800,36,66515.11,7.2,MORTGAGE,South,782,28629.67,5
1801,41,42830.07,8.3,MORTGAGE,North,794,16679.45,6
1802,46,26982.45,9.0,MORTGAGE,South,645,7989.32,4
1803,37,76919.75,7.0,OWN,West,659,52284.3,12
1804,36,94742.43,6.2,RENT,East,726,42425.23,5
1805,42,46376.43,15.4,RENT,East,647,5557.84,2
1806,18,44863.6,0.0,RENT,West,541,8233.26,5
1807,47,33497.21,5.6,MORTGAGE,East,708,15218.78,7
1808,41,50263.39,0.9,RENT,West,651,4042.83,5
1809,41,40897.16,5.0,OWN,East,556,11346.81,7
1810,53,32678.86,7.6,RENT,West,614,10556.26,4
1811,18,139536.91,0.0,MORTGAGE,East,693,94916.45,8
1812,18,68408.09,0.0,MORTGAGE,South,680,43798.06,7
1813,44,72128.0,7.5,RENT,North,683,16735.71,4
1814,41,84263.14,22.5,MORTGAGE,North,783,2174.75,6
1815,43,79659.62,9.5,MORTGAGE,South,595,25822.61,5
1816,35,44066.05,2.2,MORTGAGE,West,651,693.45,11
1817,49,62086.03,5.0,MORTGAGE,West,614,2229.0,4
1818,52,47357.7,9.7,MORTGAGE,West,753,8161.34,4
1819,47,67456.07,3.9,RENT,East,639,1474.39,6
1820,38,64269.82,8.1,MORTGAGE,West,653,8718.51,7
1821,18,44742.09,0.0,RENT,East,736,18667.15,5
1822,50,27871.24,6.3,RENT,South,736,5737.73,7
1823,56,58286.08,1.9,RENT,South,776,15509.86,8
1824,49,48916.27,3.6,MORTGAGE,South,551,5679.13,13
1825,30,21053.33,12.0,RENT,North,666,10543.98,6
1826,49,69830.83,4.7,OWN,North,699,24766.85,8
1827,51,87787.21,5.2,RENT,South,686,9312.06,5
1828,60,191794.21,5.2,RENT,North,725,44656.67,6
1829,30,44551.51,11.8,RENT,North,752,15237.82,5
1830,38,41383.77,5.4,RENT,West,732,4061.67,3
1831,50,31110.15,6.4,RENT,South,711,2266.1,5
1832,42,60133.41,7.5,MORTGAGE,West,689,6335.67,3
1833,28,59943.58,10.0,RENT,North,833,40330.68,6
1834,46,36110.96,6.4,RENT,West,626,5887.62,5
1835,48,49639.15,7.0,RENT,West,553,6415.29,5
1836,42,20144.11,4.1,RENT,West,612,2138.93,5
1837,44,86093.43,8.3,OWN,South,693,11138.25,9
1838,38,36851.82,10.1,RENT,East,746,6750.25,6
1839,59,53245.67,10.6,MORTGAGE,South,634,3792.32,6
1840,30,26546.5,12.0,MORTGAGE,South,676,16788.13,6
1841,34,40490.52,3.3,RENT,West,555,3929.38,6
1842,41,47108.3,6.6,OWN,North,740,10098.1,10
1843,52,53871.38,5.5,RENT,North,675,3560.67,5
1844,23,68862.45,5.0,OWN,West,660,6661.95,3
1845,25,111250.26,7.0,MORTGAGE,North,848,13981.04,6
1846,18,78147.67,0.0,RENT,East,760,62913.15,3
1847,41,87647.84,3.8,OWN,North,616,16629.36,3
1848,28,111641.94,4.9,RENT,South,691,9882.96,1
1849,36,72031.15,1.6,OWN,South,850,26907.77,8
1850,49,53191.1,7.0,OWN,South,808,23769.02,8
1851,33,89729.6,4.2,RENT,West,755,30253.09,8
1852,44,92642.63,22.2,RENT,West,562,9313.81,5
1853,37,74928.0,8.2,OWN,North,776,4316.54,7
1854,49,26178.3,4.8,RENT,South,596,10348.72,8
1855,47,35570.43,2.8,MORTGAGE,West,746,14264.41,9
1856,33,47220.01,6.2,RENT,North,614,2495.14,5
1857,39,80002.29,17.9,RENT,North,720,3476.63,7
1858,54,53601.2,5.5,MORTGAGE,South,625,16016.2,5
1859,46,95648.41,6.3,MORTGAGE,West,667,12831.66,6
1860,24,104570.66,6.0,MORTGAGE,South,740,31599.95,5
1861,49,98674.84,8.0,MORTGAGE,North,602,30666.46,4
1862,28,98989.62,10.0,RENT,West,850,41520.83,2
1863,58,32257.41,8.6,RENT,West,577,6904.3,9
1864,53,68962.47,8.3,RENT,East,604,29375.15,5
1865,44,39984.03,1.3,RENT,East,702,10924.25,8
1866,43,23753.06,2.4,RENT,West,727,7064.36,2
1867,38,46923.06,7.4,MORTGAGE,East,642,9781.8,5
1868,49,105068.57,3.0,RENT,West,621,9218.92,4
1869,37,68211.67,6.2,RENT,South,615,20241.89,3
1870,44,148583.84,2.2,MORTGAGE,North,638,81713.3,5
1871,51,59196.34,14.1,RENT,West,695,13944.44,7
1872,34,184222.84,3.3,OWN,East,714,78871.9,7
1873,34,59204.96,2.8,RENT,South,703,20673.25,10
1874,27,54788.75,1.7,RENT,East,696,15729.26,3
1875,28,28575.5,10.0,OWN,West,702,14846.62,6
1876,19,94398.59,1.0,MORTGAGE,South,664,15688.17,2
1877,50,42147.79,13.7,OWN,West,608,12219.78,5
1878,63,39201.73,4.1,RENT,North,668,18722.71,5
1879,58,102807.67,2.3,RENT,East,692,16867.29,9
1880,21,96675.12,3.0,MORTGAGE,West,711,39886.2,7
1881,50,95418.3,15.7,RENT,West,643,30817.64,3
1882,58,45202.35,1.3,MORTGAGE,West,708,7202.03,9
1883,36,52812.97,7.9,RENT,East,586,7611.22,8
1884,42,52579.04,8.5,RENT,South,638,11906.59,6
1885,18,80118.26,0.0,RENT,East,765,10832.13,2
1886,44,117804.57,3.1,MORTGAGE,South,622,36055.29,7
1887,28,65125.62,1.2,RENT,East,751,4892.29,6
1888,43,145429.33,4.5,OWN,South,611,33682.67,4
1889,22,84846.35,4.0,RENT,South,577,5705.56,4
1890,48,48175.23,6.5,MORTGAGE,South,561,2062.01,6
1891,53,81990.26,9.2,RENT,South,695,27705.73,3
1892,32,127130.59,2.5,MORTGAGE,South,755,6125.21,5
1893,27,147140.69,5.3,OWN,North,800,105720.78,10
1894,18,98070.87,0.0,MORTGAGE,South,779,27382.55,6
1895,38,54876.32,1.5,RENT,North,731,22029.03,5
1896,34,48613.35,6.7,MORTGAGE,West,607,18422.18,7
1897,22,72260.63,4.0,RENT,North,623,20315.19,4
1898,46,125114.83,28.0,MORTGAGE,West,759,7516.81,7
1899,36,67297.92,6.3,MORTGAGE,North,778,9946.93,7
1900,28,68000.2,10.0,RENT,West,607,26815.86,11
1901,34,55586.68,9.1,MORTGAGE,East,762,18050.12,7
1902,54,45984.26,5.7,MORTGAGE,West,529,26178.58,8
1903,48,49957.74,16.3,RENT,West,694,12840.7,5
1904,39,57971.86,2.2,RENT,East,665,24632.73,5
1905,48,127905.88,4.4,RENT,North,690,26830.2,6
1906,27,48057.0,9.0,MORTGAGE,South,667,10577.56,10
1907,41,55620.44,0.5,MORTGAGE,South,611,26829.87,4
1908,43,35147.58,6.2,RENT,West,684,2241.54,3
1909,35,77521.88,6.1,RENT,West,689,25455.34,2
1910,46,107295.24,7.7,RENT,South,763,33803.24,8
1911,32,122057.67,5.3,RENT,East,814,26644.92,2
1912,47,59974.95,11.7,RENT,South,683,12432.27,3
1913,48,72198.69,3.3,RENT,East,624,11810.99,6
1914,18,50172.63,0.0,RENT,East,587,33542.11,7
1915,55,70545.23,2.4,MORTGAGE,South,799,11683.46,9
1916,18,63385.0,0.0,MORTGAGE,West,786,26811.29,4
1917,34,55777.85,15.0,RENT,North,733,20108.91,10
1918,53,58039.37,3.0,MORTGAGE,West,677,13098.57,8
1919,37,67911.53,3.7,RENT,East,736,7609.63,8
1920,23,46766.56,5.0,RENT,South,755,10325.53,6
1921,28,47990.18,7.3,OWN,South,622,8667.75,3
1922,53,127221.0,1.2,MORTGAGE,North,706,48570.93,9
1923,18,210086.24,0.0,RENT,East,647,46749.87,10
1924,55,29667.77,10.3,RENT,West,637,12196.55,7
1925,40,28861.52,13.5,MORTGAGE,North,753,11277.83,7
1926,27,33571.19,8.0,RENT,North,726,15394.63,11
1927,34,51449.49,9.3,OWN,South,677,28628.06,7
1928,29,84786.39,11.0,RENT,South,499,26165.6,5
1929,51,72811.3,12.3,RENT,South,636,47308.1,6
1930,50,59042.66,5.1,MORTGAGE,East,681,24202.53,8
1931,20,70577.58,2.0,MORTGAGE,South,665,16846.25,8
1932,36,38328.8,14.6,MORTGAGE,West,658,8715.86,6
1933,31,47951.18,7.9,OWN,South,682,32323.18,10
1934,57,53634.76,7.0,OWN,East,632,21984.74,7
1935,25,24535.88,5.0,RENT,South,638,8309.35,5
1936,60,30313.39,14.2,RENT,South,636,8877.84,5
1937,41,30921.81,3.2,RENT,South,598,11283.48,6
1938,27,79384.16,4.4,MORTGAGE,East,815,31627.4,9
1939,33,61247.45,14.1,MORTGAGE,West,642,17069.16,6
1940,31,73536.02,13.0,RENT,North,524,31922.69,6
1941,26,21594.04,8.0,OWN,South,758,7095.55,4
1942,42,25802.24,6.2,RENT,East,581,13241.84,6
1943,26,75478.85,5.1,OWN,North,746,28329.73,5
1944,18,15000.0,0.0,OWN,West,571,6760.2,3
1945,36,99938.94,1.4,RENT,South,734,23637.19,3
1946,19,21771.16,0.7,RENT,West,630,6442.02,8
1947,32,82592.36,8.0,RENT,East,757,15820.91,5
1948,30,34742.11,4.8,OWN,North,637,841.0,3
1949,31,91532.73,3.4,RENT,East,645,41510.7,9
1950,65,250000.0,7.0,OWN,North,749,47460.38,6
1951,42,17385.84,8.1,MORTGAGE,East,598,4828.25,3
1952,44,76702.42,5.8,MORTGAGE,West,549,30685.85,9
1953,20,21936.75,2.0,OWN,East,592,6471.98,6
1954,33,67062.78,4.7,RENT,South,850,7082.84,5
1955,44,48855.09,10.9,MORTGAGE,South,538,9571.51,11
1956,29,57808.5,4.1,RENT,South,689,8192.73,3
1957,52,34343.12,2.8,RENT,East,635,3185.74,3
1958,27,80039.1,4.6,RENT,East,814,37313.04,6
1959,38,26260.5,7.7,RENT,South,563,8501.61,4
1960,34,100792.44,11.3,MORTGAGE,West,702,57147.72,3
1961,43,44151.18,21.9,RENT,West,710,16503.74,6
1962,33,26867.02,7.0,MORTGAGE,East,629,9333.77,9
1963,38,120266.86,18.2,RENT,South,648,27810.34,6
1964,38,52382.54,3.8,MORTGAGE,South,667,26568.09,6
1965,32,140620.21,3.3,OWN,South,686,45532.5,8
1966,47,99775.51,9.0,MORTGAGE,West,673,11378.67,8
1967,44,36349.19,10.0,OWN,West,719,4949.75,10
1968,40,51922.38,7.5,RENT,West,697,7382.86,7
1969,36,57556.31,18.0,RENT,North,711,12022.22,7
1970,51,116209.7,4.0,MORTGAGE,East,724,76281.17,4
1971,38,67424.17,15.9,RENT,West,746,24897.75,13
1972,37,59168.6,3.4,MORTGAGE,North,765,12662.23,6
1973,42,49023.75,10.6,MORTGAGE,North,646,7378.12,2
1974,61,52824.03,6.8,RENT,North,726,8061.59,5
1975,25,104015.59,7.0,OWN,East,605,29198.35,3
1976,50,54276.83,9.1,RENT,South,512,26540.55,9
1977,18,44466.94,0.0,MORTGAGE,North,790,23832.03,4
1978,44,40853.44,5.9,RENT,South,635,15529.34,11
1979,60,41073.46,1.0,MORTGAGE,West,677,14232.37,4
1980,47,26875.01,12.6,RENT,West,556,1379.18,3
1981,43,37227.85,2.0,OWN,West,566,5359.47,4
1982,34,114600.81,4.8,OWN,West,650,40097.2,4
1983,41,48859.32,8.4,MORTGAGE,East,711,28588.89,9
1984,38,77049.69,2.4,MORTGAGE,West,648,57673.64,10
1985,32,15687.54,5.9,MORTGAGE,South,597,7926.38,8
1986,38,71980.87,11.6,MORTGAGE,West,629,4987.57,5
1987,43,49977.27,4.7,MORTGAGE,West,748,3117.29,4
1988,32,42585.96,6.0,MORTGAGE,East,721,9664.81,8
1989,31,59306.84,2.9,OWN,South,640,30578.82,6
1990,25,42280.76,5.2,MORTGAGE,South,708,8211.23,7
1991,46,18733.39,2.1,RENT,South,610,6456.48,6
1992,48,85915.88,7.7,OWN,North,665,57118.11,9
1993,44,61175.91,1.6,RENT,North,671,31061.07,6
1994,53,46306.09,3.9,RENT,South,709,19540.36,7
1995,42,33419.92,6.8,OWN,North,588,9356.73,8
1996,46,25979.71,5.6,RENT,West,676,5821.26,2
1997,45,60593.71,8.7,RENT,East,849,19953.07,6
1998,40,121384.74,6.0,MORTGAGE,West,715,17623.73,3
1999,35,59969.01,1.0,OWN,South,677,21590.35,4
2000,68,27136.07,2.4,RENT,North,636,16072.59,4
2001,36,60630.8,6.6,MORTGAGE,South,708,3048.36,11
2002,33,52750.5,13.8,RENT,West,556,2684.51,7
2003,46,83451.58,12.2,RENT,North,806,29088.27,6
2004,44,73377.06,26.0,RENT,East,751,8430.0,9
2005,24,15000.0,4.3,RENT,North,574,3162.45,7
2006,54,71155.37,11.4,OWN,South,683,45257.9,2
2007,40,32802.51,10.8,MORTGAGE,North,611,7335.79,10
2008,28,26612.48,10.0,OWN,South,663,12442.85,6
2009,55,49304.14,15.4,OWN,North,671,11491.99,11
2010,49,66535.14,8.1,OWN,West,694,22886.13,10
2011,26,23852.22,8.0,MORTGAGE,North,565,7105.16,5
2012,62,77056.04,8.7,RENT,South,650,32957.18,6
2013,49,79353.63,6.4,OWN,North,765,9090.69,4
2014,41,55463.93,9.6,MORTGAGE,West,634,22709.04,3
2015,60,35108.14,7.5,RENT,East,468,1470.63,5
2016,43,33200.19,7.2,RENT,East,640,9314.42,11
2017,41,90487.42,19.3,RENT,South,850,15596.24,7
2018,33,25447.9,8.2,MORTGAGE,West,699,19059.11,4
2019,48,92247.94,7.0,MORTGAGE,North,650,34444.13,4
2020,47,49881.25,5.8,MORTGAGE,West,663,4799.15,13
2021,41,51641.6,5.4,RENT,West,716,18515.04,4
2022,32,23062.34,2.3,RENT,North,513,9328.25,6
2023,43,50344.35,6.4,OWN,North,607,11172.67,6
2024,40,73628.89,14.3,RENT,South,710,33053.76,5
2025,25,27772.32,4.2,RENT,North,755,4921.21,4
2026,23,69516.4,0.6,MORTGAGE,South,649,27413.24,6
2027,48,56642.01,9.3,OWN,South,781,13924.87,3
2028,18,39266.31,0.0,MORTGAGE,North,604,29251.8,5
2029,43,83061.5,19.1,MORTGAGE,East,450,20379.05,10
2030,35,18013.41,3.8,RENT,South,678,11415.73,8
2031,57,64430.37,2.1,OWN,East,715,6077.7,4
2032,35,121749.09,5.5,MORTGAGE,South,754,33607.07,9
2033,49,111298.56,4.9,MORTGAGE,South,748,6186.43,7
2034,36,65834.77,1.3,RENT,South,691,30034.11,5
2035,42,46590.86,7.0,MORTGAGE,West,646,21346.56,11
2036,50,39422.77,4.5,RENT,South,642,14692.38,6
2037,35,46561.86,16.7,MORTGAGE,East,632,9335.91,6
2038,53,71104.34,7.1,MORTGAGE,West,653,4750.69,6
2039,29,36184.21,3.4,MORTGAGE,East,527,22740.25,10
2040,45,79119.28,6.5,RENT,North,600,6724.33,10
2041,52,157405.45,7.6,OWN,North,701,38014.66,8
2042,49,52525.73,10.0,RENT,East,512,26785.47,11
2043,64,27661.66,6.7,MORTGAGE,East,503,6216.45,9
2044,32,27656.82,14.0,RENT,West,620,3429.99,6
2045,24,79880.16,2.2,RENT,East,677,25161.31,7
2046,29,52581.88,4.5,OWN,North,647,14847.52,5
2047,49,83986.84,3.4,RENT,West,521,11614.51,9
2048,47,41488.97,5.0,OWN,East,768,23551.45,7
2049,42,82068.68,8.3,RENT,West,586,22291.57,11
2050,28,50053.64,7.8,MORTGAGE,West,610,16574.65,9
2051,50,37561.99,9.8,RENT,South,567,6387.37,7
2052,26,44333.72,7.1,MORTGAGE,East,753,12732.23,5
2053,55,29776.44,7.4,OWN,East,676,6309.99,4
2054,75,146485.21,7.2,MORTGAGE,South,677,32591.65,8
2055,45,51627.47,4.7,RENT,South,630,22169.2,9
2056,48,74776.36,4.4,MORTGAGE,North,695,44579.4,4
2057,35,41421.92,3.4,MORTGAGE,North,572,6055.96,5
2058,19,32017.44,1.0,RENT,East,676,11005.04,3
2059,34,48197.37,0.7,MORTGAGE,South,627,17709.01,6
2060,28,93957.35,7.3,MORTGAGE,West,728,33141.41,6
2061,24,41757.49,6.0,MORTGAGE,South,694,4935.52,8
2062,62,35057.12,13.7,RENT,West,611,2042.22,3
2063,44,58555.61,0.5,RENT,East,529,10902.37,6
2064,46,69529.84,4.8,OWN,West,663,27851.5,8
2065,37,123182.72,3.5,MORTGAGE,South,601,69360.53,9
2066,39,64658.52,4.5,MORTGAGE,West,683,4062.37,7
2067,53,74756.87,15.6,OWN,South,665,30882.34,1
2068,41,77624.44,3.6,RENT,West,643,8576.63,5
2069,47,30439.38,11.5,RENT,South,556,20281.97,4
2070,39,33467.63,7.4,MORTGAGE,North,734,7119.32,2
2071,37,31509.74,4.3,MORTGAGE,East,617,14458.3,7
2072,24,27831.59,3.9,OWN,South,808,5741.47,7
2073,18,80638.38,0.0,MORTGAGE,South,688,48760.42,6
2074,38,62631.59,6.2,RENT,South,700,19240.77,6
2075,42,56373.14,1.2,RENT,North,674,11706.33,5
2076,26,15000.0,2.9,RENT,West,643,279.51,7
2077,41,151408.75,8.1,OWN,East,788,40554.44,5
2078,42,34643.45,2.2,RENT,North,729,19297.92,5
2079,18,151131.62,0.0,MORTGAGE,West,587,23937.74,5
2080,30,26248.9,1.6,RENT,East,701,10510.62,6
2081,46,36091.02,5.3,RENT,East,689,6856.65,3
2082,46,18008.07,10.4,RENT,East,628,2585.39,4
2083,27,64929.83,2.7,MORTGAGE,North,797,5066.57,11
2084,43,31237.41,2.0,RENT,North,771,7884.17,7
2085,53,31681.87,9.1,OWN,West,712,8853.85,8
2086,50,27275.47,11.7,OWN,West,605,14095.95,10
2087,40,79911.7,5.6,RENT,West,602,11558.36,5
2088,35,77321.85,4.7,OWN,North,737,40728.88,4
2089,33,134056.54,1.5,RENT,West,801,4966.36,11
2090,47,38451.26,6.9,RENT,South,514,2677.33,4
2091,43,60440.2,1.0,RENT,East,750,13704.6,5
2092,49,28433.76,15.8,OWN,South,626,983.74,16
2093,43,45820.21,5.8,MORTGAGE,West,537,6404.69,4
2094,51,41796.9,2.9,RENT,West,692,15787.83,5
2095,42,68338.25,3.9,MORTGAGE,South,743,9970.44,7
2096,50,90085.18,7.3,MORTGAGE,West,666,40189.19,7
2097,51,88923.64,4.5,MORTGAGE,East,616,22985.83,4
2098,31,35546.39,6.4,MORTGAGE,South,773,9605.96,3
2099,19,89253.32,1.0,OWN,South,643,4572.97,4
2100,60,52995.24,13.8,MORTGAGE,East,750,10832.19,6
2101,44,46060.06,4.0,RENT,South,558,9485.92,5
2102,20,38015.31,0.7,OWN,North,685,11154.39,5
2103,32,40946.93,4.8,RENT,West,686,29224.05,4
2104,50,129463.84,3.5,MORTGAGE,East,766,52403.62,4
2105,38,63177.62,13.2,MORTGAGE,West,781,10566.64,11
2106,35,59118.9,2.9,RENT,East,617,22795.87,5
2107,58,47518.6,4.4,RENT,South,701,10375.53,8
2108,28,184054.89,7.4,MORTGAGE,West,623,65652.32,8
2109,31,104037.35,9.8,OWN,North,600,17928.35,6
2110,44,37777.5,16.5,OWN,South,615,9108.72,7
2111,46,47249.27,3.2,MORTGAGE,East,693,19733.68,1
2112,47,48672.9,15.3,RENT,West,783,5739.97,3
2113,52,58275.44,12.9,RENT,South,803,1079.35,7
2114,43,38154.04,3.4,MORTGAGE,West,631,8989.81,4
2115,47,67467.97,3.1,RENT,West,700,25148.14,2
2116,38,111976.47,8.7,MORTGAGE,South,765,29207.14,6
2117,42,28090.48,6.3,RENT,South,697,6018.13,8
2118,42,30820.23,8.6,RENT,North,636,18097.4,6
2119,44,42549.39,4.9,MORTGAGE,East,666,12038.0,4
2120,50,43547.27,6.8,MORTGAGE,North,654,1587.82,6
2121,48,147153.71,5.8,MORTGAGE,South,695,44998.67,5
2122,42,89398.09,8.6,RENT,North,666,30817.09,1
2123,31,86869.4,3.0,OWN,West,681,37697.3,4
2124,42,47468.29,7.2,MORTGAGE,South,636,9393.35,7
2125,41,46950.23,16.3,MORTGAGE,South,585,12953.64,7
2126,43,26216.58,15.6,MORTGAGE,South,701,3347.95,5
2127,67,80087.1,7.8,RENT,North,722,43943.18,3
2128,35,69253.38,2.9,MORTGAGE,South,811,11000.23,9
2129,46,103053.0,21.6,MORTGAGE,West,722,32201.04,5
2130,54,48756.08,8.6,MORTGAGE,East,637,15520.61,6
2131,42,50468.79,20.2,MORTGAGE,South,623,1800.51,6
2132,69,58984.07,8.8,RENT,West,677,14865.12,6
2133,36,84621.93,0.4,OWN,North,727,31335.07,14
2134,45,25975.06,21.5,RENT,West,623,8295.58,7
2135,31,78278.48,11.6,RENT,North,582,34523.74,8
2136,37,53624.01,6.6,MORTGAGE,West,618,12496.02,5
2137,44,31910.21,1.2,RENT,West,650,17104.38,1
2138,51,19104.84,12.5,OWN,West,680,6903.36,6
2139,45,50602.85,8.7,RENT,North,563,20036.19,4
2140,56,111731.78,25.6,RENT,South,718,29606.91,2
2141,40,125159.27,18.9,RENT,West,719,54358.41,3
2142,37,64711.11,19.0,RENT,South,645,3181.94,7
2143,73,144495.38,7.7,RENT,South,668,54774.49,8
2144,46,53025.57,7.4,RENT,South,618,19197.03,5
2145,32,87260.38,8.8,RENT,North,699,2116.99,9
2146,33,43234.09,3.8,RENT,South,740,15565.0,7
2147,30,41885.73,6.8,RENT,North,744,12459.55,8
2148,52,38609.18,5.8,RENT,East,578,8136.52,5
2149,37,19336.22,15.0,RENT,South,616,4192.47,7
2150,43,103109.43,17.1,RENT,North,542,6173.56,6
2151,40,39308.02,10.6,RENT,North,665,5361.94,6
2152,50,36289.39,3.3,RENT,West,696,6323.04,8
2153,31,30031.86,13.0,RENT,East,756,8318.44,4
2154,28,48914.07,10.0,RENT,East,541,8752.47,7
2155,44,130842.05,8.4,OWN,West,629,42679.78,7
2156,48,154336.32,9.9,RENT,East,722,71310.56,9
2157,45,23613.33,1.8,RENT,South,523,7309.99,4
2158,31,45377.7,5.8,MORTGAGE,East,675,5927.99,3
2159,49,32299.95,15.8,MORTGAGE,South,693,6670.92,4
2160,32,88802.39,1.7,RENT,East,600,16749.13,3
2161,35,62523.44,1.7,MORTGAGE,North,685,27971.24,5
2162,30,39407.65,12.0,MORTGAGE,West,572,14736.74,3
2163,57,56178.34,9.4,OWN,South,768,39582.36,4
2164,49,42671.68,1.8,OWN,North,675,27632.86,6
2165,48,121433.62,5.4,MORTGAGE,East,657,24770.16,8
2166,56,71216.5,8.4,MORTGAGE,North,594,12306.99,3
2167,75,75728.64,7.7,RENT,South,711,31191.89,13
2168,20,15000.0,2.0,OWN,West,714,1635.77,9
2169,32,52397.05,5.0,MORTGAGE,West,615,20716.84,5
2170,34,153522.97,8.0,RENT,East,681,37141.37,6
2171,31,105141.73,10.6,RENT,South,644,21742.58,4
2172,28,21513.91,10.0,MORTGAGE,South,742,961.1,4
2173,37,46318.05,5.2,MORTGAGE,North,530,21565.63,10
2174,26,29710.04,8.0,OWN,East,736,1648.78,4
2175,45,127459.1,2.9,RENT,East,678,35247.9,9
2176,42,61214.49,3.9,OWN,North,670,13481.43,9
2177,47,36905.0,12.5,RENT,North,631,5275.1,8
2178,47,55109.59,11.1,MORTGAGE,North,687,11838.01,5
2179,48,15000.0,5.5,RENT,South,568,3777.36,6
2180,37,31492.96,3.8,RENT,North,722,12253.03,5
2181,66,55172.61,4.3,RENT,South,748,15337.41,4
2182,44,82688.65,10.3,RENT,South,618,45488.3,2
2183,19,20523.85,1.0,RENT,South,678,8160.36,4
2184,29,44775.77,3.6,OWN,North,637,7281.82,10
2185,20,89755.35,2.0,RENT,South,694,27304.62,5
2186,41,26219.88,5.4,MORTGAGE,West,748,2443.72,6
2187,40,60754.2,3.0,MORTGAGE,South,627,12952.52,7
2188,35,55993.3,4.7,RENT,South,736,14251.08,6
2189,65,127668.22,7.1,OWN,South,736,8707.94,9
2190,48,48287.69,10.8,MORTGAGE,North,652,8017.41,7
2191,50,49721.85,10.3,MORTGAGE,South,692,22623.7,7
2192,30,83073.4,6.2,OWN,South,704,35222.91,6
2193,29,27912.38,7.8,MORTGAGE,South,562,5431.06,6
2194,41,48511.61,5.8,OWN,West,623,31637.44,10
2195,43,43137.05,3.7,RENT,West,588,19166.51,4
2196,19,50541.2,1.0,RENT,South,648,19630.41,6
2197,39,82801.65,1.1,MORTGAGE,South,781,8484.4,6
2198,41,71473.41,17.3,RENT,West,722,10961.24,5
2199,38,37259.37,7.6,MORTGAGE,South,555,6011.35,8
2200,31,58008.78,9.2,RENT,West,654,2829.32,7
2201,35,114144.54,3.8,RENT,West,716,34870.22,5
2202,39,35750.41,7.6,OWN,South,705,4296.56,7
2203,42,58254.89,8.5,RENT,North,627,26273.96,6
2204,48,49188.72,5.6,RENT,North,580,16933.89,7
2205,54,52496.27,5.8,MORTGAGE,West,665,22964.43,4
2206,37,23972.71,2.1,MORTGAGE,South,677,3933.26,8
2207,36,109686.48,18.0,OWN,East,715,40869.99,3
2208,46,36784.21,3.7,RENT,South,593,19583.86,6
2209,48,90493.74,4.2,OWN,West,813,22801.36,8
2210,36,39708.15,18.0,MORTGAGE,West,651,13094.01,5
2211,50,39626.27,9.5,OWN,North,671,13002.95,3
2212,53,99365.64,10.9,RENT,South,648,43708.98,9
2213,57,89049.02,2.0,RENT,South,767,22915.99,9
2214,62,60134.14,7.5,MORTGAGE,West,714,12066.3,7
2215,31,79266.85,2.0,MORTGAGE,East,707,6398.82,8
2216,41,46897.69,3.3,RENT,South,584,7790.1,8
2217,41,53950.17,23.0,MORTGAGE,West,746,1782.68,4
2218,40,38917.05,2.8,MORTGAGE,South,710,17437.45,2
2219,33,85138.32,10.5,RENT,North,759,4005.82,9
2220,23,38303.38,3.0,MORTGAGE,West,659,14655.77,6
2221,42,113843.29,3.4,RENT,South,694,64723.55,5
2222,32,46262.31,14.0,OWN,West,651,24927.05,7
2223,42,54734.76,6.2,MORTGAGE,South,830,11025.47,7
2224,31,79170.89,1.9,MORTGAGE,East,647,8135.27,9
2225,28,54826.68,10.0,OWN,South,587,22306.99,8
2226,44,46678.82,15.1,MORTGAGE,South,638,5100.82,6
2227,43,53369.16,11.5,RENT,North,632,6492.51,8
2228,48,84703.24,5.8,MORTGAGE,East,776,33092.52,6
2229,67,38893.17,5.9,OWN,South,562,14677.76,4
2230,44,50862.52,4.4,RENT,South,628,32027.39,2
2231,47,54455.73,2.5,MORTGAGE,South,684,9616.82,8
2232,28,83474.18,8.4,RENT,South,776,19672.2,7
2233,26,51538.14,5.6,OWN,East,718,10264.22,3
2234,60,133806.44,2.0,MORTGAGE,East,819,13485.52,6
2235,30,50097.72,6.3,OWN,East,691,11173.67,6
2236,28,48105.81,3.8,MORTGAGE,South,651,9711.65,7
2237,41,49735.98,8.1,RENT,South,726,6732.27,8
2238,40,28048.19,7.5,MORTGAGE,North,548,9441.66,8
2239,30,32261.72,5.0,OWN,South,530,2772.8,6
2240,37,41550.57,6.5,RENT,West,728,7438.71,3
2241,56,95598.74,7.0,RENT,South,707,30356.71,8
2242,31,53286.43,12.5,MORTGAGE,West,737,38854.63,9
2243,24,42517.79,6.0,MORTGAGE,North,601,8400.73,2
2244,52,100034.2,4.5,RENT,East,784,5567.13,6
2245,47,117664.02,5.4,RENT,East,748,48999.19,5
2246,34,101487.53,16.0,RENT,East,693,18277.62,8
2247,22,35364.19,3.1,MORTGAGE,East,667,14833.79,9
2248,32,42292.95,5.7,MORTGAGE,North,684,23375.25,5
2249,40,134170.68,5.6,MORTGAGE,East,646,12893.08,12
2250,55,61118.5,5.8,OWN,South,648,13164.13,1
2251,29,47390.95,2.4,RENT,South,688,26086.74,8
2252,40,77588.46,5.4,MORTGAGE,North,655,14694.66,12
2253,49,89648.3,4.3,RENT,North,587,28228.57,7
2254,18,40711.88,0.0,RENT,West,679,12534.62,7
2255,53,60458.95,13.8,MORTGAGE,South,733,41.04,5
2256,27,86101.32,8.5,MORTGAGE,South,763,30733.85,3
2257,45,30328.9,7.2,OWN,North,684,9138.24,9
2258,44,54511.81,9.1,RENT,East,728,20625.23,4
2259,54,31032.96,7.6,RENT,East,717,6523.47,6
2260,48,33130.51,6.5,RENT,West,656,9157.48,7
2261,18,40882.2,0.0,MORTGAGE,East,510,25603.98,8
2262,32,68772.54,5.2,RENT,South,761,1893.89,10
2263,43,46119.39,2.4,OWN,North,601,23348.56,4
2264,39,39174.88,4.2,MORTGAGE,South,578,6320.58,4
2265,47,55591.04,3.7,MORTGAGE,East,594,9842.22,4
2266,50,30531.63,23.6,MORTGAGE,West,821,7658.0,4
2267,48,67131.03,14.3,RENT,North,709,31974.27,4
2268,38,95386.6,7.2,MORTGAGE,South,620,20723.91,6
2269,19,52072.8,1.0,MORTGAGE,East,621,3402.6,9
2270,36,48955.92,12.1,OWN,East,666,27256.16,8
2271,46,65298.23,7.0,MORTGAGE,East,715,25539.45,8
2272,28,19648.68,5.3,RENT,South,649,6596.97,8
2273,49,70856.27,7.1,RENT,South,616,10766.65,3
2274,52,250000.0,5.4,RENT,South,753,18141.06,9
2275,43,50953.15,9.1,OWN,South,625,23081.6,6
2276,18,51043.7,0.0,MORTGAGE,East,741,4386.35,5
2277,26,78574.58,8.0,OWN,North,689,27473.49,7
2278,64,123335.84,5.4,OWN,South,650,34156.15,5
2279,34,88210.73,12.3,RENT,West,738,23835.72,4
2280,18,18438.51,0.0,MORTGAGE,South,654,3200.54,4
2281,56,71804.28,16.6,MORTGAGE,North,648,24946.77,7
2282,41,196018.65,23.0,RENT,West,773,38510.55,8
2283,54,73955.62,16.3,MORTGAGE,North,726,17785.19,6
2284,44,30415.24,12.0,MORTGAGE,West,731,8232.84,7
2285,47,62374.69,2.5,OWN,North,725,28817.88,2
2286,45,28556.97,0.6,RENT,West,629,11035.19,4
2287,49,100348.24,13.2,OWN,North,576,4895.71,4
2288,68,33592.52,3.3,OWN,South,664,17732.27,7
2289,53,56225.28,35.0,OWN,West,695,21462.2,5
2290,22,35281.36,1.7,RENT,East,656,22859.68,2
2291,46,41224.0,11.7,RENT,South,448,5504.89,10
2292,55,113899.91,7.6,MORTGAGE,North,747,8001.64,6
2293,55,57052.58,1.9,RENT,North,608,10272.35,6
2294,36,40961.95,7.6,RENT,South,707,13523.7,4
2295,55,30558.13,3.6,MORTGAGE,South,766,2071.11,6
2296,52,21250.79,6.2,RENT,South,615,3044.95,7
2297,72,28979.96,6.3,RENT,West,676,9886.51,6
2298,32,57295.63,3.7,OWN,West,675,830.32,6
2299,35,88443.29,5.0,RENT,West,726,18542.45,6
2300,37,40938.42,3.4,OWN,South,666,13975.67,2
2301,35,118808.92,1.2,RENT,South,665,29974.79,8
2302,30,37844.83,7.1,RENT,East,592,5784.44,4
2303,18,48097.92,0.0,RENT,South,777,17305.94,8
2304,36,31577.86,3.6,RENT,North,679,1025.27,4
2305,45,88910.09,21.7,RENT,West,748,56505.61,7
2306,35,154624.57,17.0,OWN,East,740,22843.6,7
2307,64,22451.02,4.7,OWN,South,703,1135.91,6
2308,41,45566.08,5.6,RENT,South,600,16329.33,7
2309,56,101965.51,4.7,RENT,North,701,55994.71,6
2310,44,26279.05,2.5,MORTGAGE,East,676,11433.34,8
2311,51,71922.32,5.6,MORTGAGE,South,772,13155.31,6
2312,44,99781.3,5.1,RENT,West,850,60022.83,5
2313,57,56337.43,7.1,RENT,South,700,12900.52,11
2314,42,71334.23,7.3,RENT,South,635,42362.74,6
2315,47,130672.72,2.3,MORTGAGE,East,622,22747.93,8
2316,45,143517.65,10.1,RENT,West,646,94936.17,5
2317,38,52523.52,5.5,MORTGAGE,West,615,19327.72,5
2318,46,41515.04,2.8,RENT,South,456,30646.27,6
2319,68,34200.99,5.5,RENT,South,604,8691.1,4
2320,38,88298.82,7.5,MORTGAGE,East,740,25554.14,5
2321,46,27285.54,18.2,RENT,West,648,5217.23,6
2322,56,47748.98,16.3,OWN,West,647,10189.9,6
2323,55,57030.69,4.4,MORTGAGE,South,559,1462.06,5
2324,41,42129.3,5.8,OWN,East,733,3689.24,3
2325,18,62312.05,0.0,MORTGAGE,South,711,9945.4,11
2326,47,195293.08,8.5,RENT,North,720,36961.23,8
2327,18,50980.61,0.0,RENT,South,513,16644.9,12
2328,59,43577.54,5.7,MORTGAGE,North,627,10535.06,7
2329,43,90009.09,13.5,MORTGAGE,South,721,3481.35,6
2330,53,61070.96,2.3,RENT,South,673,8668.96,10
2331,30,111264.76,12.0,RENT,East,712,8282.68,6
2332,22,58826.27,4.0,RENT,East,721,14132.69,5
2333,44,47848.18,15.9,RENT,North,676,3846.91,7
2334,41,22206.44,11.2,RENT,East,680,1272.89,8
2335,35,24103.99,12.7,MORTGAGE,North,579,2526.65,5
2336,42,21636.8,6.8,OWN,North,548,8506.88,3
2337,74,65491.1,2.7,RENT,West,711,31404.71,5
2338,51,27415.81,4.1,RENT,North,691,7489.74,3
2339,54,101497.42,3.5,RENT,South,731,59722.51,9
2340,51,55001.92,0.9,RENT,East,680,5495.75,8
2341,59,47949.64,13.5,MORTGAGE,South,642,29093.13,7
2342,39,35527.86,6.2,RENT,South,668,4270.45,4
2343,18,73948.88,0.0,OWN,East,709,10140.29,7
2344,39,36233.92,21.0,OWN,East,685,9376.78,12
2345,51,33100.74,31.0,MORTGAGE,South,833,8583.81,6
2346,29,98142.42,2.1,OWN,West,629,8523.71,4
2347,39,64686.68,5.6,MORTGAGE,North,850,11516.14,8
2348,33,48172.1,5.3,OWN,South,577,16052.98,8
2349,59,74661.25,3.0,RENT,North,710,45635.23,10
2350,50,54418.85,13.3,OWN,North,587,24114.58,6
2351,49,65611.52,0.9,RENT,West,699,13066.12,3
2352,48,36010.87,20.1,RENT,East,722,9468.65,6
2353,41,152542.62,7.0,OWN,North,714,73694.46,6
2354,43,40545.9,22.8,RENT,South,727,13639.05,1
2355,27,117949.07,6.6,RENT,North,671,20629.36,5
2356,18,49294.39,0.0,RENT,East,523,12278.79,7
2357,43,81108.95,14.0,RENT,South,730,46585.1,7
2358,45,78206.79,22.7,RENT,West,687,10460.73,4
2359,56,96127.04,20.3,RENT,North,659,51277.77,12
2360,60,35585.31,1.4,MORTGAGE,South,624,13167.38,3
2361,60,92764.35,16.8,OWN,West,720,9706.48,5
2362,29,136382.66,5.1,RENT,West,650,27561.62,7
2363,37,47603.12,6.1,OWN,South,691,21401.8,2
2364,47,55124.69,5.0,MORTGAGE,South,754,22924.92,5
2365,71,41700.85,4.1,MORTGAGE,West,804,12827.08,5
2366,59,45559.84,5.6,MORTGAGE,East,761,10010.78,5
2367,54,127479.57,2.9,OWN,East,716,46259.42,7
2368,36,32790.13,16.9,RENT,East,668,1423.48,5
2369,30,33824.5,11.1,MORTGAGE,West,623,17342.07,10
2370,50,121230.68,8.0,OWN,South,670,66322.56,8
2371,28,74033.59,5.0,MORTGAGE,North,744,17006.04,6
2372,38,156402.04,4.3,RENT,South,691,54596.82,7
2373,40,43251.22,9.3,MORTGAGE,East,687,4856.96,6
2374,60,57707.39,8.2,MORTGAGE,South,605,24884.73,11
2375,37,38935.49,14.7,RENT,South,753,4695.28,5
2376,18,58200.58,0.0,MORTGAGE,East,650,18830.81,13
2377,47,22313.6,4.0,OWN,South,711,3110.17,9
2378,33,76303.74,10.8,MORTGAGE,West,634,32864.19,4
2379,42,63687.08,12.4,RENT,South,623,31191.55,5
2380,40,52639.53,22.0,MORTGAGE,East,762,9512.12,4
2381,38,44570.07,1.3,MORTGAGE,East,618,17753.54,6
2382,50,34635.1,17.5,RENT,North,542,5942.76,6
2383,23,77952.62,5.0,MORTGAGE,South,612,9174.87,7
2384,35,30165.53,4.6,RENT,North,707,12518.09,6
2385,49,69978.82,9.4,OWN,West,733,23643.15,4
2386,34,152852.04,9.2,MORTGAGE,East,658,29616.19,4
2387,22,113864.08,4.0,OWN,North,655,21133.41,6
2388,49,25525.57,1.4,MORTGAGE,South,687,3165.75,3
2389,54,41424.63,17.6,RENT,West,751,17106.75,7
2390,40,66884.69,3.8,MORTGAGE,South,674,28504.8,8
2391,18,52305.62,0.0,RENT,West,707,15312.96,6
2392,49,26911.18,4.1,MORTGAGE,North,703,4959.89,7
2393,21,65687.11,3.0,RENT,North,828,11794.3,6
2394,45,53905.7,5.2,MORTGAGE,South,589,9599.45,6
2395,30,141091.33,4.1,MORTGAGE,North,661,32681.79,4
2396,27,47733.35,9.0,RENT,West,629,17478.28,8
2397,36,97149.05,8.1,RENT,East,751,19878.25,8
2398,39,28751.8,4.2,RENT,East,627,6985.95,8
2399,33,32402.65,1.4,RENT,East,671,5055.78,8
2400,48,77717.13,11.8,RENT,East,693,2786.32,1
2401,36,93140.59,8.2,OWN,East,692,16758.15,5
2402,53,33567.17,1.0,OWN,East,658,18486.6,7
2403,44,54832.52,19.3,OWN,West,743,5745.9,4
2404,33,27152.12,0.9,RENT,East,574,8064.7,4
2405,31,49483.28,3.5,RENT,South,656,6922.97,4
2406,21,82327.58,3.0,MORTGAGE,South,602,22459.24,2
2407,44,43587.28,4.3,MORTGAGE,South,677,3190.11,5
2408,37,47833.55,4.1,MORTGAGE,South,651,13005.66,6
2409,18,30794.84,0.0,MORTGAGE,South,722,15818.38,8
2410,35,39176.05,7.6,MORTGAGE,South,657,5379.87,5
2411,30,130490.47,12.0,MORTGAGE,North,674,33011.97,3
2412,60,56188.22,7.5,OWN,West,654,16797.0,9
2413,21,32821.73,3.0,RENT,West,771,4165.8,8
2414,24,46286.89,5.3,OWN,South,554,4988.05,9
2415,54,24374.34,7.3,MORTGAGE,West,594,2884.44,2
2416,57,32627.81,9.0,RENT,West,652,8333.78,8
2417,32,106955.69,11.1,OWN,West,653,7287.05,7
2418,33,50451.05,3.9,OWN,North,701,29968.87,4
2419,48,139436.57,3.5,MORTGAGE,South,704,51720.18,3
2420,18,51654.16,0.0,RENT,South,686,26806.06,7
2421,19,53210.48,1.0,RENT,East,678,22456.67,4
2422,38,74641.14,20.0,MORTGAGE,East,676,9649.34,4
2423,60,15000.0,6.4,RENT,East,528,5211.61,4
2424,36,60022.19,6.7,RENT,West,686,16141.73,6
2425,42,52865.53,18.4,RENT,West,546,17415.31,6
2426,55,113893.54,2.3,RENT,East,653,34007.19,8
2427,66,87758.12,3.2,MORTGAGE,West,724,34663.75,8
2428,34,30734.9,16.0,MORTGAGE,West,731,18905.19,5
2429,41,100817.71,5.2,RENT,South,850,53804.71,5
2430,63,47517.0,2.8,MORTGAGE,West,635,3938.78,3
2431,23,34467.54,5.0,RENT,North,591,8175.87,4
2432,53,59787.48,3.9,RENT,North,711,24840.25,7
2433,29,48952.97,11.0,MORTGAGE,West,797,11942.87,4
2434,42,116918.53,7.3,MORTGAGE,South,808,17130.44,5
2435,38,64235.48,4.0,RENT,South,604,27356.44,4
2436,30,60043.79,4.2,MORTGAGE,West,664,27364.09,9
2437,29,84992.95,9.0,RENT,South,748,42962.88,4
2438,44,93567.26,5.7,MORTGAGE,North,756,21220.49,5
2439,53,80161.81,5.2,RENT,North,727,37748.81,7
2440,39,110164.69,11.4,MORTGAGE,South,667,26151.22,6
2441,42,73448.61,18.5,MORTGAGE,North,723,12530.87,4
2442,48,58913.51,10.3,RENT,North,738,44036.35,5
2443,29,100668.28,3.6,MORTGAGE,West,630,30986.45,5
2444,50,51769.27,2.6,MORTGAGE,South,761,1455.81,5
2445,51,55084.48,11.0,RENT,East,740,8630.61,6
2446,72,128128.44,10.3,MORTGAGE,North,652,31249.09,9
2447,36,121900.7,4.9,MORTGAGE,South,767,38856.24,6
2448,36,53955.35,5.8,RENT,East,727,9864.77,2
2449,50,43183.95,3.8,OWN,South,721,17735.79,10
2450,51,112598.85,2.7,RENT,South,810,52085.54,9
2451,35,80838.55,4.1,MORTGAGE,South,685,42254.4,10
2452,36,63436.24,0.4,OWN,North,700,25902.03,6
2453,47,46122.84,14.9,OWN,North,479,8374.26,12
2454,31,63949.46,2.0,MORTGAGE,South,755,16334.12,6
2455,36,53591.5,6.5,MORTGAGE,North,741,12512.03,9
2456,42,38864.28,0.7,RENT,North,752,19612.07,3
2457,53,57787.12,10.1,RENT,North,607,18526.14,13
2458,34,61865.13,12.3,OWN,West,743,8310.32,5
2459,19,44904.91,1.0,RENT,South,734,9122.89,7
2460,18,85128.13,0.0,OWN,East,643,28149.05,11
2461,26,103199.18,3.8,RENT,East,770,17588.5,8
2462,25,87987.4,7.0,RENT,South,722,11225.44,3
2463,39,47187.1,1.6,RENT,South,546,9253.46,5
2464,27,79055.92,4.6,MORTGAGE,South,726,14282.92,2
2465,33,56329.9,3.4,RENT,South,618,11516.1,4
2466,32,29205.93,3.3,RENT,South,528,12004.19,1
2467,36,75838.75,14.4,OWN,North,709,8943.39,4
2468,57,58283.01,5.9,MORTGAGE,West,668,20873.0,8
2469,49,198148.89,3.8,MORTGAGE,East,820,47001.47,8
2470,41,112267.02,8.4,RENT,North,712,39107.61,5
2471,35,77309.73,7.9,RENT,West,739,44238.78,1
2472,36,61364.41,12.1,MORTGAGE,North,711,22840.34,6
2473,45,58797.88,9.0,RENT,North,745,10094.27,7
2474,48,32799.07,6.1,RENT,North,588,11654.64,3
2475,30,22708.77,6.5,OWN,West,649,6278.4,8
2476,41,35021.61,8.8,RENT,North,643,12282.05,6
2477,18,52899.09,0.0,OWN,West,715,5506.9,6
2478,44,18905.92,7.8,RENT,East,646,2923.84,10
2479,50,41267.85,18.3,RENT,South,616,21822.63,6
2480,38,47867.57,7.0,RENT,South,641,10886.52,6
2481,63,48644.14,5.0,OWN,North,781,6289.34,7
2482,30,38915.12,4.9,MORTGAGE,East,538,19035.14,7
2483,44,45672.11,8.5,MORTGAGE,South,713,8168.65,7
2484,41,128276.95,7.4,RENT,South,791,24237.43,5
2485,40,75438.47,10.4,OWN,North,724,15789.13,8
2486,40,40939.46,4.0,MORTGAGE,West,797,17991.68,9
2487,42,52356.22,5.7,MORTGAGE,East,734,8338.95,4
2488,51,53414.81,11.7,MORTGAGE,South,696,8243.79,6
2489,58,36902.05,12.3,MORTGAGE,South,622,2459.8,3
2490,41,36880.38,12.4,MORTGAGE,South,683,13105.64,8
2491,51,89792.97,10.8,RENT,South,738,16687.06,8
2492,33,43919.24,11.1,OWN,North,662,11394.68,3
2493,50,31340.04,7.7,RENT,East,596,3839.74,9
2494,32,53020.28,1.9,OWN,North,585,9439.23,8
2495,54,57469.23,2.1,RENT,North,685,8533.79,4
2496,68,20204.24,6.9,RENT,North,527,6376.18,8
2497,40,53083.79,7.1,RENT,North,636,14381.66,3
2498,18,83615.98,0.0,MORTGAGE,East,517,8953.64,3
2499,34,67888.01,3.4,RENT,East,737,39685.14,7
2500,56,165197.59,6.1,OWN,South,795,62791.4,7
2501,48,101270.94,25.3,MORTGAGE,South,701,35434.98,9
2502,44,111800.02,2.8,RENT,East,827,35995.4,5
2503,53,219705.43,4.8,MORTGAGE,East,820,21310.48,7
2504,47,79148.26,12.1,MORTGAGE,West,719,11198.98,7
2505,56,58778.72,10.6,OWN,West,665,1729.0,7
2506,52,88156.61,8.2,RENT,West,665,17748.08,1
2507,59,40961.25,1.1,OWN,West,698,17987.01,9
2508,45,57173.35,5.4,RENT,West,662,34012.86,4
2509,52,39188.4,20.9,MORTGAGE,East,695,3976.66,7
2510,37,66104.51,3.3,MORTGAGE,East,722,9309.76,7
2511,34,39106.56,3.2,RENT,East,641,9082.27,7
2512,61,38427.77,17.7,RENT,North,733,16101.86,5
2513,44,66618.44,6.1,MORTGAGE,South,662,21944.23,12
2514,51,50571.54,1.2,RENT,West,669,7129.05,5
2515,42,20665.88,2.5,RENT,South,563,1615.62,10
2516,34,26166.14,4.1,RENT,North,622,2119.33,4
2517,41,30527.0,7.9,MORTGAGE,South,798,3549.19,3
2518,58,34839.74,5.6,RENT,North,589,1707.06,7
2519,48,66650.09,3.1,MORTGAGE,South,709,16602.47,7
2520,20,60443.81,2.0,OWN,South,643,21001.59,10
2521,38,92285.26,3.3,MORTGAGE,South,536,23417.62,5
2522,62,78936.65,21.7,MORTGAGE,South,724,41726.39,6
2523,38,92591.39,2.3,MORTGAGE,North,653,34655.76,5
2524,19,73438.1,1.0,RENT,South,705,43130.13,7
2525,64,60164.61,4.0,RENT,North,743,5193.58,4
2526,49,93870.91,4.1,RENT,South,708,645.1,5
2527,40,85794.18,2.6,RENT,East,711,18265.84,5
2528,37,65384.97,16.8,RENT,North,617,11983.78,9
2529,54,102286.8,26.6,MORTGAGE,West,745,3455.16,5
2530,34,16765.96,8.6,RENT,East,610,2466.9,5
2531,55,46852.91,8.1,RENT,North,524,33672.91,4
2532,48,46495.22,1.5,OWN,South,722,22248.11,7
2533,44,96407.71,16.5,RENT,North,772,15649.42,6
2534,43,118859.51,3.3,MORTGAGE,North,805,72346.65,5
2535,39,26236.59,1.3,RENT,West,793,5864.86,7
2536,54,109708.66,9.8,MORTGAGE,East,752,38728.99,4
2537,31,30160.17,13.0,RENT,West,683,15003.9,5
2538,22,30619.5,4.0,RENT,East,724,2112.37,5
2539,48,48187.61,4.6,OWN,West,603,26859.26,7
2540,49,46207.47,4.1,MORTGAGE,West,547,10304.42,3
2541,47,24854.43,7.6,RENT,North,605,4520.97,2
2542,46,74977.17,5.6,RENT,North,772,38409.68,7
2543,37,76092.21,9.9,MORTGAGE,South,637,29145.33,4
2544,50,91768.17,7.7,RENT,South,724,24210.77,7
2545,40,43620.06,3.1,MORTGAGE,South,701,19265.54,3
2546,35,53114.68,16.8,MORTGAGE,South,686,8643.6,11
2547,37,53358.39,10.0,MORTGAGE,West,580,16166.42,2
2548,65,125995.03,13.4,OWN,North,728,16495.68,5
2549,20,15000.0,2.0,RENT,West,589,5233.55,11
2550,47,33574.69,9.8,OWN,South,770,9858.22,10
2551,21,54326.66,3.0,MORTGAGE,North,750,21074.57,4
2552,40,31483.37,7.5,MORTGAGE,West,621,4480.49,3
2553,36,47611.99,2.6,MORTGAGE,South,788,4698.01,8
2554,18,50866.62,0.0,MORTGAGE,East,692,10740.98,7
2555,46,38993.76,10.9,RENT,West,540,6637.06,8
2556,36,55951.16,14.1,OWN,North,666,15499.34,5
2557,18,74167.0,0.0,OWN,South,797,8790.4,5
2558,51,48139.91,7.3,RENT,North,608,8761.87,3
2559,58,43191.66,2.0,MORTGAGE,North,656,14264.85,9
2560,59,49867.14,11.0,MORTGAGE,West,571,13966.8,7
2561,45,53975.3,13.1,OWN,West,586,3791.26,3
2562,42,22693.65,2.9,MORTGAGE,South,577,4936.88,6
2563,57,68239.37,2.4,RENT,East,593,17888.69,5
2564,61,43239.05,4.0,MORTGAGE,West,618,2157.16,5
2565,55,101800.22,5.8,RENT,North,817,36756.73,8
2566,30,72804.04,3.5,MORTGAGE,North,679,2850.9,6
2567,43,97249.31,11.7,MORTGAGE,West,748,16614.68,7
2568,46,32679.33,14.1,MORTGAGE,East,726,6377.95,8
2569,19,44995.0,1.0,RENT,North,585,9356.12,12
2570,47,29108.07,3.6,MORTGAGE,South,587,21164.33,7
2571,68,38078.47,5.6,MORTGAGE,North,710,9044.99,7
2572,49,101321.38,7.1,RENT,East,651,31551.4,7
2573,59,113976.24,5.4,RENT,East,749,18767.88,7
2574,43,30513.77,6.2,RENT,South,764,12249.92,4
2575,40,43082.03,13.4,OWN,West,559,6871.24,4
2576,46,52151.18,3.5,MORTGAGE,South,643,40049.8,2
2577,31,72606.0,13.0,MORTGAGE,East,668,20208.32,7
2578,29,22473.56,7.3,MORTGAGE,East,598,5643.55,6
2579,56,24306.52,5.2,OWN,South,595,16854.88,6
2580,57,69203.94,3.4,MORTGAGE,South,645,5106.14,7
2581,29,20444.74,3.6,RENT,North,630,6034.86,6
2582,53,43330.03,6.6,RENT,East,673,3065.26,4
2583,40,58749.97,7.2,RENT,East,740,29278.42,5
2584,45,66691.51,5.0,OWN,South,677,17627.31,6
2585,47,50470.33,2.0,MORTGAGE,West,745,14199.72,8
2586,53,45121.84,6.6,MORTGAGE,West,621,14961.33,3
2587,42,82643.0,3.7,MORTGAGE,North,603,31004.08,10
2588,58,62480.07,1.2,OWN,North,654,10526.14,8
2589,45,39202.34,10.2,OWN,South,689,2689.32,5
2590,48,55207.91,1.4,MORTGAGE,North,731,4461.96,8
2591,31,65616.63,4.9,RENT,West,780,20509.55,6
2592,67,127914.66,6.0,RENT,East,725,26704.91,9
2593,47,80270.85,15.4,MORTGAGE,North,738,35875.22,5
2594,50,99436.89,1.3,MORTGAGE,South,790,26514.87,6
2595,22,39922.54,4.0,MORTGAGE,North,603,9220.9,7
2596,31,41685.5,12.2,RENT,South,645,19902.83,8
2597,56,48161.25,18.6,MORTGAGE,North,850,19137.81,5
2598,44,50423.55,13.8,RENT,West,727,15152.86,8
2599,18,32728.04,0.0,RENT,East,686,10022.76,4
2600,53,102024.35,11.3,OWN,West,758,7100.97,3
2601,34,84261.12,15.9,MORTGAGE,North,594,36570.53,7
2602,58,46497.84,1.0,RENT,South,619,19556.0,10
2603,40,74671.62,2.0,RENT,West,612,18945.8,7
2604,43,60563.62,7.8,MORTGAGE,South,704,28337.06,5
2605,55,77645.9,12.1,RENT,South,659,37578.05,7
2606,30,27662.87,9.9,RENT,West,650,11971.88,12
2607,29,50370.93,8.3,MORTGAGE,West,645,12055.07,4
2608,39,52626.8,18.4,MORTGAGE,West,555,18681.91,4
2609,51,74000.05,5.0,RENT,South,744,19820.24,6
2610,25,39568.21,3.6,MORTGAGE,East,534,7282.02,1
2611,21,15522.33,3.0,MORTGAGE,South,569,4501.84,7
2612,51,31544.36,7.9,RENT,South,556,22129.97,7
2613,34,52547.67,6.0,RENT,North,607,2808.08,5
2614,36,55934.81,12.5,RENT,West,685,21558.69,10
2615,19,125727.74,1.0,RENT,South,790,67155.29,6
2616,33,72502.28,8.7,OWN,East,572,12977.03,4
2617,41,56430.5,11.3,MORTGAGE,West,633,5954.37,4
2618,52,53306.01,15.9,OWN,West,547,7291.64,3
2619,32,94097.96,2.4,RENT,North,650,65834.51,8
2620,61,40333.79,4.2,MORTGAGE,East,663,24580.63,6
2621,33,50506.54,5.7,MORTGAGE,South,721,18423.14,7
2622,33,31425.37,1.7,MORTGAGE,South,500,13307.69,8
2623,59,110133.99,8.3,OWN,North,737,49092.3,9
2624,44,65923.45,8.2,MORTGAGE,East,610,9647.43,7
2625,34,38034.1,7.7,MORTGAGE,West,571,22096.88,6
2626,39,51163.03,5.4,OWN,West,672,12797.88,7
2627,57,69900.31,14.8,OWN,South,724,14445.54,4
2628,59,47793.29,4.3,OWN,South,658,10170.14,3
2629,31,41471.62,13.0,RENT,North,583,10656.52,7
2630,40,39060.35,4.2,RENT,West,650,21652.82,3
2631,42,64182.18,2.3,RENT,West,626,17267.65,2
2632,29,45295.95,6.2,MORTGAGE,West,705,4689.01,8
2633,40,43179.5,7.1,RENT,South,736,5991.58,3
2634,41,27777.15,8.8,RENT,North,714,12099.08,7
2635,55,56320.86,0.7,MORTGAGE,East,670,21202.83,5
2636,55,49483.19,5.0,RENT,South,745,26713.24,4
2637,37,46128.02,19.0,MORTGAGE,South,592,14504.95,6
2638,38,59837.35,4.0,RENT,North,799,5195.6,5
2639,49,78747.45,12.2,OWN,North,613,37902.13,1
2640,34,76940.12,16.0,RENT,South,542,36487.04,9
2641,48,71422.22,24.5,MORTGAGE,West,777,9510.34,5
2642,40,48034.02,2.6,MORTGAGE,East,615,28241.92,5
2643,29,40802.59,11.0,RENT,West,667,4635.88,3
2644,30,32145.96,12.0,RENT,North,577,6512.05,12
2645,58,40272.4,10.2,OWN,East,824,247.02,4
2646,39,54711.27,2.3,MORTGAGE,South,798,10460.98,10
2647,61,36565.37,7.6,RENT,North,763,16938.78,9
2648,35,56841.88,7.6,MORTGAGE,South,678,9639.08,8
2649,44,33432.1,2.0,RENT,North,719,12342.81,3
2650,70,23611.85,5.2,MORTGAGE,West,633,6851.07,6
2651,28,81609.67,7.9,MORTGAGE,West,765,15347.77,7
2652,18,42735.82,0.0,MORTGAGE,South,632,8298.78,12
2653,56,35649.24,10.8,RENT,East,764,9395.16,8
2654,31,31353.35,5.1,RENT,South,616,5996.68,11
2655,41,66937.72,7.0,RENT,North,654,1091.03,5
2656,34,107737.59,12.7,RENT,East,665,30938.31,7
2657,44,44287.74,20.2,MORTGAGE,West,675,26638.54,7
2658,30,48640.82,2.2,MORTGAGE,West,639,22617.74,3
2659,39,92578.84,10.5,RENT,North,726,27964.01,4
2660,46,21911.72,4.4,RENT,South,600,7158.3,5
2661,29,144847.15,8.8,MORTGAGE,North,765,48367.98,5
2662,33,183882.11,2.0,MORTGAGE,North,825,67246.31,4
2663,37,15000.0,15.0,OWN,North,624,5147.17,9
2664,24,51598.53,3.4,RENT,North,823,7178.9,5
2665,36,37817.47,12.9,RENT,South,735,19694.91,3
2666,42,47458.65,2.3,RENT,South,814,15827.47,7
2667,36,43949.98,1.7,MORTGAGE,East,657,9588.55,4
2668,38,81298.23,5.5,MORTGAGE,South,570,23346.42,3
2669,41,51211.28,7.7,RENT,North,618,7406.81,1
2670,33,34356.5,15.0,RENT,West,609,8244.22,2
2671,49,49707.32,7.5,MORTGAGE,West,600,9001.61,7
2672,58,70079.96,2.6,RENT,North,527,18836.13,5
2673,35,29975.61,11.5,MORTGAGE,South,718,13720.36,6
2674,47,23786.73,16.7,RENT,North,507,8525.9,3
2675,38,146733.22,3.2,RENT,West,775,50608.61,9
2676,45,39292.41,12.6,RENT,South,810,635.76,4
2677,60,50580.61,15.3,OWN,North,613,16652.48,4
2678,47,44404.78,11.7,RENT,East,689,6822.96,6
2679,20,71256.68,2.0,RENT,East,653,4376.13,11
2680,46,131451.73,7.7,OWN,North,763,51469.95,6
2681,56,72400.39,8.8,RENT,South,598,20065.86,6
2682,38,25357.19,14.7,RENT,South,630,3429.72,7
2683,53,27117.6,4.0,RENT,South,721,3611.48,3
2684,33,44378.82,12.8,MORTGAGE,South,659,10497.08,8
2685,23,47376.59,5.0,RENT,West,551,608.18,6
2686,43,22903.03,5.0,OWN,West,722,5733.89,5
2687,20,81607.01,2.0,MORTGAGE,East,596,33570.14,4
2688,38,31471.57,0.5,MORTGAGE,East,654,4294.65,6
2689,56,114307.88,0.8,RENT,South,741,40615.24,1
2690,18,134634.14,0.0,MORTGAGE,South,715,75435.21,6
2691,26,47852.24,8.0,OWN,East,843,12558.1,2
2692,29,67473.24,5.4,OWN,North,730,33193.98,8
2693,40,29261.45,3.8,RENT,North,631,6180.5,6
2694,37,74001.32,6.4,MORTGAGE,North,725,9185.89,4
2695,58,42230.74,13.0,MORTGAGE,East,675,8885.42,5
2696,52,31457.17,6.2,OWN,East,651,6352.97,6
2697,47,46879.35,2.6,RENT,South,681,12994.01,4
2698,43,42921.41,25.0,MORTGAGE,South,630,9346.44,5
2699,46,46047.11,6.7,MORTGAGE,West,678,20759.29,6
2700,31,87102.42,13.0,OWN,North,654,38706.91,6
2701,51,36583.27,11.8,MORTGAGE,South,522,9053.61,7
2702,28,128992.75,4.7,OWN,West,785,28131.81,7
2703,51,27930.38,20.0,RENT,East,604,2855.58,9
2704,55,121505.54,4.1,RENT,South,712,69093.3,10
2705,44,32589.48,9.0,RENT,North,596,3357.25,4
2706,39,54148.92,8.2,OWN,West,619,29614.79,10
2707,46,42399.93,8.7,RENT,South,587,12159.83,1
2708,18,45621.56,0.0,MORTGAGE,West,730,4508.2,9
2709,45,80876.5,6.8,OWN,West,769,27354.22,6
2710,40,114681.43,7.8,OWN,West,702,18304.6,11
2711,40,98249.2,8.1,MORTGAGE,North,656,49401.85,9
2712,49,44248.28,25.3,MORTGAGE,South,543,2848.32,4
2713,40,59404.64,14.6,RENT,South,729,27963.13,5
2714,27,36642.39,1.6,MORTGAGE,South,607,12567.35,5
2715,39,32998.75,4.2,MORTGAGE,South,572,3601.23,5
2716,42,30541.74,7.1,MORTGAGE,South,649,1421.01,6
2717,42,43530.34,17.5,RENT,South,638,9334.57,5
2718,43,61377.76,18.7,RENT,East,569,13547.55,12
2719,53,20828.81,6.5,MORTGAGE,South,535,8917.87,8
2720,28,52935.17,4.1,MORTGAGE,South,693,2770.99,3
2721,43,115614.03,5.8,OWN,South,654,3206.06,5
2722,56,94935.74,7.3,MORTGAGE,East,728,68060.06,7
2723,20,40433.26,2.0,OWN,North,669,14967.52,3
2724,43,26945.28,15.6,MORTGAGE,East,715,14955.1,6
2725,34,68180.59,5.1,MORTGAGE,South,621,27787.0,5
2726,37,17005.39,3.2,MORTGAGE,East,640,1893.15,4
2727,30,94379.3,5.7,RENT,West,737,29737.66,12
2728,39,48688.9,8.5,RENT,South,622,25691.04,6
2729,63,135354.18,15.8,OWN,East,786,71875.83,5
2730,26,22845.68,3.0,RENT,West,519,1709.98,2
2731,27,85739.86,8.5,MORTGAGE,North,630,29034.09,6
2732,25,51521.04,7.0,RENT,South,549,9731.84,13
2733,62,45911.68,9.9,MORTGAGE,West,612,1229.88,7
2734,35,27311.91,5.1,RENT,West,632,9359.56,3
2735,41,72975.13,9.8,MORTGAGE,East,740,10733.82,3
2736,36,75968.09,11.5,MORTGAGE,North,673,50761.77,1
2737,30,132265.15,5.0,RENT,South,664,32077.42,9
2738,38,89681.98,7.8,MORTGAGE,West,582,32293.63,7
2739,70,40257.53,6.0,OWN,East,573,13439.41,6
2740,58,32796.23,3.6,MORTGAGE,South,672,2725.83,6
2741,31,27330.38,2.1,OWN,North,704,9793.75,5
2742,49,113166.13,4.1,MORTGAGE,West,670,57386.34,7
2743,31,36713.98,4.3,MORTGAGE,East,739,14454.51,4
2744,20,113563.22,2.0,MORTGAGE,West,633,10659.5,12
2745,53,70441.37,9.3,OWN,South,653,28654.94,4
2746,55,63892.13,12.1,MORTGAGE,South,655,23298.33,5
2747,54,46470.17,5.9,RENT,South,771,11234.78,11
2748,35,75382.95,6.5,OWN,South,693,12525.88,6
2749,39,53758.91,4.6,OWN,South,544,26652.31,8
2750,50,45043.92,6.3,MORTGAGE,North,729,6277.49,7
2751,46,76726.5,9.8,RENT,South,813,49171.18,4
2752,36,50413.48,8.5,MORTGAGE,North,650,19118.35,9
2753,22,36345.75,4.0,MORTGAGE,West,591,1785.99,5
2754,42,73124.11,4.3,RENT,North,742,26822.47,1
2755,54,52470.54,11.4,MORTGAGE,South,806,15170.29,9
2756,27,69179.16,4.7,MORTGAGE,East,739,17892.17,5
2757,49,43177.3,2.2,RENT,North,547,9948.46,8
2758,45,29597.33,7.4,MORTGAGE,South,699,15226.58,8
2759,50,128996.04,1.3,RENT,West,733,23878.37,9
2760,51,117395.72,8.3,MORTGAGE,East,634,27752.59,2
2761,33,84279.38,8.7,RENT,South,778,41431.19,4
2762,22,44627.01,4.0,OWN,West,693,14925.63,6
2763,35,46622.62,4.5,RENT,West,756,11891.14,10
2764,52,108138.03,12.6,OWN,West,623,35110.53,7
2765,34,45391.72,16.0,MORTGAGE,South,691,5309.16,4
2766,33,39486.81,6.8,RENT,East,595,6121.23,5
2767,19,138153.04,1.0,OWN,South,725,44990.05,5
2768,62,52900.13,8.8,MORTGAGE,South,772,4139.42,5
2769,51,131165.17,6.0,MORTGAGE,South,606,72572.43,7
2770,50,26924.83,8.3,OWN,West,546,1761.75,7
2771,53,70199.22,7.5,OWN,South,747,11205.64,4
2772,48,152594.8,7.6,MORTGAGE,West,710,36882.47,6
2773,38,54988.28,0.9,OWN,West,753,13468.74,7
2774,39,47476.86,4.5,RENT,South,608,8485.9,7
2775,36,30215.91,4.2,RENT,North,650,16211.06,6
2776,73,93075.99,4.1,RENT,West,740,38871.45,8
2777,48,36861.98,10.4,RENT,North,669,1275.51,5
2778,35,51668.09,2.4,MORTGAGE,West,543,25541.38,6
2779,47,29224.1,0.9,RENT,North,843,8394.76,7
2780,29,118000.87,4.1,MORTGAGE,North,716,35952.29,7
2781,59,96513.93,3.4,RENT,South,599,57110.11,4
2782,33,53327.51,6.9,RENT,South,691,10258.96,9
2783,47,30422.13,3.4,MORTGAGE,West,677,19789.39,3
2784,54,116769.07,5.4,RENT,North,770,50121.28,6
2785,46,45117.89,4.8,MORTGAGE,North,728,17153.24,3
2786,42,31175.8,15.3,MORTGAGE,East,633,13295.65,8
2787,41,22447.65,3.5,MORTGAGE,West,514,1182.11,7
2788,40,39222.95,9.9,OWN,South,689,13693.85,8
2789,34,26178.16,6.2,OWN,West,526,6573.55,13
2790,36,39679.48,12.8,RENT,North,743,18614.5,5
2791,59,78606.08,18.5,MORTGAGE,West,634,31793.85,8
2792,40,44904.8,6.1,RENT,East,707,12932.47,8
2793,32,64721.37,1.3,RENT,West,631,29342.89,2
2794,35,37734.6,2.4,MORTGAGE,East,621,1974.98,5
2795,54,55970.75,1.9,MORTGAGE,West,615,18600.26,7
2796,49,141555.96,4.6,OWN,South,759,53057.88,7
2797,48,45513.17,4.0,MORTGAGE,East,620,9662.3,2
2798,38,65658.0,7.7,MORTGAGE,East,731,576.14,4
2799,48,24766.23,12.1,MORTGAGE,South,597,14910.41,6
2800,33,115850.18,1.2,RENT,West,684,1812.3,5
2801,38,42676.2,6.6,RENT,West,663,9803.44,7
2802,53,91607.35,3.5,MORTGAGE,West,702,16919.13,12
2803,51,50940.31,6.7,MORTGAGE,South,603,21480.81,6
2804,29,73555.07,4.6,RENT,West,731,5310.03,7
2805,31,75773.67,10.7,RENT,South,664,39176.97,5
2806,42,43207.95,2.6,RENT,West,699,9772.15,8
2807,62,93522.12,3.7,MORTGAGE,North,691,15686.41,8
2808,18,37067.93,0.0,RENT,East,696,17016.97,7
2809,44,79934.84,5.0,RENT,North,657,31002.83,6
2810,24,44573.61,5.8,RENT,East,607,8737.68,7
2811,33,64523.13,1.5,RENT,South,707,6984.75,9
2812,37,43002.07,16.6,MORTGAGE,West,626,13130.05,5
2813,36,55547.18,4.3,OWN,West,773,15957.46,5
2814,35,31655.06,2.8,RENT,South,653,7204.74,8
2815,41,61314.92,5.9,MORTGAGE,West,579,21059.43,4
2816,35,55386.65,6.6,MORTGAGE,East,630,32184.81,4
2817,23,41353.95,5.0,MORTGAGE,South,589,10956.51,4
2818,50,52706.08,13.4,RENT,South,744,4032.2,7
2819,50,57930.67,4.9,RENT,North,727,11690.73,6
2820,51,39807.93,19.1,OWN,North,653,12569.23,8
2821,23,50798.43,5.0,OWN,South,688,3809.7,5
2822,45,32768.53,2.8,RENT,South,644,3501.06,8
2823,49,175056.93,24.9,MORTGAGE,South,777,69102.6,8
2824,29,92001.42,4.4,RENT,West,728,35289.27,3
2825,41,62102.84,7.2,RENT,North,724,38478.86,8
2826,40,97348.88,15.0,RENT,West,680,13909.46,6
2827,63,20138.2,1.2,MORTGAGE,West,586,6868.12,10
2828,64,15080.54,5.8,RENT,West,665,3245.92,9
2829,21,44371.58,3.0,RENT,South,771,23721.15,6
2830,71,27193.08,13.1,RENT,North,720,15150.77,8
2831,30,48131.75,6.4,RENT,West,776,9913.24,3
2832,53,60043.72,1.2,RENT,East,685,1654.45,4
2833,53,85837.16,21.5,MORTGAGE,West,621,13915.56,6
2834,29,30664.72,6.5,MORTGAGE,North,586,14341.34,9
2835,47,66158.94,8.3,MORTGAGE,East,775,16664.67,6
2836,40,54567.56,1.7,MORTGAGE,South,540,15154.81,9
2837,48,64457.07,16.2,MORTGAGE,East,782,22159.92,4
2838,44,41777.53,4.4,RENT,West,604,14013.92,4
2839,55,108181.71,3.5,RENT,North,832,56908.1,8
2840,42,51443.82,13.8,OWN,North,663,16560.8,2
2841,39,131543.27,1.9,MORTGAGE,North,756,35199.27,3
2842,54,36490.44,8.4,MORTGAGE,North,821,9809.72,6
2843,48,78543.95,3.5,RENT,North,662,3868.61,7
2844,50,52583.93,9.1,RENT,North,645,9739.33,4
2845,33,45987.68,10.8,RENT,South,615,12367.14,7
2846,28,74321.66,4.3,OWN,East,613,15784.35,10
2847,34,46649.3,15.5,MORTGAGE,West,641,992.09,14
2848,34,15000.0,6.6,RENT,South,580,7716.97,6
2849,50,15000.0,21.7,RENT,North,531,3386.91,10
2850,53,102355.88,13.9,RENT,West,681,16306.83,10
2851,39,100220.62,7.1,RENT,South,726,15729.99,4
2852,58,139200.48,7.1,MORTGAGE,South,645,19027.94,9
2853,57,53703.63,2.1,RENT,South,658,22226.81,2
2854,44,28386.89,13.8,OWN,West,743,3649.57,6
2855,31,43923.65,3.9,MORTGAGE,South,562,14664.55,5
2856,60,54486.72,7.7,OWN,West,805,31474.27,4
2857,40,32744.19,21.5,OWN,South,603,4996.9,7
2858,43,123535.93,15.3,OWN,North,717,43073.78,11
2859,37,166001.39,3.0,OWN,North,804,103889.34,5
2860,30,68812.48,6.6,RENT,West,790,22942.76,5
2861,23,53882.88,5.0,RENT,South,703,30047.77,5
2862,49,28353.8,16.6,RENT,East,595,6637.76,7
2863,32,117385.3,14.0,MORTGAGE,West,646,40523.75,13
2864,75,56283.31,9.9,MORTGAGE,South,631,20956.42,6
2865,28,46883.35,9.2,RENT,North,796,9508.57,3
2866,26,68912.1,6.5,OWN,East,653,28906.16,3
2867,47,40422.6,8.1,MORTGAGE,North,681,18621.38,6
2868,59,58304.68,5.4,MORTGAGE,East,600,3202.84,8
2869,42,26337.96,11.6,RENT,West,560,11894.91,7
2870,48,93297.03,9.6,RENT,South,694,13910.15,7
2871,19,51420.62,1.0,MORTGAGE,South,645,32126.1,7
2872,33,96703.07,13.2,RENT,East,676,57915.72,1
2873,28,48992.96,3.9,MORTGAGE,North,562,4019.91,6
2874,18,50609.78,0.0,RENT,South,662,2674.44,3
2875,42,29550.07,3.7,RENT,South,754,2562.12,4
2876,18,79211.64,0.0,RENT,South,625,19471.04,10
2877,25,34964.2,5.4,MORTGAGE,North,715,3931.13,3
2878,35,42480.01,5.2,RENT,East,418,7527.36,7
2879,31,54204.74,3.5,OWN,South,614,18895.83,5
2880,46,57561.67,8.9,RENT,South,539,10126.18,5
2881,45,23085.3,1.2,OWN,West,722,2765.32,10
2882,52,48271.52,9.8,RENT,North,727,21314.6,4
2883,50,80629.12,9.9,RENT,North,614,16945.87,6
2884,55,44838.88,13.3,OWN,West,683,16079.37,13
2885,41,48418.35,23.0,MORTGAGE,North,750,11698.1,8
2886,45,58759.2,0.5,MORTGAGE,West,768,20640.06,11
2887,47,50869.55,9.6,MORTGAGE,East,639,2337.75,8
2888,43,32362.07,11.0,RENT,South,495,18828.46,9
2889,36,53200.71,3.7,MORTGAGE,South,606,8266.99,4
2890,37,89057.42,5.7,RENT,South,744,22104.77,5
2891,31,32029.48,4.5,MORTGAGE,West,796,8163.97,7
2892,46,44925.42,10.1,OWN,North,659,2674.76,4
2893,40,27151.41,14.3,OWN,West,600,10487.61,4
2894,33,86741.78,2.4,MORTGAGE,West,850,26283.31,10
2895,33,51731.43,9.0,MORTGAGE,East,697,20239.08,6
2896,26,35415.33,8.0,MORTGAGE,North,567,19226.14,8
2897,53,56734.22,3.9,RENT,East,664,1255.62,11
2898,42,29679.15,3.1,OWN,East,716,6569.37,6
2899,31,32313.88,2.8,MORTGAGE,North,644,11645.51,8
2900,51,26106.33,3.3,RENT,West,696,1763.62,5
2901,34,31780.57,16.0,MORTGAGE,North,536,125.59,6
2902,24,106795.26,6.0,RENT,West,597,58953.57,3
2903,53,37550.46,17.7,OWN,North,604,25407.0,8
2904,35,68398.94,5.3,OWN,North,660,6704.35,11
2905,36,35662.3,18.0,RENT,East,677,11059.3,7
2906,41,79202.8,2.7,RENT,North,730,35245.72,4
2907,55,32433.89,11.7,MORTGAGE,North,822,10059.62,5
2908,41,55249.47,4.2,RENT,North,619,8415.08,8
2909,27,55627.09,2.4,OWN,West,649,29987.14,9
2910,48,173494.76,8.8,RENT,North,667,45618.9,8
2911,35,74251.45,8.9,RENT,East,758,6714.7,8
2912,64,40277.49,9.6,RENT,East,738,6290.81,6
2913,41,76307.35,10.4,MORTGAGE,South,652,37841.95,6
2914,18,157800.56,0.0,MORTGAGE,South,850,74114.09,5
2915,45,23984.95,6.1,OWN,South,588,8641.8,8
2916,64,35552.26,7.0,OWN,West,725,8300.26,7
2917,60,48124.72,11.9,MORTGAGE,West,767,2630.03,8
2918,63,43978.49,8.2,RENT,West,566,5577.28,5
2919,29,45872.53,4.6,RENT,East,704,17019.95,7
2920,52,28222.76,3.6,OWN,West,453,16290.18,4
2921,32,109313.81,7.0,RENT,West,756,9687.8,8
2922,44,26600.78,16.2,OWN,South,564,11703.6,4
2923,26,49015.59,8.0,OWN,West,706,4084.35,5
2924,33,91392.19,15.0,MORTGAGE,North,744,37555.34,6
2925,33,53364.85,5.2,MORTGAGE,North,748,25935.52,6
2926,52,33199.93,7.8,OWN,South,713,12175.73,7
2927,51,27602.52,8.7,MORTGAGE,South,647,10722.03,5
2928,44,48291.0,12.2,MORTGAGE,South,639,12122.38,8
2929,25,37104.19,5.2,RENT,South,650,6143.96,6
2930,37,60030.95,10.5,MORTGAGE,South,596,1838.42,4
2931,32,26883.67,14.0,RENT,West,627,10804.28,3
2932,51,81350.14,6.4,OWN,South,666,20921.5,7
2933,55,57398.58,3.2,MORTGAGE,South,617,25615.98,10
2934,54,59570.64,16.0,MORTGAGE,East,552,34813.04,8
2935,32,111361.66,11.1,RENT,East,609,79240.92,3
2936,18,43525.5,0.0,OWN,West,441,6580.74,4
2937,20,37687.8,2.0,RENT,South,634,21495.86,6
2938,58,41196.9,22.1,MORTGAGE,North,684,12426.53,7
2939,36,49204.32,9.9,RENT,West,478,8114.26,7
2940,32,51767.49,7.0,OWN,North,685,26128.84,11
2941,61,35762.36,2.9,MORTGAGE,East,645,6038.0,6
2942,56,19701.64,2.9,MORTGAGE,South,547,6493.43,6
2943,41,40926.6,11.7,RENT,South,629,3940.49,3
2944,37,64855.23,3.1,RENT,West,751,16634.36,7
2945,39,57995.99,8.7,RENT,South,605,17667.95,4
2946,44,98693.78,6.4,RENT,North,700,14956.39,3
2947,60,144025.16,8.3,MORTGAGE,West,733,33122.69,1
2948,46,79194.88,5.9,MORTGAGE,North,628,20355.48,7
2949,50,108148.47,9.6,RENT,South,768,21057.35,12
2950,55,79490.05,13.2,MORTGAGE,South,714,5886.82,9
2951,27,127382.5,6.0,RENT,South,687,7595.69,6
2952,50,136683.98,12.4,RENT,East,850,23769.39,9
2953,37,87167.13,17.3,OWN,South,760,17034.17,6
2954,18,77125.56,0.0,RENT,South,566,18736.39,10
2955,18,48892.73,0.0,MORTGAGE,South,639,14417.17,9
2956,29,53068.1,2.4,OWN,West,842,3896.74,4
2957,47,45756.14,6.1,MORTGAGE,North,594,27541.62,4
2958,42,73911.65,1.7,MORTGAGE,West,687,21105.9,7
2959,43,37790.99,4.5,MORTGAGE,South,742,23497.13,5
2960,64,49239.28,6.2,OWN,South,712,9923.28,9
2961,26,16687.5,8.0,OWN,East,679,2301.85,9
2962,41,128225.4,3.7,RENT,South,756,67351.9,8
2963,45,48521.52,6.7,MORTGAGE,East,667,27869.04,11
2964,32,68035.86,3.1,OWN,West,624,10611.03,6
2965,41,112295.98,5.8,OWN,West,730,27984.86,10
2966,22,62953.19,4.0,RENT,South,648,1391.72,4
2967,58,111543.71,10.8,RENT,East,665,16973.72,8
2968,33,29118.56,5.2,MORTGAGE,South,749,7841.58,6
2969,65,179636.08,4.1,RENT,West,691,113806.46,9
2970,41,93298.11,18.8,MORTGAGE,North,811,13304.56,3
2971,53,60150.27,4.9,MORTGAGE,North,692,3868.9,7
2972,40,110474.46,0.8,RENT,South,687,22021.6,8
2973,41,30202.58,15.7,RENT,North,519,10645.32,3
2974,34,46896.23,1.1,OWN,East,813,5249.41,5
2975,42,111538.51,15.7,OWN,North,698,4148.91,6
2976,45,21300.16,1.7,OWN,North,474,8802.66,6
2977,32,71698.77,2.1,OWN,East,750,22915.03,6
2978,39,70692.03,2.6,OWN,South,677,21356.12,3
2979,34,145017.96,4.6,MORTGAGE,West,644,45570.54,10
2980,69,24551.35,15.8,RENT,North,704,7059.42,10
2981,40,121153.73,2.7,OWN,North,524,25587.61,8
2982,60,40956.45,9.6,MORTGAGE,North,609,6531.09,6
2983,39,43325.44,8.2,RENT,South,640,11658.02,8
2984,44,29407.29,7.2,OWN,North,705,9647.77,4
2985,25,31447.48,7.0,RENT,West,805,1209.28,5
2986,36,66287.8,7.6,OWN,North,661,5938.5,6
2987,44,31064.91,8.1,MORTGAGE,West,680,13962.48,9
2988,60,78444.15,11.4,RENT,South,850,21805.33,4
2989,44,38890.95,4.7,OWN,East,657,4624.01,10
2990,58,29539.48,6.8,MORTGAGE,North,679,17180.77,6
2991,49,41609.98,8.7,MORTGAGE,North,573,2076.19,8
2992,61,64109.87,13.0,MORTGAGE,South,814,46775.13,4
2993,40,47161.04,6.1,RENT,South,615,880.45,6
2994,70,55111.02,6.7,RENT,East,689,8897.42,6
2995,35,76734.27,9.5,RENT,South,701,12920.03,3
2996,32,93079.64,6.2,RENT,South,698,26995.27,4
2997,26,46395.25,3.8,RENT,West,633,8973.17,5
2998,69,32141.04,11.4,MORTGAGE,South,666,1243.72,5
2999,51,56277.34,7.7,RENT,North,795,22390.63,5
3000,37,68550.42,5.0,MORTGAGE,South,839,25351.97,3
3001,56,26098.61,2.6,RENT,South,629,8949.29,7
3002,49,34706.97,1.1,RENT,South,621,5659.8,3
3003,65,37812.94,9.8,OWN,East,599,7027.32,4
3004,22,48829.45,3.7,OWN,East,850,18682.3,10
3005,38,37029.98,1.6,OWN,East,664,10540.26,10
3006,35,77151.04,3.3,RENT,North,762,26443.42,5
3007,18,24280.61,0.0,MORTGAGE,North,687,1720.26,8
3008,54,24591.12,3.6,RENT,West,793,4960.45,4
3009,38,45846.57,8.7,MORTGAGE,North,646,17768.27,10
3010,50,49621.21,4.3,OWN,South,589,16052.42,8
3011,69,26178.09,6.7,RENT,South,771,14709.23,5
3012,37,39999.63,7.2,OWN,East,721,3769.93,7
3013,36,44332.71,11.0,MORTGAGE,North,694,20469.06,4
3014,42,44504.74,11.3,RENT,West,770,23964.71,4
3015,53,58450.81,6.9,RENT,South,709,23315.87,4
3016,34,38917.94,3.0,OWN,West,767,10861.43,5
3017,33,113427.39,14.9,MORTGAGE,South,717,39545.75,6
3018,54,69154.77,4.9,RENT,East,743,21870.36,7
3019,46,36186.57,0.5,RENT,South,691,10811.87,5
3020,18,56797.96,0.0,OWN,West,649,24553.65,4
3021,26,57642.05,8.0,RENT,South,658,23825.47,7
3022,59,99445.07,5.1,OWN,West,667,35031.63,8
3023,46,40127.16,1.7,MORTGAGE,West,677,1994.82,5
3024,32,79512.49,1.4,RENT,East,653,12987.98,7
3025,39,55322.07,5.4,RENT,North,701,13602.47,4
3026,41,114208.76,2.8,MORTGAGE,South,728,15336.22,4
3027,50,103305.48,12.9,RENT,West,710,49570.61,7
3028,25,59783.78,5.2,RENT,West,690,18775.09,2
3029,31,47517.75,4.7,RENT,North,625,10176.1,2
3030,44,69793.97,21.8,OWN,North,660,40189.76,8
3031,40,49502.33,0.6,MORTGAGE,North,549,10216.4,3
3032,48,125511.61,6.7,MORTGAGE,North,695,33125.83,12
3033,26,56344.23,1.1,RENT,South,603,19587.13,4
3034,45,44230.89,15.9,MORTGAGE,West,669,7595.25,9
3035,54,43053.23,1.6,MORTGAGE,North,611,5255.78,6
3036,47,29539.46,8.9,RENT,West,502,707.09,2
3037,43,71559.14,8.0,OWN,West,839,25326.96,7
3038,40,35953.96,1.1,OWN,South,637,11190.45,8
3039,31,93814.45,8.9,RENT,South,793,33210.61,3
3040,40,28382.63,4.3,OWN,South,607,6600.56,5
3041,56,57735.11,10.2,MORTGAGE,North,791,3121.71,5
3042,40,96289.24,4.1,MORTGAGE,East,612,38386.57,6
3043,30,18469.51,9.0,RENT,East,639,2807.95,3
3044,35,148617.74,6.2,OWN,North,634,19882.96,3
3045,43,43798.61,8.9,MORTGAGE,West,844,4502.66,5
3046,37,58136.43,10.1,OWN,South,655,35131.5,6
3047,47,72093.89,5.7,RENT,North,739,12348.91,6
3048,47,77890.91,5.0,RENT,West,716,38365.21,7
3049,52,62127.37,9.9,OWN,North,674,2516.91,5
3050,58,89204.99,4.4,MORTGAGE,North,726,43339.88,3
3051,53,70230.32,5.8,RENT,North,776,46919.68,8
3052,30,130671.34,12.0,OWN,South,752,40709.43,3
3053,30,70344.77,6.7,RENT,South,692,14003.43,5
3054,40,144685.51,11.3,OWN,East,746,77711.79,5
3055,36,85011.3,3.8,OWN,South,822,10546.54,6
3056,27,21963.23,8.9,RENT,East,605,2878.01,6
3057,36,199895.77,5.9,MORTGAGE,North,592,14172.72,6
3058,35,40653.0,5.1,OWN,South,582,10805.98,1
3059,33,114436.12,1.0,OWN,West,628,24786.46,7
3060,37,54907.03,2.8,MORTGAGE,West,609,17989.71,3
3061,55,92092.16,22.7,MORTGAGE,East,632,33615.63,8
3062,43,38398.0,6.1,MORTGAGE,South,655,6521.32,8
3063,71,74077.88,6.8,RENT,South,700,35983.4,5
3064,43,47734.26,12.7,MORTGAGE,West,682,15910.9,6
3065,38,119312.52,8.3,RENT,West,650,26340.23,4
3066,41,67462.97,5.0,RENT,East,748,15105.12,6
3067,44,86506.2,5.1,RENT,South,726,32589.0,2
3068,46,18360.59,2.6,OWN,North,737,2315.53,4
3069,66,51907.25,9.4,RENT,North,728,29833.82,3
3070,31,66521.19,9.7,RENT,North,654,25290.86,7
3071,51,60585.29,6.8,RENT,South,766,44089.89,10
3072,43,87603.71,6.0,RENT,North,708,44132.2,6
3073,22,45118.51,4.0,OWN,South,719,4528.42,11
3074,50,55514.17,2.5,RENT,East,721,19703.74,5
3075,56,97793.5,8.6,RENT,East,685,8251.96,6
3076,31,17337.99,13.0,OWN,East,632,4574.03,7
3077,41,72742.08,3.9,RENT,North,673,15218.49,12
3078,20,45846.66,2.0,MORTGAGE,South,604,6498.12,13
3079,26,34332.27,8.0,OWN,West,502,7346.57,3
3080,54,64104.65,6.8,MORTGAGE,South,628,12865.28,7
3081,35,100080.05,11.9,RENT,West,708,17354.64,8
3082,28,91087.14,9.0,MORTGAGE,South,767,67544.86,8
3083,44,50637.29,9.5,MORTGAGE,East,723,14715.41,6
3084,35,83941.09,3.7,MORTGAGE,South,668,32585.55,5
3085,35,83619.66,3.6,RENT,East,640,3787.45,5
3086,50,51860.59,10.8,OWN,West,656,6212.87,5
3087,27,38309.75,1.9,MORTGAGE,South,588,14436.72,5
3088,30,39433.97,5.8,MORTGAGE,West,509,10911.11,5
3089,43,82365.89,9.7,OWN,West,579,21880.36,9
3090,53,53046.63,5.5,OWN,West,765,5453.06,5
3091,56,32109.55,6.1,MORTGAGE,North,779,3959.97,7
3092,33,23331.71,12.3,RENT,North,689,4744.33,9
3093,52,82118.26,16.8,RENT,West,683,41879.99,6
3094,32,41217.19,14.0,MORTGAGE,East,562,9548.34,4
3095,63,63907.62,15.8,RENT,West,665,14508.61,6
3096,27,100695.2,4.7,MORTGAGE,South,738,46052.36,5
3097,57,28156.62,3.2,MORTGAGE,West,702,3101.91,2
3098,33,52967.37,4.7,MORTGAGE,West,717,7611.36,1
3099,65,49744.39,9.8,RENT,West,751,6086.45,3
3100,48,65504.32,5.1,OWN,East,814,23258.72,6
3101,29,100667.67,3.9,MORTGAGE,North,666,44207.69,8
3102,35,27869.11,17.0,MORTGAGE,East,840,4986.11,9
3103,50,72034.39,5.0,MORTGAGE,East,540,19140.08,6
3104,54,90740.76,9.3,RENT,South,636,58628.66,6
3105,40,49355.84,9.1,MORTGAGE,North,680,15614.91,3
3106,42,50578.23,1.0,RENT,West,706,20728.58,6
3107,50,66784.39,17.4,MORTGAGE,North,666,14094.17,11
3108,43,64370.36,2.4,RENT,South,642,4831.26,7
3109,25,72488.0,1.7,RENT,East,836,20111.73,6
3110,31,71728.27,4.5,RENT,West,643,16924.84,4
3111,44,33157.16,3.3,RENT,East,579,11406.37,5
3112,56,88888.07,15.6,OWN,South,808,44612.87,13
3113,60,97089.8,8.2,OWN,North,753,42525.33,5
3114,50,59458.95,4.2,RENT,South,750,10057.16,9
3115,44,25666.0,1.6,RENT,South,654,761.1,4
3116,50,51155.59,8.9,MORTGAGE,West,571,6085.21,7
3117,33,59706.9,5.3,RENT,South,680,5495.48,7
3118,39,30567.72,9.8,MORTGAGE,North,541,5547.08,4
3119,31,45248.78,8.2,RENT,West,680,8209.83,7
3120,26,26777.45,3.3,MORTGAGE,North,688,14215.73,10
3121,45,73397.57,10.7,OWN,North,757,29036.5,10
3122,43,58863.57,2.1,RENT,South,667,16410.65,7
3123,49,23792.09,5.2,OWN,North,689,11592.44,6
3124,48,64584.67,5.7,OWN,North,614,22676.8,6
3125,44,52667.06,6.4,OWN,West,737,2879.31,7
3126,48,70137.1,2.0,MORTGAGE,West,728,20750.56,8
3127,40,44544.05,15.1,OWN,West,606,18656.77,2
3128,46,36288.65,3.3,MORTGAGE,East,691,7018.33,3
3129,32,36848.78,1.2,OWN,North,731,14419.96,9
3130,45,41394.98,8.4,RENT,West,665,21274.99,7
3131,49,54688.71,22.5,MORTGAGE,South,613,16570.7,5
3132,33,58336.27,1.0,MORTGAGE,North,685,30655.17,8
3133,42,49248.79,12.4,RENT,South,705,28460.25,11
3134,34,43841.68,6.7,RENT,South,603,17111.63,6
3135,35,45446.83,2.1,RENT,North,592,1910.35,4
3136,28,189825.86,5.7,RENT,South,757,33249.18,7
3137,56,36850.98,19.0,RENT,South,712,16436.82,6
3138,54,40987.15,16.2,RENT,South,809,7567.94,6
3139,47,250000.0,29.0,RENT,North,778,15958.94,3
3140,65,66870.06,11.0,MORTGAGE,East,594,5087.61,2
3141,39,27173.83,4.4,RENT,North,785,9744.31,5
3142,75,82565.2,12.3,RENT,East,761,35880.51,5
3143,38,34371.42,3.7,RENT,North,511,2037.19,3
3144,44,85351.28,6.1,RENT,South,616,15026.46,7
3145,36,48752.85,3.7,RENT,East,631,10367.24,7
3146,45,43481.99,11.0,OWN,East,720,12994.54,5
3147,51,121125.5,10.3,RENT,North,536,11271.41,4
3148,40,71912.16,4.0,RENT,South,673,34476.27,6
3149,62,88123.52,14.2,MORTGAGE,West,744,16928.28,4
3150,44,67336.64,17.4,OWN,North,480,20796.54,1
3151,44,43381.04,4.4,MORTGAGE,South,713,18067.51,6
3152,30,73546.8,9.0,RENT,South,743,21827.65,4
3153,46,99171.67,18.1,MORTGAGE,West,635,27737.16,7
3154,39,57951.92,8.4,MORTGAGE,South,592,22582.41,4
3155,34,133361.84,5.2,RENT,West,646,7948.22,7
3156,32,82887.84,6.3,OWN,East,500,3717.62,7
3157,73,60233.94,4.4,OWN,East,651,20129.92,9
3158,38,61435.51,14.5,MORTGAGE,South,690,25593.75,7
3159,24,58024.38,6.0,RENT,East,587,28765.55,5
3160,33,28980.56,3.6,MORTGAGE,North,713,9573.54,8
3161,40,51790.6,4.2,OWN,South,675,18770.43,4
3162,48,60511.77,1.7,OWN,South,693,40293.71,3
3163,48,44000.55,9.9,RENT,East,634,13324.35,3
3164,49,64140.96,2.4,RENT,West,729,23164.77,5
3165,33,54756.63,15.0,RENT,West,761,29961.35,9
3166,45,79765.47,3.3,OWN,North,657,36341.03,10
3167,30,75474.96,1.0,MORTGAGE,West,737,12430.6,5
3168,34,58898.84,2.4,RENT,West,727,24633.83,13
3169,30,27347.86,8.2,RENT,West,672,8906.48,6
3170,27,132635.68,6.2,RENT,East,823,9357.83,3
3171,54,50465.97,3.2,OWN,South,616,15334.76,9
3172,49,52029.01,6.0,RENT,West,639,16961.4,3
3173,53,45649.12,4.0,RENT,East,609,9610.47,5
3174,41,42437.78,9.7,MORTGAGE,East,711,10014.61,9
3175,50,117245.94,2.5,MORTGAGE,North,682,27811.68,5
3176,20,108339.18,2.0,MORTGAGE,North,649,13894.84,6
3177,51,67656.36,7.6,OWN,South,795,13960.08,10
3178,43,51341.26,6.4,RENT,South,795,6686.37,2
3179,49,73832.85,8.9,RENT,South,659,25887.43,3
3180,46,56212.73,5.9,RENT,West,576,10103.98,5
3181,29,49261.03,10.9,MORTGAGE,North,797,12772.48,5
3182,23,64154.72,5.0,OWN,North,710,4855.9,9
3183,32,43452.39,14.0,RENT,South,691,10924.04,10
3184,48,61459.4,7.4,MORTGAGE,North,682,21196.52,5
3185,49,60000.64,14.3,MORTGAGE,South,618,9500.53,8
3186,25,73237.88,4.1,OWN,East,653,29562.9,10
3187,29,39752.64,2.8,MORTGAGE,West,705,5538.26,7
3188,32,77270.55,10.9,RENT,North,653,34519.15,9
3189,37,34435.53,6.4,MORTGAGE,South,682,28625.89,5
3190,25,40689.15,0.6,OWN,West,659,10170.3,5
3191,24,41586.77,3.5,MORTGAGE,South,585,20578.24,5
3192,31,31696.9,8.3,OWN,East,762,7167.86,8
3193,42,90023.96,6.0,RENT,East,732,26570.67,7
3194,27,33372.04,3.4,MORTGAGE,West,674,9682.37,7
3195,40,38198.13,6.4,RENT,North,695,9529.84,7
3196,54,101488.81,7.2,RENT,West,570,46021.12,4
3197,25,40729.53,1.3,RENT,West,624,17365.65,4
3198,39,49312.29,14.1,RENT,North,559,24431.58,7
3199,53,32662.58,16.3,RENT,South,658,8560.39,9
3200,36,82164.25,3.5,MORTGAGE,South,709,13342.71,4
3201,34,82732.53,16.0,OWN,South,697,32427.24,5
3202,55,78391.67,6.1,RENT,West,767,29890.92,5
3203,37,70881.51,3.9,RENT,North,576,11573.1,2
3204,54,56206.89,3.8,RENT,South,616,15055.61,12
3205,46,41681.46,21.1,RENT,North,689,12009.0,8
3206,37,36044.71,2.6,RENT,East,672,8091.6,8
3207,47,103254.57,7.3,MORTGAGE,West,604,45809.28,13
3208,45,79411.79,8.0,OWN,East,769,41268.49,4
3209,53,38305.47,10.9,MORTGAGE,East,764,21485.43,7
3210,34,55266.15,6.9,MORTGAGE,North,701,11643.05,7
3211,41,46627.35,20.1,MORTGAGE,East,558,6287.38,5
3212,40,30819.25,22.0,RENT,South,659,1143.6,5
3213,49,59208.81,17.1,RENT,South,697,3579.72,8
3214,29,44013.59,8.6,RENT,East,643,5747.36,2
3215,53,33648.77,12.5,RENT,West,745,7028.97,4
3216,47,25859.51,5.1,OWN,East,632,11730.47,5
3217,25,24787.59,7.0,MORTGAGE,East,786,3360.06,6
3218,55,44994.11,4.0,MORTGAGE,South,717,14952.8,6
3219,68,51919.65,3.0,RENT,North,688,29826.44,4
3220,53,34973.63,2.9,RENT,South,717,10240.23,5
3221,58,75009.47,9.9,OWN,East,790,13425.79,4
3222,42,52429.61,18.4,RENT,East,732,8789.8,3
3223,21,72290.11,3.0,MORTGAGE,East,676,9398.08,8
3224,19,49441.46,0.7,RENT,South,620,21312.67,9
3225,44,36550.17,13.1,RENT,North,576,6482.93,4
3226,34,57357.49,2.8,RENT,North,501,28833.64,7
3227,30,28815.33,12.0,OWN,East,657,6734.67,5
3228,40,70949.19,2.0,RENT,West,654,24825.99,4
3229,48,33908.65,1.3,MORTGAGE,South,628,4387.48,6
3230,24,85743.56,6.0,RENT,East,760,37920.15,5
3231,36,45742.0,4.9,MORTGAGE,East,655,22343.34,4
3232,59,92158.64,4.6,MORTGAGE,North,824,10889.52,5
3233,28,30905.47,3.5,MORTGAGE,North,607,13453.46,4
3234,51,38604.15,4.0,RENT,North,588,9674.66,4
3235,35,65543.38,13.6,RENT,West,590,26810.66,3
3236,48,97270.26,2.9,OWN,North,744,4499.97,6
3237,54,124654.91,5.9,MORTGAGE,South,784,28581.6,7
3238,50,55308.57,2.6,RENT,South,629,11261.13,6
3239,52,135791.08,7.1,RENT,East,632,21668.88,8
3240,27,46871.62,4.6,RENT,North,771,7172.01,5
3241,54,93843.5,9.3,MORTGAGE,West,590,6622.79,2
3242,31,33823.45,10.2,RENT,South,722,21440.15,6
3243,44,66842.89,18.7,RENT,West,638,18748.91,6
3244,44,16800.32,26.0,RENT,East,651,7991.0,7
3245,47,30921.42,3.8,MORTGAGE,South,723,11237.15,5
3246,45,68414.39,11.0,OWN,East,713,24767.57,2
3247,31,28107.19,4.5,MORTGAGE,East,623,11675.74,6
3248,25,67068.84,7.0,MORTGAGE,North,776,27340.66,7
3249,51,85240.25,9.7,MORTGAGE,East,708,37651.74,4
3250,43,42164.75,9.5,RENT,East,850,18627.21,6
3251,55,33373.7,11.7,MORTGAGE,East,531,7996.26,6
3252,40,42740.69,7.5,RENT,East,540,11507.3,5
3253,24,33426.15,4.9,RENT,East,720,10012.13,6
3254,53,51502.89,7.2,MORTGAGE,South,666,7756.55,3
3255,37,57013.61,19.0,RENT,South,728,5878.03,3
3256,45,46490.11,4.1,MORTGAGE,South,587,1755.79,11
3257,33,125138.9,5.2,MORTGAGE,East,707,24165.48,3
3258,61,37808.84,3.5,RENT,South,688,10455.52,9
3259,30,108631.49,1.0,RENT,North,660,29531.33,5
3260,37,32189.01,6.3,MORTGAGE,West,665,9848.19,10
3261,42,56184.08,10.5,MORTGAGE,North,576,14574.94,5
3262,28,97885.4,3.0,OWN,North,721,21025.34,2
3263,45,95385.19,16.7,RENT,West,794,28600.58,2
3264,60,43908.84,9.1,OWN,East,575,8518.15,5
3265,35,71505.87,13.7,RENT,West,590,7601.87,8
3266,46,66875.61,8.5,RENT,South,762,25449.11,3
3267,18,41358.38,0.0,MORTGAGE,East,567,6653.14,5
3268,41,73715.99,5.0,RENT,West,741,18292.0,7
3269,37,137481.7,8.2,RENT,South,711,79268.4,6
3270,31,68586.45,8.8,RENT,North,650,15414.43,1
3271,54,71910.54,4.4,OWN,North,784,22669.46,5
3272,37,75816.97,5.7,OWN,West,748,8484.31,3
3273,39,26095.33,21.0,OWN,South,660,13610.25,12
3274,36,68194.03,7.3,RENT,South,529,17824.66,6
3275,18,32585.42,0.0,MORTGAGE,South,700,9423.3,4
3276,27,40338.29,9.0,OWN,West,583,5121.24,9
3277,53,159686.99,8.9,RENT,South,698,16848.36,4
3278,18,47732.57,0.0,RENT,South,665,4158.49,2
3279,32,37418.22,13.5,RENT,West,788,6591.6,1
3280,36,96402.87,11.4,MORTGAGE,North,675,44748.15,3
3281,62,33730.63,8.0,MORTGAGE,East,551,19985.88,1
3282,50,43316.57,8.5,RENT,North,764,24992.07,3
3283,34,101166.82,5.3,RENT,South,746,26485.54,5
3284,57,55347.33,2.5,MORTGAGE,North,724,5458.81,7
3285,32,24814.95,10.3,MORTGAGE,South,743,5075.26,4
3286,53,71110.82,1.6,RENT,North,802,6827.72,5
3287,25,44434.3,2.6,RENT,West,600,12625.78,2
3288,54,116999.59,5.7,OWN,South,603,31257.2,4
3289,36,40010.87,5.2,MORTGAGE,South,717,5198.37,7
3290,29,91639.07,11.0,MORTGAGE,East,673,12579.96,4
3291,38,131643.0,13.1,MORTGAGE,West,693,37524.26,2
3292,44,35402.17,24.9,OWN,South,574,7987.02,3
3293,35,49187.44,1.4,RENT,North,707,17585.53,4
3294,48,65795.89,9.4,RENT,North,706,31368.6,3
3295,34,35289.02,9.2,RENT,West,642,6541.31,5
3296,48,62015.99,8.3,OWN,West,578,2927.67,3
3297,46,48413.78,10.3,RENT,South,750,24877.27,8
3298,40,47928.53,11.8,RENT,North,683,28340.25,1
3299,36,55518.37,17.1,RENT,South,749,23709.18,6
3300,43,56141.6,8.5,MORTGAGE,East,524,7634.13,5
3301,48,58802.54,20.6,MORTGAGE,South,677,6919.42,8
3302,66,40158.4,8.6,RENT,North,608,10701.68,5
3303,52,41044.58,4.7,RENT,South,661,8431.75,3
3304,53,51057.42,8.0,MORTGAGE,East,734,24084.91,3
3305,75,52977.43,3.3,RENT,West,695,17807.84,8
3306,47,43502.57,3.4,MORTGAGE,North,662,8900.38,8
3307,47,63701.91,6.1,RENT,West,677,31331.35,4
3308,49,21864.49,5.4,OWN,South,525,2535.35,6
3309,29,37600.28,11.0,RENT,East,592,19091.54,9
3310,36,47100.37,6.0,MORTGAGE,West,743,8662.51,9
3311,35,35310.74,2.9,RENT,East,617,17861.28,11
3312,49,122344.85,6.9,RENT,North,782,15711.69,4
3313,39,54689.71,8.5,MORTGAGE,South,728,12100.36,9
3314,43,59182.72,7.5,MORTGAGE,West,735,17830.13,3
3315,54,42547.85,2.7,MORTGAGE,East,684,37912.64,7
3316,51,53750.62,18.0,MORTGAGE,South,639,13988.44,1
3317,39,29506.72,1.2,MORTGAGE,East,635,18952.41,3
3318,33,49766.21,7.4,OWN,South,711,20528.03,6
3319,55,33911.04,2.7,RENT,North,502,2816.88,4
3320,50,47159.85,14.0,OWN,West,752,32191.83,4
3321,22,15063.68,4.0,RENT,South,584,2291.01,8
3322,37,30822.44,8.5,RENT,South,641,2216.13,10
3323,43,112641.24,5.7,MORTGAGE,South,694,50348.44,4
3324,50,82059.42,17.0,RENT,West,684,22090.43,7
3325,52,104769.68,5.6,RENT,North,604,18245.52,9
3326,44,108430.06,21.9,RENT,North,708,21625.99,8
3327,48,75848.54,3.3,MORTGAGE,South,725,13632.55,7
3328,42,43198.7,7.0,MORTGAGE,North,518,14535.29,5
3329,33,32253.26,11.6,RENT,North,558,3247.88,6
3330,38,96121.89,9.9,RENT,North,756,10395.45,8
3331,41,55953.93,6.6,RENT,North,721,14439.32,5
3332,41,188529.81,1.4,RENT,East,741,78703.42,5
3333,18,45136.7,0.0,RENT,North,615,928.57,1
3334,36,145284.32,5.1,RENT,South,760,37735.65,6
3335,42,50091.37,4.2,OWN,East,583,15304.59,2
3336,38,105664.5,12.1,MORTGAGE,North,687,19187.02,4
3337,38,126544.07,1.1,RENT,North,612,26973.66,4
3338,47,32484.72,6.7,RENT,West,638,9987.78,7
3339,28,42510.27,0.3,RENT,East,588,11021.12,7
3340,21,32322.23,3.0,RENT,East,702,10710.34,1
3341,37,29290.77,12.2,RENT,South,676,5809.85,8
3342,50,75624.34,7.7,OWN,West,643,15321.91,6
3343,61,49103.51,4.7,MORTGAGE,North,742,12753.85,11
3344,50,55613.61,16.8,MORTGAGE,North,604,21545.33,7
3345,23,71547.69,5.0,RENT,West,679,10539.26,5
3346,38,21403.43,8.8,MORTGAGE,North,590,4787.33,7
3347,44,103092.61,19.4,OWN,East,748,33723.44,6
3348,43,45499.33,3.3,RENT,North,708,3133.69,5
3349,47,70699.99,6.3,OWN,South,772,21040.1,9
3350,30,73891.75,0.6,RENT,East,688,16265.96,5
3351,42,107516.36,2.5,MORTGAGE,South,490,70137.61,9
3352,46,51409.14,2.3,RENT,East,638,9086.04,6
3353,51,18735.61,9.9,MORTGAGE,North,737,893.72,10
3354,31,55746.16,2.7,RENT,South,648,6302.55,4
3355,37,59895.31,3.9,MORTGAGE,East,540,3372.71,4
3356,18,32301.52,0.0,MORTGAGE,North,681,5418.31,3
3357,34,58322.62,2.0,MORTGAGE,East,710,15702.85,8
3358,35,45228.87,7.3,MORTGAGE,South,612,15038.6,3
3359,29,27684.36,8.3,RENT,South,626,3355.12,12
3360,43,75791.58,1.6,MORTGAGE,South,624,41588.88,3
3361,40,40869.42,11.1,RENT,West,695,9777.88,11
3362,18,44214.6,0.0,MORTGAGE,South,666,697.76,4
3363,44,42989.47,4.3,RENT,North,579,7837.9,4
3364,30,100482.54,9.5,MORTGAGE,West,694,7537.92,9
3365,47,53079.28,4.3,RENT,North,618,13972.52,6
3366,26,56361.97,2.5,OWN,West,774,26381.79,8
3367,41,43463.72,7.0,MORTGAGE,North,724,7721.64,2
3368,38,68284.18,14.1,RENT,South,671,9771.21,3
3369,45,106367.89,12.9,MORTGAGE,South,703,58992.29,6
3370,42,74901.59,4.0,RENT,North,754,23349.47,6
3371,38,76376.74,2.9,RENT,East,672,14350.83,1
3372,23,73358.61,3.5,RENT,South,735,26776.94,2
3373,23,27170.27,5.0,MORTGAGE,South,746,6369.12,7
3374,34,34959.33,3.4,OWN,West,618,9139.38,7
3375,41,48898.71,18.7,OWN,East,781,25971.48,7
3376,34,37686.91,9.4,RENT,South,750,10638.41,4
3377,49,31816.22,6.4,RENT,South,666,17743.75,6
3378,38,21245.75,3.9,OWN,North,601,5324.46,4
3379,29,27632.15,7.0,RENT,West,660,15999.61,7
3380,38,47654.73,2.5,MORTGAGE,East,648,2828.29,6
3381,44,52328.0,1.6,OWN,East,613,12520.14,4
3382,45,36441.85,9.5,RENT,South,691,2874.16,3
3383,64,56357.05,6.3,RENT,South,600,4873.03,9
3384,33,43611.81,11.3,OWN,North,638,18553.47,3
3385,40,93459.81,8.1,MORTGAGE,North,669,24697.32,6
3386,46,49970.45,3.9,OWN,South,571,6742.37,6
3387,41,76739.01,12.9,MORTGAGE,North,730,29174.54,8
3388,35,59970.43,4.3,RENT,North,658,4512.42,6
3389,22,26875.34,4.0,OWN,South,733,14942.99,3
3390,35,51775.43,4.2,MORTGAGE,South,651,8207.32,3
3391,28,29207.71,1.9,OWN,South,617,13444.92,3
3392,20,51325.33,2.0,MORTGAGE,West,605,4612.94,1
3393,31,37325.6,4.0,MORTGAGE,East,658,11472.21,7
3394,28,65577.08,4.3,RENT,North,681,28170.74,4
3395,48,27689.9,2.0,RENT,West,695,3812.33,3
3396,48,54576.08,5.9,OWN,South,675,19213.48,3
3397,30,72128.74,2.3,OWN,South,828,8604.19,7
3398,38,85288.75,16.7,MORTGAGE,West,720,29324.07,5
3399,19,36972.0,1.0,OWN,North,586,2235.67,6
3400,35,54659.35,3.0,RENT,East,595,18816.63,3
3401,46,59401.42,6.8,OWN,South,711,24026.16,10
3402,51,117425.94,26.9,MORTGAGE,North,630,21428.84,3
3403,32,25831.11,7.0,MORTGAGE,South,682,6581.33,6
3404,54,34353.14,5.4,MORTGAGE,South,714,6844.95,6
3405,23,220186.73,5.0,MORTGAGE,North,790,50324.19,10
3406,26,47261.5,8.0,OWN,South,604,5925.12,6
3407,50,21046.78,11.0,RENT,South,697,8849.23,4
3408,61,40486.54,7.9,OWN,South,681,13824.93,4
3409,47,15000.0,13.3,RENT,North,576,8071.4,6
3410,41,61111.81,6.9,RENT,South,664,8779.66,7
3411,18,81218.02,0.0,MORTGAGE,South,719,31931.75,4
3412,18,34343.53,0.0,MORTGAGE,South,605,8732.4,10
3413,43,42814.75,4.2,OWN,East,682,15049.11,5
3414,37,85976.31,11.9,RENT,West,790,60900.27,9
3415,28,22581.64,4.0,RENT,North,702,10351.85,7
3416,42,27979.14,0.9,MORTGAGE,South,649,2161.82,8
3417,42,48336.51,1.6,OWN,West,682,1127.96,3
3418,52,37191.39,8.5,OWN,East,617,11254.97,7
3419,43,46773.24,3.5,OWN,West,628,9468.18,4
3420,56,28799.83,11.2,MORTGAGE,East,537,2607.28,6
3421,41,60304.18,6.4,OWN,East,692,30609.49,3
3422,40,50281.05,11.9,RENT,North,715,15138.3,5
3423,54,71295.98,1.0,OWN,South,676,13352.81,4
3424,29,59886.1,4.0,MORTGAGE,East,613,10129.94,7
3425,75,60074.76,2.9,RENT,South,679,7269.49,4
3426,46,26287.43,28.0,MORTGAGE,West,735,7269.39,4
3427,46,69306.62,4.6,MORTGAGE,West,743,18033.62,4
3428,47,45915.9,1.6,RENT,North,661,20856.25,5
3429,64,49846.36,8.4,RENT,South,810,16355.58,8
3430,51,91503.47,2.7,MORTGAGE,West,850,43013.11,6
3431,22,37808.24,4.0,OWN,West,622,10205.57,4
3432,58,106467.19,14.2,MORTGAGE,West,680,30394.79,4
3433,37,111551.05,2.9,RENT,East,747,23171.4,5
3434,42,78935.96,3.6,MORTGAGE,West,621,10531.16,4
3435,26,33179.57,7.8,RENT,South,710,2578.67,5
3436,47,18157.76,13.0,RENT,North,633,5870.67,5
3437,33,92912.87,8.5,RENT,North,718,33496.8,5
3438,42,57279.18,4.6,MORTGAGE,South,632,26653.96,7
3439,38,37324.35,1.9,RENT,West,600,9769.91,4
3440,64,97419.45,19.9,RENT,South,554,36175.29,4
3441,65,35214.76,8.7,RENT,East,757,14524.78,7
3442,42,43823.36,22.7,MORTGAGE,South,727,8306.19,3
3443,42,70434.97,9.6,RENT,East,728,31269.76,8
3444,37,31045.17,19.0,RENT,North,672,4729.79,5
3445,54,51290.43,3.3,MORTGAGE,South,507,7002.06,6
3446,37,93392.71,3.5,MORTGAGE,North,639,32771.01,10
3447,36,60207.69,5.6,OWN,South,656,21879.72,8
3448,53,101084.61,3.1,MORTGAGE,South,619,19664.73,7
3449,35,95492.33,1.3,MORTGAGE,East,574,7595.48,10
3450,41,54386.39,3.8,OWN,South,602,3467.13,4
3451,22,16841.97,4.0,MORTGAGE,West,627,6063.35,15
3452,49,31166.96,2.2,MORTGAGE,West,651,4604.94,8
3453,64,79353.44,2.4,RENT,South,749,17123.39,5
3454,50,24956.12,4.0,RENT,North,783,17217.11,6
3455,59,46011.82,2.8,RENT,North,711,3073.59,11
3456,31,64166.74,4.2,RENT,North,664,9872.39,6
3457,44,112959.58,5.9,OWN,North,825,37575.92,7
3458,30,40639.27,2.3,RENT,West,548,12309.29,2
3459,38,39271.57,4.1,MORTGAGE,West,512,9053.58,10
3460,50,52774.17,6.3,OWN,North,607,3158.78,5
3461,42,64566.86,3.2,MORTGAGE,West,734,16645.32,8
3462,24,50155.16,1.9,RENT,West,679,24881.76,5
3463,25,91549.42,3.4,OWN,South,612,26958.24,6
3464,24,36331.05,4.8,RENT,West,603,3078.67,6
3465,47,57531.07,1.3,RENT,West,585,10455.21,7
3466,66,67684.09,9.6,RENT,West,592,36641.45,5
3467,57,44350.69,5.0,RENT,East,771,27849.89,7
3468,18,82442.39,0.0,OWN,South,677,28618.67,6
3469,58,58365.44,1.5,RENT,North,797,15514.69,12
3470,52,80372.14,8.7,OWN,West,623,33845.81,7
3471,22,59697.9,4.0,RENT,South,708,10926.56,4
3472,37,65395.08,4.0,OWN,South,693,24328.5,6
3473,54,39490.05,21.4,RENT,South,719,6659.26,6
3474,48,39522.05,6.1,OWN,South,675,5426.41,9
3475,25,99927.3,6.3,RENT,North,763,6417.98,5
3476,48,74440.48,11.6,OWN,West,722,35073.03,5
3477,18,32484.47,0.0,OWN,South,573,7386.22,5
3478,38,59303.98,2.2,MORTGAGE,South,725,19443.95,3
3479,55,16532.97,3.8,RENT,South,615,8150.33,9
3480,41,40661.21,13.0,MORTGAGE,East,604,4824.12,7
3481,35,87598.03,9.2,MORTGAGE,West,738,10177.25,9
3482,52,50890.28,21.5,MORTGAGE,West,732,29215.2,8
3483,53,57466.44,8.2,MORTGAGE,West,639,15077.21,7
3484,57,15000.0,9.4,OWN,South,594,4745.35,5
3485,51,44527.99,3.4,OWN,West,565,14033.87,7
3486,54,64160.06,14.2,MORTGAGE,South,550,3941.11,7
3487,50,68366.96,0.6,RENT,East,662,27221.29,3
3488,44,87656.22,7.1,RENT,East,745,35483.77,8
3489,42,48770.02,9.6,MORTGAGE,South,626,9022.99,6
3490,38,49869.86,7.8,OWN,South,767,13263.37,2
3491,26,27831.99,6.1,RENT,East,629,10109.98,9
3492,30,48910.1,5.6,RENT,South,652,13378.53,5
3493,38,28831.17,6.3,RENT,East,625,12348.09,7
3494,44,21505.52,2.5,RENT,South,702,6073.91,7
3495,58,31489.53,7.8,OWN,East,581,6107.29,12
3496,40,115190.49,3.4,MORTGAGE,West,691,23863.94,5
3497,53,47321.47,4.0,RENT,North,626,15007.32,6
3498,54,60472.18,2.2,RENT,North,635,17500.35,3
3499,38,41908.83,20.0,RENT,East,662,9354.2,9
3500,48,22130.78,7.4,MORTGAGE,North,626,9859.48,4
3501,38,86513.57,1.8,MORTGAGE,North,762,2817.15,13
3502,57,18286.18,6.8,RENT,East,626,3868.73,8
3503,49,41052.36,14.1,RENT,North,698,9263.89,2
3504,27,52716.96,7.7,OWN,East,681,15089.79,3
3505,43,60793.91,6.0,OWN,North,773,9023.72,7
3506,61,37675.5,3.2,MORTGAGE,North,634,5968.26,5
3507,39,21612.33,7.7,MORTGAGE,South,612,4068.43,9
3508,46,36295.66,10.7,OWN,West,706,7360.76,6
3509,48,37257.96,10.8,MORTGAGE,South,633,11633.26,5
3510,29,36807.37,7.2,OWN,South,689,6606.72,8
3511,47,87994.47,7.2,RENT,South,850,25004.15,5
3512,24,29531.08,6.0,RENT,East,577,5422.73,8
3513,33,62974.78,14.6,RENT,East,783,39779.58,6
3514,54,58638.6,5.4,OWN,South,639,10333.5,11
3515,45,87572.96,20.3,MORTGAGE,North,783,18073.15,11
3516,37,50687.47,1.8,RENT,South,715,7738.99,5
3517,46,80464.03,7.4,OWN,East,728,4251.28,3
3518,40,49706.45,8.0,OWN,West,656,2537.45,6
3519,41,67318.9,3.0,RENT,East,661,7385.32,2
3520,49,25553.5,1.5,MORTGAGE,East,589,9237.79,7
3521,32,15000.0,3.1,MORTGAGE,South,619,802.91,5
3522,41,65432.44,12.3,RENT,East,665,5265.71,7
3523,37,67210.96,12.5,MORTGAGE,East,692,22229.83,5
3524,22,68716.95,4.0,RENT,North,581,14416.74,6
3525,30,41669.88,3.4,OWN,West,661,16752.98,4
3526,60,114103.49,12.6,OWN,South,788,43811.1,7
3527,46,43047.57,3.7,OWN,East,727,17631.6,3
3528,25,66865.57,7.0,MORTGAGE,East,680,8346.81,7
3529,23,72934.58,5.0,RENT,West,850,8186.98,5
3530,40,127946.83,4.6,RENT,North,664,8863.03,7
3531,60,46234.67,10.0,MORTGAGE,West,658,14063.78,3
3532,39,39081.46,11.4,RENT,North,555,7611.37,5
3533,57,25614.84,3.3,MORTGAGE,North,612,3095.72,10
3534,45,117734.04,6.6,RENT,West,826,16409.91,8
3535,47,66883.36,11.0,RENT,South,653,18293.85,5
3536,25,67950.21,0.3,MORTGAGE,East,572,38067.83,2
3537,52,250000.0,8.6,MORTGAGE,South,792,63022.99,9
3538,37,63737.12,11.1,MORTGAGE,West,704,24769.85,6
3539,51,28249.73,8.8,MORTGAGE,West,702,6256.92,8
3540,31,49121.31,9.1,RENT,South,645,25163.06,1
3541,43,33276.57,6.0,MORTGAGE,West,580,20313.45,3
3542,45,44447.58,10.6,MORTGAGE,North,649,14083.99,8
3543,39,44298.46,2.1,MORTGAGE,East,701,9050.07,4
3544,46,40396.07,3.1,RENT,West,653,12607.23,4
3545,38,26993.7,9.0,MORTGAGE,East,669,13141.57,10
3546,33,120120.52,10.6,RENT,East,664,18080.27,6
3547,60,62907.71,14.1,MORTGAGE,West,706,12791.88,7
3548,54,48400.43,18.3,RENT,East,665,17403.99,5
3549,32,79127.75,3.5,OWN,West,636,27678.42,7
3550,48,68564.74,2.4,OWN,North,689,31542.61,4
3551,32,62183.52,12.1,MORTGAGE,South,648,28384.42,5
3552,27,76305.4,4.5,OWN,West,727,35159.81,1
3553,53,57928.65,6.1,MORTGAGE,South,734,43894.97,2
3554,21,75743.71,3.0,RENT,South,719,21264.89,6
3555,52,78948.91,7.4,MORTGAGE,West,571,3262.19,3
3556,38,58768.39,10.4,OWN,South,606,2543.53,3
3557,38,48523.46,3.2,RENT,North,621,32485.42,3
3558,46,116447.86,8.1,RENT,North,645,30701.65,6
3559,48,42661.38,8.0,MORTGAGE,South,622,9896.64,4
3560,31,65884.39,13.0,RENT,South,743,38387.9,3
3561,50,66632.93,16.1,MORTGAGE,North,727,18743.79,5
3562,42,39943.49,4.4,MORTGAGE,West,628,7048.41,10
3563,26,36173.74,2.7,MORTGAGE,South,695,18345.38,11
3564,39,45391.22,10.8,RENT,West,686,24470.75,9
3565,58,42357.11,1.3,RENT,West,658,17138.56,4
3566,61,26132.49,11.3,OWN,South,721,9260.77,9
3567,50,39114.65,12.0,RENT,West,611,12263.43,1
3568,27,61889.85,4.1,MORTGAGE,North,679,15344.67,5
3569,47,102024.86,0.4,RENT,East,622,33050.89,12
3570,51,71481.62,12.9,RENT,West,611,30272.38,11
3571,50,15000.0,16.9,MORTGAGE,West,523,4402.74,8
3572,50,74656.42,16.1,RENT,North,614,18952.92,6
3573,45,40983.47,16.5,MORTGAGE,South,665,604.0,8
3574,40,67950.86,1.9,MORTGAGE,South,658,13832.23,7
3575,34,53794.82,6.7,OWN,West,651,26612.61,4
3576,18,49200.36,0.0,OWN,North,645,3063.33,8
3577,45,51476.58,7.1,RENT,South,792,14516.31,3
3578,43,53572.32,10.5,RENT,South,590,7087.49,4
3579,48,106106.91,2.6,OWN,South,610,24997.18,5
3580,25,53646.41,1.3,RENT,South,610,9904.54,5
3581,49,93224.71,0.9,RENT,South,687,24164.12,13
3582,66,86677.79,13.0,RENT,East,725,26660.85,3
3583,42,75623.53,1.9,MORTGAGE,South,727,14245.45,7
3584,40,22174.33,7.0,RENT,South,700,5613.49,3
3585,45,94685.52,3.9,RENT,South,685,31884.36,10
3586,65,43090.13,4.1,MORTGAGE,South,633,2812.74,8
3587,29,77486.86,5.5,MORTGAGE,West,799,37525.14,4
3588,43,33314.02,4.2,RENT,South,456,9723.68,6
3589,31,29955.34,1.3,MORTGAGE,South,651,11988.77,6
3590,34,145538.27,5.5,MORTGAGE,North,740,46784.97,6
3591,40,33574.04,3.3,RENT,North,782,12948.31,9
3592,57,96091.23,3.1,RENT,West,577,4203.03,4
3593,63,57481.02,20.2,RENT,West,643,23596.48,7
3594,46,43911.87,1.6,RENT,North,567,7363.43,3
3595,36,52975.54,5.3,OWN,South,543,20130.19,11
3596,71,28267.07,7.5,RENT,South,630,2533.2,5
3597,36,53805.06,18.0,OWN,East,728,8272.39,10
3598,34,31527.95,2.3,RENT,North,733,13780.01,11
3599,20,44457.02,2.0,RENT,West,625,6726.72,2
3600,58,86047.07,5.5,MORTGAGE,North,735,37373.64,12
3601,53,61518.63,5.6,OWN,West,661,21106.05,6
3602,70,25820.26,10.0,RENT,North,679,2207.08,8
3603,24,82929.33,6.0,RENT,South,768,37929.94,3
3604,58,53984.39,4.2,MORTGAGE,South,656,17813.21,6
3605,42,41311.96,7.9,RENT,South,735,5438.12,5
3606,51,78695.26,7.1,MORTGAGE,West,600,26936.98,9
3607,21,49831.2,3.0,OWN,South,713,17680.03,3
3608,59,30247.52,11.3,RENT,North,719,850.43,6
3609,50,136476.11,3.5,OWN,West,772,20336.31,2
3610,41,53710.1,4.7,RENT,North,587,13174.28,6
3611,49,52016.04,1.3,OWN,North,654,6908.6,3
3612,32,44242.78,9.5,OWN,North,683,9432.83,5
3613,34,97731.86,6.6,MORTGAGE,South,725,26700.7,6
3614,35,41671.0,16.9,OWN,West,668,15300.82,2
3615,19,25021.98,1.0,OWN,North,739,5462.46,5
3616,51,38586.63,21.9,RENT,East,566,5849.74,8
3617,55,105175.67,10.6,RENT,South,680,42875.37,5
3618,33,82130.61,10.3,RENT,North,568,22921.02,6
3619,45,47690.72,3.9,MORTGAGE,East,708,11586.7,9
3620,38,107648.61,5.1,MORTGAGE,East,736,38957.01,9
3621,45,78745.08,4.4,MORTGAGE,East,850,5332.78,8
3622,33,47415.54,14.9,MORTGAGE,North,737,26663.3,9
3623,30,49863.53,1.1,RENT,North,690,4527.32,11
3624,54,63873.44,5.7,RENT,East,694,40251.55,7
3625,40,35741.1,6.1,RENT,East,631,3903.39,10
3626,65,54298.54,4.3,OWN,South,679,21426.63,5
3627,42,63212.46,2.8,RENT,North,696,28663.07,3
3628,30,23307.18,0.5,RENT,West,499,7788.71,8
3629,56,49283.26,5.8,RENT,North,680,16968.37,5
3630,49,46558.83,9.4,OWN,East,671,9289.14,6
3631,50,90584.1,6.6,RENT,East,813,22969.62,6
3632,55,21541.82,2.8,MORTGAGE,North,624,8804.19,6
3633,33,44767.92,6.2,RENT,South,609,7266.81,5
3634,39,42579.26,17.1,RENT,South,679,24390.86,7
3635,39,87556.14,3.6,MORTGAGE,East,694,34449.64,10
3636,26,53009.52,7.4,MORTGAGE,West,660,17357.5,4
3637,38,132992.41,8.2,MORTGAGE,South,616,11712.31,2
3638,57,75441.04,1.8,RENT,North,672,8218.55,6
3639,44,44129.71,4.9,OWN,South,621,3694.11,9
3640,25,61073.26,5.0,MORTGAGE,East,660,23010.6,1
3641,22,45386.3,4.0,OWN,South,714,14702.86,11
3642,61,83257.88,14.6,RENT,West,640,13443.54,3
3643,40,27830.87,2.2,RENT,North,628,7120.74,6
3644,33,35887.78,15.0,RENT,North,691,12716.91,1
3645,38,68039.59,10.0,MORTGAGE,North,660,21641.47,5
3646,23,99995.28,5.0,MORTGAGE,West,850,11011.64,4
3647,58,18016.0,0.8,MORTGAGE,East,643,9965.8,7
3648,36,107714.08,18.0,RENT,South,611,1126.05,5
3649,57,50510.29,1.7,RENT,South,608,15362.53,8
3650,42,21121.83,3.0,RENT,West,567,8951.38,7
3651,58,15000.0,3.0,OWN,West,561,2565.7,7
3652,44,25217.84,9.6,RENT,South,677,6720.43,6
3653,51,53645.22,5.3,RENT,West,592,6320.39,4
3654,50,52420.39,3.5,RENT,West,645,8888.49,7
3655,48,74354.56,19.6,RENT,South,763,40794.85,3
3656,45,41161.41,0.6,OWN,South,623,16195.79,7
3657,38,31131.63,12.7,RENT,South,695,7278.16,3
3658,64,44066.57,6.0,OWN,South,544,4999.34,6
3659,30,55094.5,3.4,MORTGAGE,West,645,11687.1,5
3660,41,60802.51,3.8,MORTGAGE,South,613,17531.95,6
3661,41,36512.78,4.8,MORTGAGE,North,675,6886.89,6
3662,46,85026.93,3.1,MORTGAGE,South,616,20186.75,6
3663,36,39707.75,11.3,MORTGAGE,East,802,350.53,5
3664,45,35071.4,4.5,RENT,North,538,8821.48,4
3665,39,41307.7,10.2,OWN,South,739,9710.33,4
3666,22,92727.47,3.8,RENT,North,753,42607.82,6
3667,41,50695.97,7.3,RENT,West,689,9185.83,10
3668,28,38282.31,7.3,RENT,North,660,14307.26,9
3669,20,86081.85,2.0,MORTGAGE,North,818,35551.49,5
3670,43,158161.87,15.5,RENT,West,850,59591.22,2
3671,47,60164.71,16.6,RENT,North,660,17504.27,4
3672,47,100400.38,10.9,RENT,East,706,29734.03,5
3673,48,90947.62,13.4,RENT,South,652,35967.55,3
3674,18,40021.82,0.0,RENT,West,576,8708.24,5
3675,25,54902.66,4.3,OWN,North,703,16177.73,1
3676,65,28530.46,5.6,RENT,North,662,4954.86,12
3677,28,48899.81,0.8,OWN,North,553,23241.1,4
3678,48,39612.69,2.6,MORTGAGE,West,689,15588.92,5
3679,33,44291.9,1.7,MORTGAGE,West,682,4956.53,4
3680,42,37236.79,3.4,OWN,South,613,11158.13,9
3681,33,46931.84,7.7,RENT,North,618,16898.17,6
3682,48,70694.03,4.1,MORTGAGE,North,710,36104.6,6
3683,43,51034.34,11.7,RENT,North,780,22896.22,6
3684,36,21328.8,2.7,RENT,North,661,6744.76,2
3685,28,37307.13,9.9,RENT,West,710,3437.12,5
3686,44,25344.08,2.5,MORTGAGE,North,581,7111.12,6
3687,26,61207.81,8.0,OWN,West,646,17310.58,7
3688,46,69679.31,2.7,RENT,North,723,17130.17,1
3689,73,61591.19,8.8,MORTGAGE,West,580,28629.89,8
3690,57,36544.93,3.5,RENT,South,669,14905.44,4
3691,50,61293.37,18.3,RENT,North,709,24694.51,7
3692,40,42827.81,17.8,RENT,West,658,21420.9,11
3693,18,30665.31,0.0,MORTGAGE,South,670,9634.8,2
3694,25,78508.72,7.0,MORTGAGE,West,689,23391.61,6
3695,56,81553.45,11.1,RENT,West,643,29187.76,8
3696,32,87068.26,9.7,RENT,West,607,4445.27,4
3697,33,39967.65,12.2,MORTGAGE,West,652,10394.53,8
3698,39,97702.38,2.7,OWN,North,785,16773.83,7
3699,28,42328.2,6.4,RENT,South,732,16217.54,7
3700,26,75113.13,3.7,MORTGAGE,East,659,36229.29,9
3701,40,41963.0,17.6,MORTGAGE,South,634,12162.53,4
3702,30,48436.5,2.0,MORTGAGE,South,635,1960.46,5
3703,32,16145.73,14.0,RENT,North,591,12213.95,10
3704,32,46585.44,6.5,OWN,East,684,13153.5,4
3705,47,56700.88,12.3,MORTGAGE,South,746,23425.34,6
3706,38,44133.53,4.1,RENT,North,820,22388.48,8
3707,39,130365.07,1.8,OWN,West,647,90142.6,6
3708,48,30295.88,17.1,OWN,West,692,9125.33,6
3709,39,40872.36,9.2,MORTGAGE,South,697,25607.27,8
3710,38,34460.32,2.2,OWN,North,629,9139.44,4
3711,47,40868.36,5.8,RENT,East,587,1619.67,4
3712,49,90735.73,5.5,MORTGAGE,North,710,36002.08,3
3713,39,113438.47,9.0,RENT,East,848,79813.17,10
3714,42,38162.31,2.7,OWN,West,675,1217.47,3
3715,32,37740.77,2.1,RENT,South,600,5242.29,4
3716,31,30376.84,7.1,RENT,South,636,18654.55,8
3717,50,104103.69,2.8,RENT,North,616,60820.31,8
3718,46,94892.71,17.5,MORTGAGE,South,694,11967.55,4
3719,46,51380.25,11.5,MORTGAGE,East,716,24020.9,3
3720,44,26955.71,11.3,MORTGAGE,North,594,9905.0,6
3721,42,28188.48,0.7,RENT,West,416,6328.73,2
3722,49,59001.3,4.2,RENT,East,693,19503.6,5
3723,52,71301.24,5.0,MORTGAGE,North,646,17709.11,11
3724,52,19282.01,2.4,RENT,South,576,5640.86,10
3725,40,46135.83,9.8,MORTGAGE,South,610,7757.04,8
3726,58,121679.76,8.8,OWN,South,730,36558.11,8
3727,44,48593.52,10.9,MORTGAGE,East,637,23136.02,9
3728,49,114098.69,13.2,RENT,North,765,11546.56,7
3729,44,74945.99,12.8,MORTGAGE,North,750,12381.56,2
3730,44,31503.7,26.0,OWN,North,629,2310.35,9
3731,32,46801.21,6.2,MORTGAGE,North,628,11235.22,12
3732,49,50800.06,5.4,OWN,East,676,6503.08,6
3733,75,33649.19,9.7,RENT,West,641,1927.32,2
3734,37,33358.44,14.9,MORTGAGE,East,528,4298.86,1
3735,42,115080.17,1.3,RENT,West,834,51051.75,5
3736,36,33233.7,3.2,MORTGAGE,East,700,17890.29,8
3737,35,92894.34,3.9,OWN,South,659,49395.84,5
3738,60,43554.04,6.7,OWN,West,527,21102.58,6
3739,33,53486.27,4.3,RENT,North,657,14279.14,7
3740,35,71748.5,13.4,OWN,North,640,15279.85,2
3741,22,40163.77,4.0,RENT,West,654,20908.13,5
3742,32,71966.22,5.8,MORTGAGE,East,530,27840.49,6
3743,20,19473.02,2.0,MORTGAGE,West,596,2666.7,2
3744,49,67498.03,0.9,MORTGAGE,North,650,42849.98,6
3745,75,15767.95,8.6,RENT,West,607,2163.31,4
3746,37,48367.17,2.9,MORTGAGE,North,649,25890.03,5
3747,21,83043.64,3.0,MORTGAGE,South,691,35411.82,6
3748,52,73950.24,1.1,MORTGAGE,West,789,32011.74,5
3749,32,28305.03,9.3,MORTGAGE,South,608,4507.47,3
3750,57,30187.03,3.0,MORTGAGE,East,583,6399.31,5
3751,38,38394.29,15.1,RENT,West,535,6872.5,8
3752,33,59462.9,1.4,RENT,West,638,19134.64,9
3753,39,19614.68,6.5,MORTGAGE,North,531,4032.16,9
3754,50,53819.34,10.6,MORTGAGE,North,737,5285.38,7
3755,38,63304.69,8.2,RENT,West,670,10149.68,9
3756,35,47027.2,8.2,RENT,East,730,11208.72,7
3757,39,70450.14,2.0,OWN,South,783,10850.38,6
3758,26,60588.6,1.8,OWN,North,614,29110.74,8
3759,46,41322.93,7.9,MORTGAGE,North,635,20649.95,7
3760,20,20576.51,2.0,MORTGAGE,West,724,5062.07,6
3761,36,57913.54,2.5,OWN,South,686,17119.06,4
3762,50,33639.7,2.4,MORTGAGE,West,687,13533.51,4
3763,45,40571.81,5.8,RENT,North,731,22152.79,5
3764,48,68841.5,4.6,MORTGAGE,North,742,21327.38,6
3765,40,110047.43,21.8,OWN,East,727,21717.91,4
3766,55,53155.13,15.7,MORTGAGE,West,767,9530.6,8
3767,52,71469.95,11.5,RENT,South,676,43063.38,8
3768,46,26311.47,17.1,OWN,South,677,4446.93,3
3769,52,61252.61,3.6,MORTGAGE,East,663,10035.34,7
3770,50,52577.68,4.1,RENT,North,740,27476.52,11
3771,36,100168.98,14.2,OWN,South,646,24752.44,6
3772,25,41347.65,6.5,MORTGAGE,East,541,15673.3,7
3773,46,48010.8,6.8,OWN,North,711,17551.79,3
3774,48,91987.43,2.2,OWN,East,620,8879.97,6
3775,54,51739.83,13.7,RENT,North,590,11215.32,4
3776,30,31119.17,9.7,MORTGAGE,East,736,3907.99,6
3777,30,194039.42,5.1,RENT,West,789,28416.72,12
3778,47,31593.4,4.2,OWN,West,624,4956.65,10
3779,40,52451.8,15.3,OWN,East,456,5200.11,6
3780,18,64430.61,0.0,OWN,East,714,37781.63,9
3781,46,61933.02,1.6,MORTGAGE,South,722,17339.72,9
3782,19,49272.83,1.0,MORTGAGE,South,702,23527.96,3
3783,30,49395.76,12.0,RENT,North,699,12570.08,5
3784,57,48172.04,3.7,RENT,East,653,24561.91,8
3785,63,31009.01,24.6,RENT,North,619,1507.84,11
3786,26,158753.76,6.0,OWN,South,636,9677.31,7
3787,37,48533.26,3.7,MORTGAGE,South,617,13063.59,9
3788,42,73018.31,9.4,MORTGAGE,East,704,20102.39,7
3789,62,45829.06,1.9,RENT,South,687,19420.35,7
3790,35,45370.53,2.8,MORTGAGE,South,718,11940.82,6
3791,35,43143.12,8.0,MORTGAGE,East,562,11852.73,4
3792,60,24961.18,6.9,OWN,West,523,6607.04,5
3793,37,49995.56,12.3,OWN,East,640,13666.6,14
3794,50,44200.71,2.2,MORTGAGE,South,590,2905.35,4
3795,23,97320.24,5.0,OWN,West,706,39746.85,5
3796,39,29781.72,4.6,RENT,North,554,13710.35,3
3797,21,40596.06,3.0,RENT,South,741,6661.14,10
3798,28,34571.32,4.4,MORTGAGE,North,594,10831.24,6
3799,51,111442.63,1.9,MORTGAGE,South,810,15735.83,6
3800,40,35076.82,6.2,RENT,East,689,8625.69,6
3801,37,71764.84,10.5,RENT,South,607,25299.62,5
3802,32,87999.0,5.5,MORTGAGE,West,836,35605.03,7
3803,38,50359.3,3.1,RENT,East,686,29923.06,8
3804,45,27216.93,12.6,RENT,North,654,8213.44,10
3805,53,27389.72,12.9,MORTGAGE,South,638,5245.6,6
3806,18,83273.2,0.0,OWN,East,720,21344.24,10
3807,31,28845.32,8.3,RENT,South,682,8165.38,9
3808,43,65907.88,12.5,RENT,South,617,14250.13,4
3809,40,57364.13,10.4,RENT,South,657,14944.7,10
3810,46,65418.88,8.2,RENT,South,686,3851.42,6
3811,44,68582.48,10.1,MORTGAGE,South,720,6456.67,9
3812,37,33967.67,8.8,RENT,West,693,7820.21,9
3813,35,33264.16,6.5,RENT,North,662,5131.54,5
3814,38,77455.86,2.2,OWN,North,646,38958.22,6
3815,55,39550.27,2.7,MORTGAGE,East,615,11697.1,8
3816,32,15000.0,9.1,RENT,West,535,5641.13,5
3817,40,74935.1,4.3,RENT,East,724,15312.61,9
3818,43,32269.23,8.8,OWN,South,606,9312.47,7
3819,60,68430.09,2.1,MORTGAGE,West,666,27878.9,5
3820,37,108706.94,3.4,OWN,South,714,38632.67,6
3821,53,54632.34,5.5,RENT,South,671,364.36,6
3822,56,89132.82,0.6,MORTGAGE,East,690,8781.09,4
3823,40,58506.83,3.0,RENT,South,610,26125.76,7
3824,38,119816.26,3.7,RENT,East,721,60048.96,2
3825,37,31854.9,7.3,MORTGAGE,West,627,5748.84,1
3826,38,53954.29,5.2,MORTGAGE,North,664,25056.61,8
3827,51,75855.14,7.6,RENT,North,765,13078.07,8
3828,44,49256.38,6.7,RENT,South,702,8684.58,3
3829,44,96385.35,5.1,MORTGAGE,South,653,3316.58,5
3830,27,43650.95,3.8,RENT,East,651,25905.24,5
3831,29,152464.27,6.8,RENT,West,823,24451.33,3
3832,67,156544.99,14.9,RENT,East,691,15945.63,5
3833,39,62382.25,3.8,RENT,West,678,8374.14,9
3834,32,71417.67,14.0,OWN,North,728,7911.88,10
3835,58,98305.55,6.9,RENT,North,709,15840.6,6
3836,44,29923.56,11.8,MORTGAGE,South,620,13697.71,4
3837,48,28113.35,8.4,MORTGAGE,West,592,7437.68,3
3838,39,101540.14,9.3,RENT,North,694,18839.93,6
3839,37,62130.62,3.0,MORTGAGE,North,722,23815.26,8
3840,39,48375.43,4.3,RENT,South,758,15185.05,4
3841,24,54478.51,1.3,OWN,South,568,21989.06,6
3842,40,16431.89,5.4,MORTGAGE,East,746,9430.7,6
3843,45,49252.67,10.0,MORTGAGE,West,646,5166.03,3
3844,63,37178.15,5.4,RENT,North,720,3003.12,5
3845,42,85736.66,12.3,OWN,South,637,13303.9,7
3846,18,89100.07,0.0,MORTGAGE,North,577,14321.37,6
3847,40,72282.7,3.6,RENT,North,590,28656.64,7
3848,74,66021.08,4.2,RENT,South,655,20702.94,5
3849,51,25625.07,10.7,RENT,East,677,7946.12,4
3850,31,72789.1,13.0,RENT,East,684,6076.07,6
3851,48,74213.32,22.7,RENT,East,665,4722.01,8
3852,32,100971.78,9.9,OWN,West,773,34024.08,5
3853,25,156233.18,7.0,OWN,North,713,41162.05,8
3854,37,23242.08,1.6,RENT,East,656,2965.2,5
3855,42,44612.15,2.1,OWN,East,850,11116.33,5
3856,19,37379.09,1.0,MORTGAGE,North,655,4790.37,8
3857,27,59056.72,9.0,MORTGAGE,South,625,2695.19,3
3858,41,54540.61,15.4,OWN,North,704,7947.19,10
3859,36,48192.51,18.0,MORTGAGE,North,717,11174.88,8
3860,46,90563.11,3.0,MORTGAGE,South,712,22839.92,8
3861,26,31234.95,5.9,RENT,North,659,10663.35,4
3862,50,32190.91,1.2,RENT,West,753,4352.76,6
3863,27,32464.01,1.8,OWN,West,745,10638.91,7
3864,61,45244.49,5.0,RENT,East,655,11944.17,10
3865,20,29310.61,2.0,RENT,East,600,11739.5,7
3866,28,52876.5,3.2,RENT,West,699,23771.04,4
3867,46,49873.99,3.9,MORTGAGE,South,621,3162.99,6
3868,61,36561.19,16.8,RENT,South,716,12366.48,7
3869,45,83858.25,13.5,OWN,East,717,32095.18,5
3870,48,52588.34,2.7,RENT,West,850,13158.95,6
3871,41,92163.89,13.2,OWN,West,794,32897.12,7
3872,29,49142.28,3.4,MORTGAGE,North,591,25478.33,4
3873,35,53524.92,1.6,MORTGAGE,East,633,14099.96,3
3874,26,40888.69,3.8,RENT,South,525,8249.82,9
3875,26,53985.82,7.9,RENT,South,520,13929.16,5
3876,46,77351.53,2.9,OWN,South,692,27352.93,5
3877,28,44105.2,9.8,MORTGAGE,East,578,11989.63,4
3878,45,70207.19,4.0,RENT,North,795,17886.76,7
3879,25,36084.78,7.0,OWN,South,735,6115.86,4
3880,45,79183.66,2.6,OWN,East,666,19145.68,3
3881,35,40540.11,6.4,RENT,North,635,3011.26,4
3882,58,82937.28,3.0,MORTGAGE,West,791,18757.2,5
3883,45,55853.54,5.2,MORTGAGE,South,791,15906.07,2
3884,56,115899.29,21.5,OWN,East,635,42879.43,4
3885,32,30423.36,4.5,RENT,North,573,11948.07,8
3886,42,25897.76,2.0,RENT,West,619,6592.74,5
3887,29,39810.72,6.7,RENT,West,688,618.17,6
3888,36,27110.99,6.8,RENT,North,606,4443.66,5
3889,38,27136.43,6.7,RENT,East,674,12829.98,4
3890,32,73922.71,9.4,MORTGAGE,West,819,7058.9,5
3891,26,54063.29,4.3,MORTGAGE,North,571,20200.93,5
3892,24,42623.44,6.0,RENT,East,629,13178.04,6
3893,18,44645.94,0.0,MORTGAGE,West,565,2092.22,12
3894,28,40190.31,1.9,RENT,South,599,1320.86,11
3895,49,123646.82,11.0,RENT,West,682,63465.31,14
3896,22,37505.66,4.0,MORTGAGE,North,604,4981.42,5
3897,25,27971.27,7.0,OWN,West,680,4011.81,5
3898,62,80662.2,2.1,RENT,West,696,12930.6,9
3899,33,48636.14,11.5,OWN,North,687,13157.94,7
3900,45,150149.52,25.3,OWN,South,689,35201.48,12
3901,49,41643.36,2.0,MORTGAGE,East,644,11305.47,8
3902,49,82701.42,12.6,OWN,West,662,22618.87,5
3903,23,93069.21,5.0,RENT,North,674,55829.82,2
3904,38,41744.88,6.2,RENT,South,689,7849.51,9
3905,22,37366.86,4.0,OWN,West,520,9071.38,7
3906,70,78486.61,10.7,MORTGAGE,South,705,38416.12,10
3907,22,72218.1,4.0,RENT,East,621,27277.8,4
3908,28,26760.84,2.2,RENT,East,618,6721.59,7
3909,29,30815.78,11.0,RENT,West,538,5146.75,8
3910,23,15241.62,5.0,RENT,North,594,5786.79,6
3911,57,72961.96,1.3,RENT,West,701,34145.41,6
3912,70,47528.58,4.5,OWN,East,697,27935.57,4
3913,35,49957.34,7.3,RENT,West,584,4294.86,7
3914,25,23255.06,4.4,OWN,North,665,1956.41,13
3915,18,31286.71,0.0,RENT,East,728,8720.01,7
3916,38,42660.15,3.9,RENT,West,626,14907.12,4
3917,37,38709.38,19.0,OWN,West,657,24676.4,5
3918,33,57464.24,10.1,RENT,North,528,30397.79,7
3919,44,72528.44,6.6,RENT,South,619,20613.35,7
3920,46,168519.42,2.6,OWN,North,734,41949.15,8
3921,45,53636.84,14.8,RENT,North,736,8571.73,10
3922,37,94627.3,9.2,RENT,East,650,52099.29,4
3923,28,35775.32,2.8,OWN,West,840,10478.25,5
3924,49,23447.68,2.9,RENT,East,658,4691.15,5
3925,41,45426.42,5.7,MORTGAGE,North,574,12054.5,7
3926,52,24370.76,6.7,RENT,North,728,4001.72,5
3927,50,54575.29,10.0,RENT,South,583,7872.86,3
3928,24,36672.15,6.0,MORTGAGE,North,677,13265.22,4
3929,24,20391.31,6.0,MORTGAGE,West,566,7124.78,5
3930,32,129057.4,4.4,RENT,North,610,27714.71,2
3931,28,41407.58,6.1,OWN,North,727,15264.65,5
3932,50,23889.41,15.2,MORTGAGE,East,619,2613.25,11
3933,45,84887.82,10.9,MORTGAGE,North,809,18526.47,4
3934,54,37635.12,6.3,MORTGAGE,South,584,8280.97,9
3935,46,93440.77,8.0,MORTGAGE,South,583,16210.42,7
3936,44,37545.28,6.1,MORTGAGE,North,622,5191.2,5
3937,55,41338.57,1.8,RENT,East,850,11598.4,6
3938,47,64370.83,18.8,OWN,South,735,20313.8,4
3939,42,72882.93,3.0,MORTGAGE,East,721,23285.63,5
3940,59,79558.02,4.7,OWN,North,726,35350.41,4
3941,42,51799.17,24.0,OWN,South,634,6785.94,6
3942,37,70566.33,2.5,RENT,East,850,31433.55,1
3943,31,78654.04,5.8,RENT,North,717,27548.23,6
3944,49,59891.18,15.9,MORTGAGE,North,700,7253.88,13
3945,56,50446.62,21.6,MORTGAGE,South,736,21156.95,4
3946,40,26300.74,9.1,OWN,North,552,13289.62,3
3947,57,73100.25,14.9,RENT,North,620,13568.39,6
3948,18,55330.9,0.0,MORTGAGE,West,654,21889.73,4
3949,40,44054.91,0.3,OWN,South,731,18717.68,4
3950,41,102629.76,14.0,OWN,South,605,43423.91,3
3951,32,26531.37,6.2,RENT,South,637,13560.56,4
3952,70,123255.92,4.9,OWN,North,688,56927.67,8
3953,40,53576.37,4.5,RENT,West,559,18488.38,8
3954,36,63497.71,10.4,MORTGAGE,East,641,39919.69,8
3955,41,44465.9,10.3,RENT,West,700,26561.52,3
3956,18,23540.17,0.0,MORTGAGE,North,533,12520.94,6
3957,32,50523.56,8.8,RENT,North,766,17116.38,4
3958,53,64047.0,2.4,RENT,East,709,39007.86,5
3959,33,75971.44,5.4,RENT,South,708,6482.29,6
3960,31,49069.03,2.6,OWN,North,667,6705.16,2
3961,57,18101.14,2.5,MORTGAGE,South,550,3694.03,6
3962,57,25063.54,8.2,MORTGAGE,North,594,2398.58,8
3963,47,151147.25,6.6,MORTGAGE,West,736,30488.24,8
3964,36,31373.91,4.4,RENT,West,603,11149.04,6
3965,38,110583.34,5.2,RENT,East,712,1728.14,5
3966,31,33960.61,8.7,RENT,South,588,8008.07,5
3967,29,49452.71,10.6,MORTGAGE,West,698,34208.2,9
3968,28,74058.02,9.4,OWN,East,719,16359.55,4
3969,34,35950.66,1.2,RENT,West,540,11364.93,9
3970,29,120103.31,0.5,MORTGAGE,South,707,76981.17,7
3971,22,56267.04,3.3,OWN,West,565,17237.27,2
3972,44,68215.39,0.5,OWN,South,549,7916.75,7
3973,44,47391.42,17.3,RENT,East,623,28126.76,5
3974,61,75309.39,5.1,OWN,West,850,23486.61,5
3975,33,119299.97,1.9,MORTGAGE,West,756,11287.49,7
3976,45,50734.28,5.0,MORTGAGE,West,765,13913.83,2
3977,45,128650.72,0.9,MORTGAGE,South,747,9583.55,7
3978,38,39902.81,1.9,RENT,East,672,1781.34,6
3979,50,79383.67,4.7,OWN,South,748,25900.39,2
3980,50,69186.23,4.1,MORTGAGE,East,635,9451.45,9
3981,45,31751.94,4.7,MORTGAGE,North,682,18077.91,2
3982,38,60288.99,8.9,OWN,South,757,17667.04,6
3983,37,54376.26,12.5,MORTGAGE,West,719,10462.66,5
3984,25,35362.38,7.0,RENT,West,740,17632.41,3
3985,31,64796.13,12.9,RENT,South,690,7036.01,5
3986,34,58287.61,4.2,OWN,North,791,12938.17,9
3987,28,52245.37,10.0,MORTGAGE,South,654,21051.59,10
3988,46,52350.21,7.0,OWN,North,817,20324.79,5
3989,55,51792.2,11.7,RENT,North,708,28823.41,6
3990,30,45078.03,4.3,MORTGAGE,West,636,23203.47,8
3991,44,58099.77,6.8,OWN,South,590,6852.14,11
3992,29,39263.2,11.0,MORTGAGE,North,601,6673.09,7
3993,37,204516.67,6.8,RENT,East,656,41618.74,7
3994,33,26777.93,12.4,RENT,North,636,23964.95,4
3995,48,40442.32,13.5,OWN,South,569,6888.27,8
3996,33,42071.63,9.9,MORTGAGE,North,750,3250.16,4
3997,53,150278.68,11.2,RENT,North,719,75734.3,5
3998,38,27999.24,4.3,MORTGAGE,South,649,10978.89,8
3999,33,67034.4,3.2,RENT,East,597,8716.05,6
4000,26,61340.59,2.6,RENT,South,621,3300.94,3
