loan_id,customer_id,loan_amount,term_months,interest_rate,loan_purpose,application_date,debt_to_income,num_delinquencies_2y,default
1,2474,13665.37,36,18.07,debt_consolidation,2022-01-01,0.772,0,0
2,662,5177.65,36,14.51,debt_consolidation,2022-01-01,0.384,0,0
3,453,19950.14,36,16.03,home_improvement,2022-01-01,1.067,2,0
4,1300,7099.81,36,14.31,home_improvement,2022-01-01,0.139,0,0
5,1836,14855.42,36,17.32,credit_card,2022-01-01,0.844,0,0
6,1105,4825.75,36,17.8,small_business,2022-01-01,0.304,1,0
7,3407,5991.32,36,13.14,debt_consolidation,2022-01-01,0.705,0,0
8,1706,6685.04,36,14.23,credit_card,2022-01-02,0.623,0,0
9,2555,5491.64,60,17.33,debt_consolidation,2022-01-02,0.311,0,1
10,2623,4839.37,60,15.29,debt_consolidation,2022-01-02,0.49,0,0
11,3059,34519.06,36,12.89,small_business,2022-01-02,0.518,0,0
12,1256,8002.6,36,18.94,credit_card,2022-01-02,0.597,0,0
13,2416,9415.51,36,11.16,debt_consolidation,2022-01-02,0.544,0,0
14,3327,12444.39,60,17.64,small_business,2022-01-03,0.344,0,0
15,984,7354.93,36,10.88,medical,2022-01-03,0.371,0,0
16,3291,2617.66,36,14.98,debt_consolidation,2022-01-03,0.305,0,0
17,2833,4726.08,36,13.48,car,2022-01-03,0.217,0,0
18,1202,26317.56,36,17.73,debt_consolidation,2022-01-04,0.845,0,0
19,3621,8295.21,36,9.73,car,2022-01-04,0.173,0,0
20,1199,7504.46,36,13.0,car,2022-01-04,0.412,0,0
21,1951,12011.98,60,18.17,debt_consolidation,2022-01-04,0.969,0,0
22,3889,2417.93,60,14.42,debt_consolidation,2022-01-04,0.562,0,0
23,450,6388.75,60,15.92,debt_consolidation,2022-01-04,0.633,0,0
24,2064,6021.92,36,13.49,other,2022-01-05,0.487,0,0
25,1402,18519.4,36,17.45,debt_consolidation,2022-01-05,0.692,1,0
26,367,8403.43,36,13.53,debt_consolidation,2022-01-05,0.639,0,0
27,1176,8394.31,36,15.62,credit_card,2022-01-05,0.469,0,1
28,2383,1271.05,36,18.55,home_improvement,2022-01-05,0.134,0,0
29,1517,6347.41,36,15.95,debt_consolidation,2022-01-05,0.597,0,0
30,1647,7994.12,60,14.03,debt_consolidation,2022-01-05,0.626,0,0
31,2239,21977.64,36,17.81,home_improvement,2022-01-05,0.767,0,1
32,3774,5192.69,36,16.05,small_business,2022-01-06,0.153,0,0
33,3520,12766.47,60,18.72,car,2022-01-06,0.861,0,0
34,3881,17781.71,36,15.6,home_improvement,2022-01-06,0.513,0,0
35,559,2449.5,60,17.27,debt_consolidation,2022-01-06,0.223,0,0
36,3745,13854.29,60,18.81,debt_consolidation,2022-01-06,1.016,0,1
37,3507,14985.73,36,18.54,debt_consolidation,2022-01-06,0.882,0,0
38,3735,4278.27,36,9.23,credit_card,2022-01-06,0.481,0,0
39,790,11589.55,36,14.03,small_business,2022-01-06,0.22,0,0
40,791,4989.91,60,13.56,other,2022-01-06,0.453,0,0
41,2723,39651.3,36,12.68,debt_consolidation,2022-01-06,1.351,0,0
42,1757,14693.85,36,14.74,debt_consolidation,2022-01-07,0.625,0,0
43,3750,24322.73,60,16.39,debt_consolidation,2022-01-07,1.018,2,0
44,373,3502.16,60,17.31,medical,2022-01-07,0.305,0,0
45,1724,21243.16,36,12.39,other,2022-01-07,0.386,0,0
46,2992,8319.68,36,10.78,car,2022-01-07,0.859,1,0
47,1015,5907.4,60,16.06,credit_card,2022-01-08,0.339,0,0
48,3192,5046.05,36,11.31,car,2022-01-08,0.385,0,0
49,157,9570.7,36,10.3,credit_card,2022-01-08,0.327,0,0
50,653,4475.18,36,15.98,debt_consolidation,2022-01-09,0.463,2,0
51,3477,20760.28,60,16.52,debt_consolidation,2022-01-09,0.866,2,1
52,1157,4233.2,36,12.58,debt_consolidation,2022-01-09,0.437,0,1
53,670,8070.63,36,12.94,credit_card,2022-01-09,0.651,1,0
54,2079,5700.76,36,15.36,credit_card,2022-01-09,0.196,0,0
55,2213,4983.81,36,10.75,debt_consolidation,2022-01-09,0.313,0,0
56,3397,7185.75,60,11.52,debt_consolidation,2022-01-10,0.219,0,0
57,2182,15843.1,36,16.46,small_business,2022-01-10,0.742,0,0
58,1083,11493.22,36,11.43,debt_consolidation,2022-01-10,0.468,0,0
59,2767,23534.48,36,12.97,debt_consolidation,2022-01-10,0.496,0,0
60,1964,3619.51,36,16.35,debt_consolidation,2022-01-10,0.576,0,0
61,1743,6712.13,36,14.86,debt_consolidation,2022-01-10,0.24,0,0
62,3218,4569.51,36,13.49,debt_consolidation,2022-01-10,0.434,0,0
63,3162,11780.77,60,15.73,credit_card,2022-01-10,0.861,0,0
64,3213,9648.08,36,13.48,medical,2022-01-11,0.223,0,0
65,3711,20235.78,60,20.04,debt_consolidation,2022-01-11,0.535,0,1
66,1749,8339.19,36,18.3,home_improvement,2022-01-11,0.295,0,0
67,2991,5100.31,60,17.13,car,2022-01-11,0.172,0,0
68,1835,10669.67,36,17.88,debt_consolidation,2022-01-11,0.344,0,0
69,2781,16160.95,36,14.37,credit_card,2022-01-11,0.759,0,0
70,1296,3689.18,36,16.62,car,2022-01-12,0.569,1,0
71,2605,13255.75,60,17.07,medical,2022-01-12,0.655,0,0
72,1093,10829.08,60,18.12,small_business,2022-01-12,0.494,0,0
73,415,4874.57,60,15.53,credit_card,2022-01-12,0.476,0,0
74,1262,6024.41,36,14.95,credit_card,2022-01-12,0.34,1,0
75,193,20064.05,36,12.59,car,2022-01-12,0.353,0,0
76,1320,8582.14,36,16.85,small_business,2022-01-12,0.561,0,0
77,1943,16247.67,36,13.07,debt_consolidation,2022-01-12,0.591,0,0
78,984,3744.08,36,10.71,debt_consolidation,2022-01-13,0.345,0,0
79,2143,7767.56,36,14.65,credit_card,2022-01-13,0.433,1,0
80,1264,3813.14,60,14.13,other,2022-01-13,0.309,0,0
81,3929,4642.92,36,15.99,other,2022-01-13,0.577,0,0
82,2224,8710.86,60,17.4,credit_card,2022-01-13,0.213,0,0
83,3269,20172.75,36,16.59,credit_card,2022-01-14,0.723,0,0
84,948,10076.28,36,11.32,home_improvement,2022-01-14,0.513,0,0
85,2447,1506.3,36,8.37,medical,2022-01-14,0.331,0,0
86,2327,8758.62,36,18.96,home_improvement,2022-01-14,0.498,0,0
87,1604,7470.97,36,14.45,credit_card,2022-01-14,0.61,1,0
88,1426,7649.16,36,16.68,debt_consolidation,2022-01-14,0.606,0,0
89,2266,12366.45,60,11.85,debt_consolidation,2022-01-14,0.656,0,0
90,1124,20625.77,60,16.61,medical,2022-01-14,0.655,0,0
91,3906,2689.59,60,16.77,credit_card,2022-01-14,0.524,0,0
92,3889,4276.04,36,14.18,credit_card,2022-01-15,0.63,0,0
93,3491,1906.03,36,16.08,debt_consolidation,2022-01-15,0.432,1,0
94,3015,9395.63,36,14.61,home_improvement,2022-01-15,0.56,0,0
95,795,9359.68,36,12.46,credit_card,2022-01-15,0.296,0,0
96,671,5948.56,36,14.25,credit_card,2022-01-15,0.819,1,0
97,1257,9779.28,36,13.39,debt_consolidation,2022-01-16,0.444,1,0
98,123,4381.77,60,14.7,small_business,2022-01-16,0.192,0,0
99,2074,7737.57,36,13.84,debt_consolidation,2022-01-16,0.431,0,0
100,3335,4425.59,36,15.35,credit_card,2022-01-16,0.394,1,0
101,795,14352.97,36,12.47,credit_card,2022-01-17,0.348,0,0
102,1066,1752.79,36,13.43,home_improvement,2022-01-17,0.172,0,0
103,2166,23796.69,36,17.55,debt_consolidation,2022-01-17,0.507,0,0
104,1205,11834.71,60,15.3,home_improvement,2022-01-17,0.677,0,0
105,3499,12859.49,36,16.76,car,2022-01-17,0.53,0,1
106,3508,6662.73,36,14.07,credit_card,2022-01-17,0.386,0,0
107,3100,2799.33,36,10.86,debt_consolidation,2022-01-17,0.398,0,0
108,565,5217.55,60,17.93,debt_consolidation,2022-01-17,0.332,0,0
109,1837,8693.2,60,18.1,debt_consolidation,2022-01-17,0.23,0,0
110,3619,5462.57,36,14.19,credit_card,2022-01-18,0.357,0,0
111,3035,31376.35,36,16.46,other,2022-01-18,0.851,0,0
112,2469,12190.99,36,10.67,debt_consolidation,2022-01-18,0.299,0,0
113,3994,11472.81,60,17.78,debt_consolidation,2022-01-18,1.323,0,0
114,2135,11976.71,60,16.58,medical,2022-01-18,0.594,0,0
115,2569,8815.14,36,15.99,home_improvement,2022-01-18,0.404,0,0
116,1273,28942.99,36,15.59,debt_consolidation,2022-01-18,1.064,0,0
117,1248,4056.02,60,12.53,small_business,2022-01-18,0.111,0,0
118,3112,1349.81,36,13.12,medical,2022-01-19,0.517,0,0
119,464,3814.02,36,15.13,small_business,2022-01-19,0.25,0,0
120,2622,2839.89,36,17.92,credit_card,2022-01-19,0.514,0,0
121,15,10384.73,36,13.46,medical,2022-01-19,0.413,0,0
122,2344,8500.07,36,15.18,debt_consolidation,2022-01-19,0.493,0,0
123,760,5165.75,60,13.73,other,2022-01-19,0.296,0,0
124,1732,9292.33,36,16.17,other,2022-01-19,0.446,1,0
125,1884,6602.41,36,16.28,debt_consolidation,2022-01-19,0.352,0,0
126,3980,2881.0,36,18.89,debt_consolidation,2022-01-20,0.178,0,0
127,2253,13280.85,36,15.99,debt_consolidation,2022-01-20,0.463,0,0
128,2134,3139.66,36,17.2,car,2022-01-20,0.44,1,0
129,378,12888.03,36,15.65,car,2022-01-21,0.363,0,0
130,2391,6792.04,36,14.16,car,2022-01-21,0.423,1,0
131,2825,1760.09,60,14.65,credit_card,2022-01-21,0.648,1,0
132,1457,20859.07,36,11.54,debt_consolidation,2022-01-21,1.424,0,0
133,1272,8037.93,60,11.92,car,2022-01-21,0.286,0,0
134,1005,14546.65,60,19.39,debt_consolidation,2022-01-22,0.415,0,0
135,3607,17087.38,36,13.96,medical,2022-01-22,0.698,0,0
136,96,9522.63,36,16.31,debt_consolidation,2022-01-22,0.687,0,0
137,1037,6409.98,60,14.89,home_improvement,2022-01-22,0.662,0,0
138,130,11390.29,60,14.93,debt_consolidation,2022-01-22,0.622,0,0
139,967,7607.93,36,15.12,home_improvement,2022-01-22,0.534,0,0
140,3284,3487.0,36,12.71,car,2022-01-22,0.162,0,0
141,1785,6396.6,36,12.21,credit_card,2022-01-23,0.234,0,0
142,3626,10846.18,36,15.09,debt_consolidation,2022-01-23,0.594,0,0
143,3929,20764.76,60,15.35,home_improvement,2022-01-23,1.368,0,1
144,2414,18023.68,36,18.22,debt_consolidation,2022-01-23,0.497,0,0
145,1769,16546.75,36,17.58,debt_consolidation,2022-01-23,0.553,1,0
146,608,4773.4,36,10.42,debt_consolidation,2022-01-23,0.139,0,0
147,3436,6041.27,36,15.17,credit_card,2022-01-23,0.656,0,0
148,3387,13555.29,36,13.89,home_improvement,2022-01-23,0.557,0,0
149,3049,1679.37,60,18.89,other,2022-01-23,0.068,0,0
150,2678,6736.56,60,17.72,small_business,2022-01-23,0.305,0,0
151,1426,8384.12,36,16.76,debt_consolidation,2022-01-23,0.625,0,0
152,2537,10171.23,60,13.19,debt_consolidation,2022-01-23,0.835,0,0
153,1322,6595.9,36,17.55,home_improvement,2022-01-24,0.459,0,0
154,3576,3356.22,36,15.95,small_business,2022-01-24,0.13,0,0
155,3377,22296.76,36,13.74,debt_consolidation,2022-01-24,1.258,0,0
156,581,4595.91,36,13.29,credit_card,2022-01-24,0.575,0,0
157,1368,10561.78,36,14.57,small_business,2022-01-24,0.292,0,0
158,844,7683.61,60,14.27,debt_consolidation,2022-01-25,0.279,1,0
159,3367,10221.71,36,14.38,home_improvement,2022-01-25,0.413,1,0
160,1289,3478.82,60,17.44,debt_consolidation,2022-01-25,0.197,0,0
161,2998,11030.27,36,15.9,debt_consolidation,2022-01-25,0.382,0,1
162,3149,6596.42,36,12.73,credit_card,2022-01-25,0.267,0,0
163,2010,4471.86,60,13.17,debt_consolidation,2022-01-26,0.411,0,0
164,3912,12596.92,36,13.85,small_business,2022-01-26,0.853,0,0
165,3411,1691.63,36,14.02,credit_card,2022-01-26,0.414,0,0
166,1810,2795.4,36,12.86,debt_consolidation,2022-01-26,0.409,1,0
167,411,5045.27,60,12.55,home_improvement,2022-01-26,0.454,0,0
168,487,13616.97,36,14.33,home_improvement,2022-01-26,0.498,0,0
169,1892,5171.91,36,13.07,credit_card,2022-01-26,0.089,1,0
170,3956,15715.78,36,16.23,debt_consolidation,2022-01-26,1.2,1,0
171,65,35722.47,36,13.89,other,2022-01-26,0.816,0,0
172,560,5768.19,36,13.58,debt_consolidation,2022-01-26,0.354,0,0
173,2653,11933.26,60,15.84,debt_consolidation,2022-01-26,0.598,0,0
174,2761,8767.47,36,10.62,debt_consolidation,2022-01-26,0.596,1,0
175,718,4777.45,60,15.04,credit_card,2022-01-26,0.206,0,0
176,2666,10060.07,60,12.47,debt_consolidation,2022-01-27,0.545,0,0
177,2555,4061.81,36,17.9,credit_card,2022-01-27,0.274,0,0
178,491,20318.27,36,10.69,home_improvement,2022-01-27,0.544,1,0
179,1087,8112.11,36,14.13,car,2022-01-27,0.39,0,0
180,1451,8964.77,60,15.56,other,2022-01-27,0.633,0,0
181,677,4502.05,60,13.65,small_business,2022-01-27,0.192,0,0
182,2615,7189.07,36,12.3,debt_consolidation,2022-01-27,0.591,0,0
183,974,4244.68,36,13.93,credit_card,2022-01-28,0.46,0,0
184,421,3092.92,36,10.3,other,2022-01-28,0.089,0,0
185,2472,17271.62,36,14.83,credit_card,2022-01-28,0.654,0,0
186,403,5860.49,60,16.91,debt_consolidation,2022-01-28,0.587,1,0
187,1435,9212.36,60,18.33,debt_consolidation,2022-01-28,0.379,0,1
188,2981,15115.27,36,16.36,debt_consolidation,2022-01-29,0.336,0,0
189,2070,19665.78,36,15.29,debt_consolidation,2022-01-29,0.8,0,0
190,2741,15859.31,60,13.8,small_business,2022-01-29,0.939,0,0
191,329,4766.72,36,15.61,credit_card,2022-01-29,0.256,0,0
192,2261,7950.06,60,17.32,debt_consolidation,2022-01-29,0.821,1,0
193,3268,2608.08,36,13.34,debt_consolidation,2022-01-29,0.284,0,0
194,207,13488.56,36,15.81,debt_consolidation,2022-01-30,0.486,1,0
195,1157,15336.71,60,19.75,medical,2022-01-30,0.72,1,0
196,1207,5746.92,36,17.11,credit_card,2022-01-30,0.587,1,0
197,2446,4359.52,36,14.8,credit_card,2022-01-30,0.278,0,0
198,557,6960.09,36,15.66,home_improvement,2022-01-30,0.369,0,0
199,1772,16059.83,36,16.71,debt_consolidation,2022-01-30,0.744,0,0
200,1315,17186.13,60,18.88,credit_card,2022-01-31,0.85,0,0
201,2188,3822.77,36,13.89,debt_consolidation,2022-01-31,0.323,0,0
202,3066,5724.72,60,15.69,debt_consolidation,2022-01-31,0.309,0,0
203,3797,7486.25,36,13.96,credit_card,2022-02-01,0.348,0,0
204,1635,2195.63,36,12.19,debt_consolidation,2022-02-01,0.547,0,0
205,2964,28071.16,36,14.72,small_business,2022-02-01,0.569,1,0
206,2097,21295.9,36,15.38,car,2022-02-02,0.498,0,0
207,2237,5593.45,36,14.2,small_business,2022-02-02,0.248,0,0
208,1782,9356.33,36,13.82,medical,2022-02-02,0.555,0,0
209,840,6365.26,36,14.08,credit_card,2022-02-02,0.203,0,0
210,106,9712.96,36,12.91,credit_card,2022-02-02,0.527,0,0
211,1849,4796.85,36,8.69,debt_consolidation,2022-02-02,0.44,0,0
212,2071,12463.99,36,13.68,small_business,2022-02-02,0.854,0,1
213,887,9788.06,36,16.78,credit_card,2022-02-03,0.476,0,0
214,82,5964.06,60,17.66,credit_card,2022-02-03,0.398,0,0
215,1427,9041.69,60,15.2,credit_card,2022-02-04,0.375,0,0
216,764,10898.51,60,15.23,debt_consolidation,2022-02-04,0.425,0,0
217,826,6203.36,36,15.98,credit_card,2022-02-04,0.295,0,0
218,1215,15817.54,36,12.04,debt_consolidation,2022-02-04,0.429,0,0
219,3354,8665.67,36,14.38,other,2022-02-05,0.269,0,0
220,2419,5013.11,60,17.42,medical,2022-02-05,0.407,0,0
221,3604,5691.72,36,12.91,debt_consolidation,2022-02-05,0.435,0,0
222,3683,7702.66,36,11.46,car,2022-02-05,0.6,0,0
223,2573,1001.97,36,12.01,debt_consolidation,2022-02-05,0.173,0,0
224,897,13924.7,36,13.0,home_improvement,2022-02-06,0.3,0,0
225,2985,10800.28,60,14.69,credit_card,2022-02-06,0.382,0,0
226,2211,2525.11,60,15.04,debt_consolidation,2022-02-06,0.392,0,0
227,1977,26341.22,36,11.95,small_business,2022-02-06,1.128,0,0
228,2569,11307.66,60,16.9,debt_consolidation,2022-02-06,0.459,1,0
229,3482,8947.25,36,12.23,credit_card,2022-02-06,0.75,0,0
230,1629,4776.68,36,15.07,debt_consolidation,2022-02-06,0.571,0,0
231,3659,5196.33,60,16.12,debt_consolidation,2022-02-07,0.306,0,0
232,1051,5721.41,36,13.86,credit_card,2022-02-07,0.198,0,0
233,3436,11346.53,60,19.4,car,2022-02-07,0.948,0,0
234,2590,5631.96,36,14.73,debt_consolidation,2022-02-07,0.183,0,0
235,761,6361.93,36,14.74,credit_card,2022-02-07,0.197,0,0
236,2268,6610.62,36,16.61,credit_card,2022-02-08,0.287,0,0
237,2798,3455.84,60,14.56,debt_consolidation,2022-02-08,0.061,0,0
238,1156,10407.28,36,13.59,small_business,2022-02-08,0.644,0,0
239,1768,40000.0,60,13.21,debt_consolidation,2022-02-08,0.458,0,0
240,3427,7778.86,36,13.8,medical,2022-02-08,0.372,0,0
241,2752,18689.62,36,14.35,debt_consolidation,2022-02-08,0.75,0,0
242,272,9186.45,60,18.18,debt_consolidation,2022-02-08,0.478,0,0
243,3828,4141.35,60,15.53,medical,2022-02-08,0.26,0,0
244,543,16581.26,60,16.4,debt_consolidation,2022-02-09,1.005,0,0
245,1398,3119.66,36,14.53,small_business,2022-02-09,0.338,0,0
246,716,7341.16,36,14.11,car,2022-02-09,0.129,0,0
247,1811,3959.69,36,14.97,car,2022-02-10,0.709,0,0
248,1979,8710.46,36,14.55,credit_card,2022-02-10,0.559,1,0
249,3305,13613.66,60,16.43,credit_card,2022-02-10,0.593,0,0
250,3886,3864.29,60,14.26,credit_card,2022-02-10,0.404,2,0
251,782,2181.95,36,18.83,debt_consolidation,2022-02-10,0.396,0,0
252,1141,13248.08,36,13.56,home_improvement,2022-02-10,0.639,0,0
253,302,6097.95,60,15.41,debt_consolidation,2022-02-10,0.574,0,0
254,2821,8496.66,60,13.37,debt_consolidation,2022-02-11,0.242,0,0
255,3861,2274.37,60,15.14,debt_consolidation,2022-02-11,0.414,2,0
256,2703,4958.19,60,16.67,debt_consolidation,2022-02-11,0.28,1,0
257,1355,16318.24,60,13.95,credit_card,2022-02-11,0.409,0,0
258,348,2873.6,60,16.02,debt_consolidation,2022-02-11,0.524,0,1
259,764,7451.7,36,16.1,debt_consolidation,2022-02-11,0.397,0,0
260,2980,3302.13,60,16.29,credit_card,2022-02-12,0.422,0,0
261,2663,21921.02,60,18.67,debt_consolidation,2022-02-12,1.805,1,0
262,3666,4471.1,36,13.91,home_improvement,2022-02-12,0.508,1,0
263,1986,18602.04,36,14.85,credit_card,2022-02-13,0.328,1,0
264,21,6229.58,36,13.17,car,2022-02-13,0.397,0,0
265,1413,17209.69,60,15.59,debt_consolidation,2022-02-13,0.592,0,0
266,1088,3942.22,60,17.61,small_business,2022-02-13,0.652,0,0
267,3379,3642.45,60,14.43,debt_consolidation,2022-02-13,0.711,0,0
268,885,6862.54,36,16.17,other,2022-02-14,0.427,1,0
269,1555,4588.8,36,9.68,medical,2022-02-14,0.439,0,0
270,1256,6664.57,36,15.96,credit_card,2022-02-14,0.551,2,0
271,2604,7691.87,36,13.3,car,2022-02-14,0.595,0,0
272,3321,19771.32,36,16.32,credit_card,2022-02-14,1.465,0,0
273,347,4264.39,36,16.51,small_business,2022-02-14,0.272,0,0
274,2690,26008.37,36,12.35,medical,2022-02-14,0.753,0,0
275,2097,5797.9,36,16.59,credit_card,2022-02-14,0.324,0,0
276,744,13906.23,36,13.0,debt_consolidation,2022-02-15,0.694,0,0
277,3784,1242.56,36,18.51,debt_consolidation,2022-02-15,0.536,0,0
278,2018,7577.72,36,13.75,debt_consolidation,2022-02-15,1.047,0,0
279,2990,4035.19,60,16.57,home_improvement,2022-02-15,0.718,0,0
280,1410,7127.41,36,12.76,home_improvement,2022-02-15,0.125,0,0
281,3265,4251.73,36,14.34,debt_consolidation,2022-02-15,0.166,0,0
282,1876,7195.35,36,11.01,credit_card,2022-02-16,0.242,0,0
283,2744,2898.24,36,17.91,credit_card,2022-02-16,0.119,0,0
284,713,6926.38,36,13.72,debt_consolidation,2022-02-16,0.187,0,0
285,1243,5704.3,36,8.65,home_improvement,2022-02-16,0.124,0,0
286,1680,4325.44,36,13.13,debt_consolidation,2022-02-16,0.226,0,0
287,2098,6765.41,36,10.32,debt_consolidation,2022-02-16,0.461,0,0
288,3335,17192.82,36,16.27,medical,2022-02-16,0.649,1,0
289,947,9463.65,36,14.31,credit_card,2022-02-16,0.838,1,0
290,3359,9137.17,36,10.98,car,2022-02-16,0.451,1,0
291,3795,21022.71,60,14.74,other,2022-02-16,0.624,0,0
292,3446,14369.07,36,14.8,car,2022-02-16,0.505,0,0
293,1760,6901.37,60,15.89,small_business,2022-02-16,0.601,0,1
294,1358,6343.4,60,16.98,car,2022-02-17,0.186,1,0
295,1842,3482.22,36,13.79,debt_consolidation,2022-02-17,0.288,0,0
296,848,6294.8,60,17.67,credit_card,2022-02-17,0.562,0,0
297,1423,11722.55,36,19.13,debt_consolidation,2022-02-17,0.605,1,1
298,1853,16821.99,36,13.05,debt_consolidation,2022-02-17,0.282,0,0
299,722,2897.0,36,13.02,credit_card,2022-02-17,0.501,0,0
300,3645,14273.97,60,17.9,credit_card,2022-02-17,0.528,0,0
301,375,4196.63,36,11.96,medical,2022-02-17,0.099,0,0
302,2339,12872.38,36,14.53,debt_consolidation,2022-02-18,0.715,0,0
303,3437,21300.88,36,13.87,debt_consolidation,2022-02-18,0.59,0,0
304,1210,12166.95,60,15.42,home_improvement,2022-02-18,0.482,0,0
305,3303,16582.06,60,14.04,home_improvement,2022-02-18,0.609,0,0
306,3225,3552.09,60,17.13,car,2022-02-18,0.275,1,0
307,119,3137.33,36,11.65,debt_consolidation,2022-02-19,0.211,0,0
308,2484,18172.0,60,13.4,small_business,2022-02-19,0.331,0,0
309,74,11448.36,36,9.93,car,2022-02-19,0.587,0,0
310,2252,4839.43,36,14.15,debt_consolidation,2022-02-19,0.252,0,0
311,3458,10416.47,36,14.68,small_business,2022-02-19,0.559,0,0
312,170,7963.14,60,14.58,debt_consolidation,2022-02-20,0.541,0,0
313,1775,3139.91,60,14.91,debt_consolidation,2022-02-20,0.867,0,0
314,3830,15195.93,36,13.79,home_improvement,2022-02-20,0.942,0,1
315,1478,3112.69,36,13.55,medical,2022-02-20,0.155,0,0
316,420,5307.2,36,11.26,medical,2022-02-20,0.49,0,0
317,3543,5828.51,60,14.88,other,2022-02-20,0.336,0,0
318,1723,5116.62,60,17.52,debt_consolidation,2022-02-21,0.311,1,1
319,224,27962.14,36,15.68,medical,2022-02-21,1.062,2,1
320,1732,14432.74,36,13.98,car,2022-02-21,0.539,0,0
321,1438,6929.06,36,16.65,car,2022-02-21,0.445,1,0
322,681,6740.06,36,12.24,debt_consolidation,2022-02-21,0.22,0,0
323,2170,11066.77,36,13.42,small_business,2022-02-21,0.314,1,0
324,3265,2345.76,60,16.51,home_improvement,2022-02-21,0.139,1,0
325,2021,2310.87,36,13.36,car,2022-02-22,0.403,0,0
326,3767,6957.0,60,16.38,debt_consolidation,2022-02-22,0.7,0,0
327,2439,11562.37,36,12.76,debt_consolidation,2022-02-22,0.615,0,0
328,1015,14685.43,36,13.18,car,2022-02-22,0.475,0,0
329,1181,3144.66,60,16.96,debt_consolidation,2022-02-22,0.671,0,0
330,657,15704.54,36,14.81,car,2022-02-22,0.753,0,0
331,2020,10474.24,60,16.38,car,2022-02-22,0.306,0,0
332,1119,13241.78,36,14.85,debt_consolidation,2022-02-22,0.524,0,0
333,2561,4736.94,60,18.79,small_business,2022-02-22,0.158,0,0
334,3684,6031.32,36,15.9,car,2022-02-22,0.599,0,0
335,2662,8904.24,60,13.83,debt_consolidation,2022-02-23,0.414,0,0
336,2915,40000.0,60,17.76,debt_consolidation,2022-02-23,2.028,0,0
337,526,28497.53,36,14.91,small_business,2022-02-23,1.183,1,0
338,2164,11632.29,36,14.97,home_improvement,2022-02-24,0.92,0,0
339,592,3976.0,36,13.54,car,2022-02-24,0.526,0,0
340,1923,4767.58,36,15.49,credit_card,2022-02-24,0.245,1,1
341,3263,9073.65,36,13.04,car,2022-02-25,0.395,0,0
342,692,6072.34,36,14.97,small_business,2022-02-25,0.119,0,0
343,2705,17195.74,36,15.42,debt_consolidation,2022-02-25,0.631,0,0
344,3012,18475.84,60,14.08,credit_card,2022-02-25,0.556,0,1
345,1940,7301.21,36,16.98,home_improvement,2022-02-25,0.533,2,1
346,3269,9363.64,36,12.37,debt_consolidation,2022-02-25,0.645,0,0
347,2068,9713.77,36,13.44,debt_consolidation,2022-02-25,0.236,0,0
348,3795,2829.16,36,15.72,debt_consolidation,2022-02-26,0.437,0,0
349,1367,7422.17,36,18.15,credit_card,2022-02-26,0.257,1,0
350,3929,4567.4,36,15.09,debt_consolidation,2022-02-26,0.573,1,0
351,3230,8341.32,36,15.15,medical,2022-02-26,0.54,0,0
352,263,6733.83,36,16.52,car,2022-02-26,0.36,0,0
353,546,11712.25,36,15.88,small_business,2022-02-26,0.782,0,0
354,3670,6476.55,36,14.28,debt_consolidation,2022-02-26,0.418,1,0
355,2025,15921.57,36,15.64,debt_consolidation,2022-02-26,0.75,1,0
356,2111,6657.86,36,13.33,debt_consolidation,2022-02-27,0.559,0,0
357,2051,2812.67,36,14.45,credit_card,2022-02-27,0.245,0,0
358,1175,8372.43,36,13.47,debt_consolidation,2022-02-27,0.208,0,1
359,1321,4897.9,36,14.43,medical,2022-02-28,0.472,0,0
360,1733,2567.78,36,10.87,debt_consolidation,2022-02-28,0.287,0,0
361,1308,4553.61,36,11.76,home_improvement,2022-02-28,0.481,0,0
362,795,11617.0,60,14.44,home_improvement,2022-02-28,0.32,0,0
363,2328,3536.0,36,13.5,debt_consolidation,2022-03-01,0.323,0,0
364,3028,10052.99,60,15.1,debt_consolidation,2022-03-01,0.482,0,0
365,2391,9351.61,60,15.37,small_business,2022-03-01,0.472,0,0
366,2790,6855.15,36,12.46,other,2022-03-01,0.642,0,0
367,2512,16959.8,36,14.14,debt_consolidation,2022-03-01,0.86,0,0
368,569,4476.71,36,15.95,medical,2022-03-01,0.546,0,0
369,1163,19288.64,36,16.48,small_business,2022-03-01,0.342,0,0
370,189,3713.0,36,13.56,debt_consolidation,2022-03-01,0.181,0,0
371,166,5972.46,60,17.16,debt_consolidation,2022-03-02,0.455,0,0
372,2416,15859.41,60,14.72,debt_consolidation,2022-03-02,0.741,0,0
373,1331,10458.29,36,16.05,small_business,2022-03-02,0.564,0,0
374,1398,6040.36,60,17.24,debt_consolidation,2022-03-02,0.368,0,0
375,1580,14044.42,36,13.32,car,2022-03-02,0.447,1,0
376,3573,19553.36,60,15.61,small_business,2022-03-02,0.492,0,0
377,618,27003.77,36,18.58,home_improvement,2022-03-02,0.994,0,0
378,3140,10561.48,60,15.03,debt_consolidation,2022-03-02,0.234,0,0
379,979,4493.94,36,11.18,home_improvement,2022-03-02,0.467,0,0
380,2569,9629.26,36,13.79,credit_card,2022-03-03,0.422,1,1
381,1940,20556.34,36,13.02,debt_consolidation,2022-03-03,0.714,0,0
382,689,14977.18,36,14.37,other,2022-03-03,0.842,0,0
383,2352,2546.62,36,15.55,home_improvement,2022-03-03,0.334,0,0
384,1663,10728.67,36,14.42,debt_consolidation,2022-03-03,0.47,0,0
385,2897,2158.4,60,16.54,credit_card,2022-03-03,0.06,1,0
386,3456,9632.99,36,14.99,credit_card,2022-03-03,0.304,0,0
387,1665,14254.79,36,15.2,debt_consolidation,2022-03-03,0.346,0,0
388,1852,6725.49,60,16.16,small_business,2022-03-04,0.173,2,0
389,178,6114.81,60,13.65,debt_consolidation,2022-03-04,0.3,0,0
390,3381,4120.38,36,14.24,home_improvement,2022-03-05,0.318,0,0
391,2039,20041.85,60,19.4,debt_consolidation,2022-03-05,1.182,1,1
392,1032,9831.34,36,16.97,debt_consolidation,2022-03-05,0.493,0,0
393,3501,6329.3,60,13.57,other,2022-03-05,0.106,0,0
394,2744,8509.72,60,17.17,debt_consolidation,2022-03-05,0.169,0,0
395,525,8949.09,36,15.12,debt_consolidation,2022-03-05,0.273,0,0
396,3816,5151.98,36,17.86,credit_card,2022-03-05,0.72,0,1
397,613,7134.2,36,16.15,debt_consolidation,2022-03-05,0.458,0,0
398,988,14742.54,60,17.45,debt_consolidation,2022-03-05,0.566,0,0
399,736,7394.67,36,15.36,other,2022-03-05,0.332,1,0
400,1854,13651.59,60,17.2,credit_card,2022-03-05,0.917,2,0
401,818,6999.54,60,18.21,car,2022-03-06,0.461,0,0
402,2132,9381.01,36,15.01,home_improvement,2022-03-06,0.411,0,0
403,3083,10723.36,36,13.68,debt_consolidation,2022-03-06,0.502,0,0
404,711,6452.96,36,13.41,debt_consolidation,2022-03-06,0.514,0,0
405,3594,3846.04,36,13.06,medical,2022-03-06,0.255,0,0
406,3439,6159.05,36,16.4,debt_consolidation,2022-03-06,0.427,0,0
407,1161,2634.5,36,16.95,debt_consolidation,2022-03-07,0.201,0,0
408,3982,5325.25,60,14.48,home_improvement,2022-03-07,0.381,0,0
409,2375,18293.93,36,11.91,debt_consolidation,2022-03-07,0.59,0,0
410,1585,13948.44,36,17.17,debt_consolidation,2022-03-07,0.96,0,0
411,3139,9543.79,36,13.46,debt_consolidation,2022-03-07,0.102,0,0
412,133,6001.33,36,12.87,other,2022-03-07,0.246,0,0
413,375,7344.83,60,13.68,debt_consolidation,2022-03-07,0.137,0,0
414,884,7309.28,36,15.87,home_improvement,2022-03-07,0.441,0,0
415,3838,8551.49,60,14.46,credit_card,2022-03-08,0.27,0,0
416,1112,16010.73,36,16.79,credit_card,2022-03-08,0.493,0,0
417,1403,6113.69,36,15.83,medical,2022-03-08,0.346,0,0
418,3484,5734.31,36,15.46,car,2022-03-08,0.699,0,0
419,588,5704.95,36,15.02,home_improvement,2022-03-08,0.228,0,0
420,2047,5828.26,36,17.38,credit_card,2022-03-08,0.208,1,0
421,2126,8114.47,36,15.03,small_business,2022-03-08,0.437,0,0
422,2823,6659.3,60,15.99,debt_consolidation,2022-03-08,0.433,0,0
423,1294,14921.67,36,14.55,debt_consolidation,2022-03-08,0.141,0,0
424,3352,22766.2,36,13.97,debt_consolidation,2022-03-09,0.62,0,0
425,1666,4124.43,36,13.9,debt_consolidation,2022-03-09,0.209,0,0
426,1375,5867.83,36,17.93,car,2022-03-09,0.258,2,0
427,1349,863.92,36,14.51,car,2022-03-09,0.492,1,0
428,2717,4812.67,36,16.26,medical,2022-03-09,0.325,0,0
429,1585,8838.41,60,19.86,credit_card,2022-03-09,0.836,3,0
430,3738,11504.05,60,18.14,other,2022-03-09,0.749,0,1
431,3854,6333.03,36,13.76,debt_consolidation,2022-03-09,0.4,0,1
432,1703,7041.79,60,14.26,debt_consolidation,2022-03-09,0.723,0,0
433,3179,2627.01,36,15.02,debt_consolidation,2022-03-09,0.386,0,0
434,2054,9594.58,36,16.31,credit_card,2022-03-09,0.288,0,0
435,3868,10679.06,36,14.37,small_business,2022-03-10,0.63,0,0
436,5,7047.5,36,11.72,debt_consolidation,2022-03-10,0.712,0,0
437,1693,8014.78,36,12.09,car,2022-03-10,0.72,0,0
438,2948,12331.45,36,11.13,debt_consolidation,2022-03-10,0.413,0,0
439,115,6307.96,60,15.64,credit_card,2022-03-10,0.326,0,0
440,2334,5596.98,60,15.93,credit_card,2022-03-10,0.309,0,0
441,2126,3059.17,36,15.34,credit_card,2022-03-10,0.244,0,0
442,393,5116.2,36,17.81,car,2022-03-11,0.508,0,0
443,3415,3776.4,36,15.12,debt_consolidation,2022-03-11,0.626,0,0
444,392,3781.69,36,18.3,car,2022-03-11,0.207,0,0
445,3656,2796.47,36,16.03,debt_consolidation,2022-03-11,0.461,1,0
446,679,10299.01,36,12.53,car,2022-03-12,0.759,0,0
447,3444,7657.67,36,13.92,car,2022-03-12,0.399,0,0
448,1364,19567.35,60,21.23,debt_consolidation,2022-03-12,0.937,2,0
449,975,30287.51,36,13.82,credit_card,2022-03-12,1.146,0,0
450,1434,40000.0,60,13.32,credit_card,2022-03-12,0.689,0,0
451,400,3940.39,60,17.73,debt_consolidation,2022-03-12,0.52,0,0
452,857,4111.37,36,16.64,debt_consolidation,2022-03-12,0.588,0,0
453,15,3867.76,36,12.81,debt_consolidation,2022-03-12,0.302,0,0
454,1558,16699.26,36,14.99,debt_consolidation,2022-03-12,0.5,0,0
455,2776,3309.71,60,14.8,debt_consolidation,2022-03-12,0.453,0,0
456,1929,10245.01,60,15.79,debt_consolidation,2022-03-12,0.79,0,1
457,286,9328.76,60,13.79,other,2022-03-13,0.464,0,0
458,210,11471.19,36,13.17,debt_consolidation,2022-03-13,0.683,0,0
459,2388,7934.86,36,13.26,debt_consolidation,2022-03-13,0.435,0,0
460,3349,5254.44,36,11.39,credit_card,2022-03-13,0.372,0,0
461,3156,7304.41,36,18.94,other,2022-03-13,0.133,0,0
462,2951,7323.89,36,14.76,debt_consolidation,2022-03-13,0.117,0,0
463,3047,4131.53,36,14.79,credit_card,2022-03-13,0.229,0,0
464,1688,13656.23,60,16.2,debt_consolidation,2022-03-13,0.276,0,0
465,1470,2601.35,36,14.48,debt_consolidation,2022-03-14,0.618,1,0
466,3007,6891.09,60,13.86,other,2022-03-14,0.355,0,0
467,1018,12479.85,60,16.83,small_business,2022-03-14,0.412,0,0
468,872,2288.16,60,15.47,home_improvement,2022-03-15,0.569,0,0
469,870,10491.28,36,10.58,medical,2022-03-15,0.31,0,0
470,1197,11154.09,36,17.46,medical,2022-03-15,0.587,0,0
471,861,40000.0,36,12.37,debt_consolidation,2022-03-15,1.848,0,0
472,2510,9387.9,60,13.47,debt_consolidation,2022-03-15,0.283,0,0
473,1217,8405.01,60,17.66,credit_card,2022-03-15,0.567,1,1
474,3818,20976.35,36,16.87,debt_consolidation,2022-03-15,0.939,1,1
475,2344,2625.04,60,17.06,medical,2022-03-15,0.331,1,0
476,2394,11052.5,36,16.65,home_improvement,2022-03-16,0.383,0,0
477,3526,28751.7,36,15.29,home_improvement,2022-03-16,0.636,0,0
478,2277,7421.29,36,16.67,home_improvement,2022-03-16,0.444,0,0
479,755,4716.96,36,12.73,debt_consolidation,2022-03-16,0.249,1,0
480,3326,5784.53,36,14.33,debt_consolidation,2022-03-16,0.253,0,0
481,2558,27835.79,60,16.57,medical,2022-03-16,0.76,0,0
482,3901,8731.89,60,15.41,small_business,2022-03-16,0.481,0,0
483,33,2991.84,60,15.1,credit_card,2022-03-17,0.393,0,0
484,3581,7607.5,36,15.69,medical,2022-03-17,0.341,0,0
485,1563,5560.35,36,13.46,small_business,2022-03-17,0.241,0,0
486,3573,4326.81,36,16.15,debt_consolidation,2022-03-17,0.12,0,0
487,1586,7721.36,36,13.14,debt_consolidation,2022-03-17,0.46,0,0
488,1864,10618.74,36,13.61,credit_card,2022-03-17,0.58,0,0
489,2323,9523.04,36,18.32,credit_card,2022-03-17,0.193,1,0
490,2726,10457.41,60,16.65,credit_card,2022-03-18,0.726,0,0
491,2485,16740.51,60,17.08,debt_consolidation,2022-03-18,0.431,0,0
492,3780,2075.52,36,15.01,car,2022-03-18,0.619,0,0
493,3998,6752.49,36,15.06,debt_consolidation,2022-03-18,0.633,0,0
494,53,6109.53,36,15.22,debt_consolidation,2022-03-18,0.915,0,0
495,182,7695.63,60,15.01,debt_consolidation,2022-03-18,0.445,0,0
496,572,12205.58,36,13.89,debt_consolidation,2022-03-18,0.325,0,0
497,2771,2596.26,60,15.2,car,2022-03-18,0.197,0,0
498,3455,5148.71,60,12.31,medical,2022-03-18,0.179,0,0
499,2708,10200.02,36,12.2,credit_card,2022-03-18,0.322,0,0
500,560,4329.19,36,11.98,credit_card,2022-03-19,0.304,0,0
501,3472,12165.02,36,14.29,debt_consolidation,2022-03-19,0.558,0,0
502,3240,3453.03,60,14.01,debt_consolidation,2022-03-19,0.227,1,0
503,2820,6635.82,36,15.33,car,2022-03-19,0.482,0,0
504,3711,7907.05,60,19.36,credit_card,2022-03-19,0.233,0,0
505,2772,19372.84,60,17.7,car,2022-03-19,0.369,0,0
506,1498,4673.23,36,14.08,small_business,2022-03-19,0.373,1,0
507,3527,5624.52,36,15.26,debt_consolidation,2022-03-19,0.54,0,0
508,1859,7671.23,36,14.56,small_business,2022-03-19,0.214,0,0
509,133,6188.23,36,14.76,debt_consolidation,2022-03-20,0.249,1,0
510,3863,5492.17,36,10.89,car,2022-03-20,0.497,0,0
511,3879,16518.49,36,11.65,car,2022-03-20,0.627,0,1
512,922,4493.71,60,15.02,medical,2022-03-20,0.244,0,0
513,3206,6489.01,36,12.58,home_improvement,2022-03-20,0.405,0,0
514,1013,2884.87,36,14.23,debt_consolidation,2022-03-20,0.398,0,0
515,638,6256.95,36,17.25,credit_card,2022-03-21,0.459,2,0
516,2243,22103.26,36,16.26,car,2022-03-21,0.717,2,0
517,997,7532.93,60,19.31,small_business,2022-03-21,0.353,1,0
518,1394,15172.57,36,14.4,medical,2022-03-21,0.692,0,0
519,2379,8649.79,36,16.07,credit_card,2022-03-21,0.626,0,1
520,70,2886.4,36,15.8,debt_consolidation,2022-03-21,0.315,0,0
521,838,3266.71,60,15.52,debt_consolidation,2022-03-21,0.194,0,0
522,3443,4946.98,36,11.8,other,2022-03-21,0.514,0,0
523,1842,2102.99,36,12.83,credit_card,2022-03-21,0.259,0,0
524,3188,9851.34,36,16.0,debt_consolidation,2022-03-21,0.574,0,0
525,1603,4748.02,36,12.4,debt_consolidation,2022-03-22,0.307,0,0
526,3868,9073.56,60,14.13,small_business,2022-03-22,0.586,0,0
527,1922,16036.02,36,13.79,credit_card,2022-03-22,0.508,0,0
528,2891,8350.02,60,12.35,car,2022-03-22,0.516,1,0
529,2511,18414.44,36,13.51,debt_consolidation,2022-03-22,0.703,0,0
530,986,23287.85,60,18.77,debt_consolidation,2022-03-22,0.528,0,0
531,84,4547.19,36,15.29,credit_card,2022-03-22,0.284,0,0
532,240,19834.94,36,13.9,debt_consolidation,2022-03-22,0.406,0,0
533,1354,7000.63,60,16.13,small_business,2022-03-22,0.585,0,0
534,1310,34038.29,60,17.16,debt_consolidation,2022-03-23,0.838,0,0
535,1813,8631.66,36,12.7,debt_consolidation,2022-03-23,0.352,0,0
536,801,16510.35,36,18.49,debt_consolidation,2022-03-23,0.424,0,0
537,3833,8146.02,36,12.22,home_improvement,2022-03-23,0.265,0,0
538,1898,18989.43,36,11.98,credit_card,2022-03-23,0.212,0,0
539,916,20700.19,60,14.48,small_business,2022-03-23,0.692,0,0
540,2411,3315.9,36,16.64,debt_consolidation,2022-03-24,0.278,0,0
541,3263,10911.64,36,13.57,credit_card,2022-03-24,0.414,0,0
542,2438,11454.4,36,14.17,debt_consolidation,2022-03-24,0.349,1,0
543,2471,35397.98,36,11.85,debt_consolidation,2022-03-25,1.03,0,0
544,1061,16802.19,36,13.22,credit_card,2022-03-25,0.635,0,0
545,2663,14194.29,36,14.6,other,2022-03-25,1.289,0,0
546,147,18789.44,60,18.63,credit_card,2022-03-25,0.716,1,0
547,605,6404.32,36,17.65,debt_consolidation,2022-03-25,0.597,0,0
548,2769,12540.29,36,14.08,credit_card,2022-03-25,0.649,0,0
549,1080,14571.76,36,14.55,debt_consolidation,2022-03-25,0.549,0,1
550,2252,2626.44,36,16.41,credit_card,2022-03-26,0.223,0,0
551,2861,5252.63,60,15.69,debt_consolidation,2022-03-26,0.655,0,0
552,3472,6832.76,36,15.58,credit_card,2022-03-26,0.477,1,0
553,1657,7797.94,60,17.22,debt_consolidation,2022-03-26,0.837,1,0
554,941,6144.26,60,12.95,debt_consolidation,2022-03-26,0.204,0,0
555,1036,8830.52,60,20.13,debt_consolidation,2022-03-26,0.414,1,0
556,3639,15920.91,60,16.45,credit_card,2022-03-26,0.444,0,0
557,597,4999.79,60,13.05,home_improvement,2022-03-26,0.166,0,0
558,1840,6748.43,36,15.08,debt_consolidation,2022-03-26,0.887,0,0
559,2342,3172.06,60,18.72,car,2022-03-26,0.209,0,0
560,3725,9025.43,60,16.63,credit_card,2022-03-26,0.364,0,0
561,1493,3387.94,36,12.65,car,2022-03-27,0.333,0,0
562,1913,5111.41,60,14.67,credit_card,2022-03-27,0.234,0,0
563,3115,21835.56,36,16.62,debt_consolidation,2022-03-27,0.88,0,0
564,1669,17015.06,36,15.69,credit_card,2022-03-27,0.889,0,0
565,1326,4905.15,36,13.97,debt_consolidation,2022-03-27,0.221,0,0
566,2022,11950.57,36,16.79,home_improvement,2022-03-28,0.923,2,1
567,1805,1895.32,36,14.55,medical,2022-03-28,0.161,1,0
568,3754,10762.67,36,12.08,car,2022-03-28,0.298,0,0
569,1700,1706.44,36,16.84,small_business,2022-03-28,0.526,0,0
570,2621,9195.38,60,14.64,car,2022-03-29,0.547,0,0
571,1566,12636.58,60,16.46,debt_consolidation,2022-03-29,0.271,0,0
572,736,40000.0,36,15.47,debt_consolidation,2022-03-29,0.934,0,0
573,616,6414.96,36,14.7,credit_card,2022-03-29,0.61,0,0
574,610,7678.04,36,10.7,credit_card,2022-03-29,0.223,0,0
575,1714,4665.88,36,14.08,home_improvement,2022-03-29,0.506,0,0
576,3301,7674.4,36,14.26,credit_card,2022-03-29,0.248,0,0
577,305,3369.98,36,15.44,credit_card,2022-03-29,0.602,1,0
578,61,8140.46,36,14.3,car,2022-03-29,0.483,0,0
579,466,9288.27,36,14.7,debt_consolidation,2022-03-29,0.202,1,0
580,1476,29602.66,60,14.37,debt_consolidation,2022-03-30,1.232,0,0
581,3084,6389.62,36,16.57,home_improvement,2022-03-30,0.464,0,0
582,1515,11413.77,36,16.41,home_improvement,2022-03-30,0.424,0,0
583,1239,8879.33,60,15.64,home_improvement,2022-03-30,0.339,0,0
584,1602,6721.17,60,19.28,car,2022-03-31,0.514,0,0
585,1974,17478.11,36,13.34,credit_card,2022-03-31,0.483,0,0
586,1825,16596.39,36,13.78,credit_card,2022-03-31,1.289,0,0
587,3228,8891.4,36,14.57,small_business,2022-03-31,0.475,0,0
588,2719,19358.69,36,15.17,car,2022-03-31,1.358,0,0
589,1322,8655.57,36,13.22,other,2022-03-31,0.54,0,0
590,2625,10786.14,36,14.99,small_business,2022-04-01,0.865,1,0
591,909,2725.52,60,18.18,debt_consolidation,2022-04-01,0.205,0,1
592,2963,22147.92,60,17.12,debt_consolidation,2022-04-01,1.031,0,0
593,2068,2296.62,60,18.54,home_improvement,2022-04-01,0.14,0,0
594,2372,5609.33,36,12.61,debt_consolidation,2022-04-01,0.385,0,0
595,797,7375.75,60,18.89,home_improvement,2022-04-01,0.299,0,0
596,761,8375.19,36,16.27,debt_consolidation,2022-04-02,0.231,0,0
597,2438,4367.26,60,15.12,car,2022-04-02,0.273,0,0
598,2028,2533.67,36,18.41,home_improvement,2022-04-02,0.809,0,1
599,1409,9472.14,36,12.57,car,2022-04-02,0.355,0,0
600,2709,10361.62,36,13.66,debt_consolidation,2022-04-02,0.466,0,0
601,1516,10556.57,36,16.1,debt_consolidation,2022-04-02,0.408,0,0
602,362,4109.58,60,13.76,home_improvement,2022-04-02,0.403,0,0
603,1649,4845.4,36,17.21,debt_consolidation,2022-04-02,0.515,0,0
604,2060,8882.95,36,13.93,home_improvement,2022-04-02,0.447,0,0
605,1265,7131.73,36,16.51,home_improvement,2022-04-03,0.685,0,0
606,3523,7536.27,60,18.5,debt_consolidation,2022-04-03,0.443,0,0
607,3065,13502.57,36,14.75,small_business,2022-04-03,0.334,1,0
608,3003,5420.94,36,18.24,debt_consolidation,2022-04-03,0.329,0,0
609,922,5461.86,60,14.45,debt_consolidation,2022-04-03,0.256,1,1
610,449,4197.14,60,16.26,debt_consolidation,2022-04-03,0.465,0,0
611,2788,14599.23,36,13.57,debt_consolidation,2022-04-04,0.721,0,0
612,1682,7815.09,36,13.24,debt_consolidation,2022-04-04,0.248,0,0
613,3791,9037.21,36,14.81,credit_card,2022-04-04,0.484,0,0
614,2526,5720.83,36,13.73,debt_consolidation,2022-04-04,0.068,0,0
615,102,9854.23,36,18.12,debt_consolidation,2022-04-04,0.563,0,0
616,1454,6090.92,60,14.48,car,2022-04-05,0.305,0,0
617,3508,2251.93,36,15.13,debt_consolidation,2022-04-05,0.265,0,0
618,286,7943.71,36,13.81,debt_consolidation,2022-04-05,0.453,0,0
619,1794,14984.76,60,12.99,credit_card,2022-04-05,0.238,0,0
620,1617,3131.89,60,16.76,credit_card,2022-04-05,0.4,1,1
621,99,10007.14,36,15.62,small_business,2022-04-06,0.455,1,0
622,3504,14364.59,36,13.56,home_improvement,2022-04-06,0.559,0,0
623,1282,6436.91,36,14.74,car,2022-04-06,0.573,0,0
624,2523,3602.38,60,15.25,debt_consolidation,2022-04-06,0.413,0,0
625,1404,12208.13,60,18.67,debt_consolidation,2022-04-06,0.328,0,0
626,307,4728.7,36,16.85,credit_card,2022-04-06,0.184,0,0
627,1808,9289.7,36,14.25,debt_consolidation,2022-04-06,0.265,0,0
628,2133,6614.28,60,16.2,debt_consolidation,2022-04-07,0.448,0,0
629,1610,11234.14,36,14.06,credit_card,2022-04-07,0.32,0,0
630,1094,8010.17,60,17.07,debt_consolidation,2022-04-07,0.667,0,0
631,1620,18016.23,60,14.1,debt_consolidation,2022-04-07,0.371,0,0
632,3712,3195.61,36,11.92,debt_consolidation,2022-04-07,0.432,0,0
633,3117,33271.43,36,16.11,car,2022-04-07,0.649,0,0
634,1691,13857.15,36,12.83,debt_consolidation,2022-04-07,0.398,0,0
635,3594,10566.35,60,19.49,home_improvement,2022-04-08,0.408,1,1
636,2479,4343.46,36,14.84,credit_card,2022-04-08,0.634,0,0
637,165,4839.5,36,15.74,medical,2022-04-08,0.215,0,0
638,2363,9457.88,36,13.7,small_business,2022-04-08,0.648,0,0
639,2254,9662.8,36,13.81,debt_consolidation,2022-04-08,0.545,0,0
640,959,7834.47,60,16.44,debt_consolidation,2022-04-08,0.142,0,0
641,1282,5608.39,36,13.85,debt_consolidation,2022-04-08,0.56,0,0
642,1615,5455.96,36,16.4,debt_consolidation,2022-04-08,0.377,0,0
643,2517,14505.03,60,11.69,credit_card,2022-04-08,0.591,0,0
644,1396,7356.98,36,16.26,home_improvement,2022-04-08,0.448,0,0
645,3853,4848.56,60,14.29,car,2022-04-09,0.294,0,0
646,1267,5163.13,60,17.8,debt_consolidation,2022-04-09,0.249,0,0
647,2196,21257.04,60,15.37,home_improvement,2022-04-09,0.809,0,0
648,353,15432.58,36,14.26,debt_consolidation,2022-04-09,0.335,0,0
649,1350,7519.63,36,10.74,credit_card,2022-04-09,0.543,1,0
650,539,8519.18,36,13.75,small_business,2022-04-09,0.383,0,0
651,1139,10911.57,36,17.79,home_improvement,2022-04-09,0.652,0,0
652,811,3898.56,60,13.75,credit_card,2022-04-09,0.491,1,0
653,3565,2209.44,60,15.76,debt_consolidation,2022-04-09,0.457,0,0
654,870,28886.95,60,15.29,debt_consolidation,2022-04-10,0.634,0,0
655,2748,11354.4,60,16.12,debt_consolidation,2022-04-10,0.317,0,1
656,1412,4546.04,60,14.42,home_improvement,2022-04-10,0.138,0,0
657,2875,19043.18,36,13.63,credit_card,2022-04-10,0.731,0,0
658,3098,11494.33,36,14.73,small_business,2022-04-10,0.361,0,0
659,54,11779.31,36,11.53,credit_card,2022-04-10,0.361,1,0
660,3570,2614.91,36,15.63,medical,2022-04-10,0.46,0,0
661,3292,4250.97,36,16.41,credit_card,2022-04-10,0.346,0,0
662,3589,9703.4,60,18.47,car,2022-04-10,0.724,0,0
663,1622,40000.0,36,15.13,car,2022-04-10,0.793,0,0
664,1310,22125.32,36,14.92,debt_consolidation,2022-04-11,0.684,0,0
665,532,7163.16,36,15.55,small_business,2022-04-11,0.372,0,0
666,2037,2854.74,36,14.49,debt_consolidation,2022-04-11,0.262,0,0
667,3816,7792.24,60,19.09,small_business,2022-04-11,0.896,0,0
668,2495,8238.23,36,11.54,credit_card,2022-04-11,0.292,0,0
669,2182,7961.66,36,15.67,small_business,2022-04-12,0.646,0,0
670,663,5884.99,36,17.46,home_improvement,2022-04-12,0.332,1,0
671,2995,8086.74,36,15.26,debt_consolidation,2022-04-12,0.274,0,0
672,3886,19384.33,36,16.75,home_improvement,2022-04-12,1.003,0,1
673,3743,10233.89,36,18.0,debt_consolidation,2022-04-12,0.662,0,0
674,2482,11765.17,36,16.37,debt_consolidation,2022-04-12,0.791,1,1
675,3627,4331.55,60,14.03,debt_consolidation,2022-04-12,0.522,0,0
676,569,19711.21,36,12.63,debt_consolidation,2022-04-12,0.75,0,0
677,1459,9256.78,36,9.28,medical,2022-04-12,0.329,0,0
678,1720,23079.67,36,15.04,car,2022-04-12,0.657,0,0
679,1717,11585.94,36,11.97,other,2022-04-13,0.627,0,0
680,3663,30852.42,36,10.68,debt_consolidation,2022-04-13,0.786,1,0
681,462,7273.61,60,11.93,credit_card,2022-04-13,0.584,0,0
682,2811,11070.47,36,15.37,debt_consolidation,2022-04-13,0.28,0,0
683,436,9657.23,60,14.37,car,2022-04-13,0.424,0,0
684,1231,9308.82,60,13.8,medical,2022-04-13,0.63,1,0
685,345,4029.33,36,14.54,debt_consolidation,2022-04-13,0.145,0,0
686,618,6422.55,60,19.27,credit_card,2022-04-13,0.367,1,0
687,1639,11875.79,60,15.63,debt_consolidation,2022-04-14,0.733,0,0
688,1947,4231.25,36,11.73,small_business,2022-04-14,0.243,0,0
689,2344,11685.14,36,13.91,car,2022-04-14,0.581,1,0
690,3687,5547.02,36,15.44,debt_consolidation,2022-04-14,0.373,2,1
691,3437,21841.09,36,13.77,home_improvement,2022-04-14,0.596,0,0
692,607,14751.34,36,12.38,debt_consolidation,2022-04-15,0.801,1,0
693,556,19743.37,60,16.34,car,2022-04-15,0.772,0,0
694,97,4558.02,36,10.69,debt_consolidation,2022-04-15,0.307,0,0
695,1512,21076.47,60,18.38,debt_consolidation,2022-04-15,0.708,0,0
696,1351,7772.76,36,16.05,other,2022-04-15,0.609,1,0
697,1001,6686.93,36,15.02,credit_card,2022-04-15,0.236,1,0
698,3524,5464.23,36,16.49,small_business,2022-04-15,0.289,0,0
699,2397,7561.43,60,13.58,credit_card,2022-04-16,0.282,0,0
700,3541,6926.73,60,16.9,debt_consolidation,2022-04-16,0.819,0,0
701,633,4509.71,36,17.38,home_improvement,2022-04-16,0.292,0,0
702,1452,20649.28,36,12.85,car,2022-04-16,1.32,0,0
703,1651,18928.83,36,11.14,debt_consolidation,2022-04-16,0.51,1,0
704,3888,40000.0,36,14.44,small_business,2022-04-16,1.639,1,0
705,2555,18742.44,36,15.81,car,2022-04-17,0.651,2,0
706,785,20512.63,60,16.54,debt_consolidation,2022-04-17,0.523,0,0
707,731,2389.25,60,17.11,debt_consolidation,2022-04-17,0.599,1,0
708,3777,4520.83,60,15.1,medical,2022-04-17,0.17,0,0
709,1586,3697.99,36,11.18,debt_consolidation,2022-04-17,0.391,0,0
710,2743,15239.16,36,14.12,home_improvement,2022-04-17,0.809,0,0
711,2407,15031.31,36,15.59,car,2022-04-17,0.418,0,0
712,753,9114.67,36,17.79,home_improvement,2022-04-17,0.568,1,0
713,414,5946.8,60,15.11,credit_card,2022-04-17,0.463,0,0
714,3174,3709.6,36,13.17,debt_consolidation,2022-04-17,0.323,0,0
715,1791,39402.9,36,15.09,credit_card,2022-04-18,0.683,0,0
716,1582,7674.23,36,15.27,home_improvement,2022-04-18,0.229,0,0
717,1873,10204.71,36,12.34,car,2022-04-18,0.522,0,0
718,2349,10078.45,60,13.1,medical,2022-04-18,0.746,0,0
719,3807,1765.75,60,15.03,home_improvement,2022-04-18,0.344,0,0
720,2400,20178.23,36,13.98,debt_consolidation,2022-04-18,0.295,0,0
721,1276,5634.17,60,14.06,debt_consolidation,2022-04-18,0.509,0,0
722,1908,3050.65,60,15.5,debt_consolidation,2022-04-18,0.151,1,0
723,661,8718.89,36,12.78,credit_card,2022-04-18,0.594,0,0
724,2190,7771.97,60,16.51,credit_card,2022-04-19,0.327,0,0
725,1464,7113.36,60,18.22,credit_card,2022-04-19,0.27,0,0
726,913,3046.86,60,15.52,debt_consolidation,2022-04-19,0.564,0,0
727,3885,8118.73,60,21.75,credit_card,2022-04-19,0.66,0,1
728,2371,12139.92,60,13.64,home_improvement,2022-04-19,0.394,0,0
729,2694,2228.99,36,12.81,home_improvement,2022-04-19,0.154,0,0
730,1766,13670.57,36,15.38,debt_consolidation,2022-04-20,0.792,0,0
731,215,4423.31,36,14.92,medical,2022-04-20,0.582,1,0
732,3727,4378.58,60,16.07,home_improvement,2022-04-20,0.566,0,0
733,1840,7410.74,36,12.53,credit_card,2022-04-20,0.912,0,0
734,2776,2566.15,36,14.09,debt_consolidation,2022-04-21,0.445,0,0
735,3323,7650.06,60,15.29,debt_consolidation,2022-04-21,0.515,0,0
736,3861,12476.88,36,12.5,debt_consolidation,2022-04-21,0.741,0,0
737,39,3371.44,36,14.0,debt_consolidation,2022-04-21,0.431,0,0
738,3376,9671.6,60,14.84,debt_consolidation,2022-04-22,0.539,0,0
739,1238,12269.63,60,18.44,debt_consolidation,2022-04-22,0.339,0,0
740,2491,14049.25,60,15.04,debt_consolidation,2022-04-22,0.342,0,0
741,2159,1940.15,60,18.7,home_improvement,2022-04-23,0.267,0,0
742,267,29091.62,36,14.94,home_improvement,2022-04-23,1.048,2,0
743,2983,12679.76,60,19.16,medical,2022-04-23,0.562,0,0
744,2749,17202.36,60,16.47,debt_consolidation,2022-04-23,0.816,0,0
745,1231,34802.35,36,12.89,debt_consolidation,2022-04-23,0.935,0,0
746,3868,4701.11,36,14.14,credit_card,2022-04-23,0.467,0,0
747,768,13675.22,36,13.01,debt_consolidation,2022-04-23,0.734,0,0
748,1503,3853.9,36,17.73,debt_consolidation,2022-04-23,0.262,0,0
749,3341,12673.13,36,16.76,credit_card,2022-04-23,0.631,0,0
750,2231,4514.91,36,13.7,debt_consolidation,2022-04-23,0.26,0,0
751,3616,27503.29,36,17.19,credit_card,2022-04-24,0.864,0,0
752,671,3943.95,36,14.87,home_improvement,2022-04-24,0.686,0,0
753,2262,5178.1,36,9.72,credit_card,2022-04-24,0.103,0,0
754,2680,26651.95,36,13.68,credit_card,2022-04-24,0.594,0,0
755,1782,14117.49,36,14.44,home_improvement,2022-04-24,0.744,1,0
756,252,21453.85,36,9.77,credit_card,2022-04-24,0.828,0,0
757,2756,9397.39,60,15.06,home_improvement,2022-04-24,0.394,0,0
758,3499,7074.17,36,14.75,debt_consolidation,2022-04-24,0.392,1,0
759,3192,5119.77,36,14.25,debt_consolidation,2022-04-24,0.388,0,0
760,2902,5892.27,36,16.43,debt_consolidation,2022-04-24,0.607,0,0
761,2537,4503.79,36,14.58,car,2022-04-24,0.647,0,0
762,2182,6024.13,36,14.99,debt_consolidation,2022-04-24,0.623,0,0
763,702,37905.35,60,15.94,car,2022-04-25,0.947,1,0
764,2059,8113.01,36,17.68,car,2022-04-25,0.536,0,0
765,1848,7311.69,36,15.22,home_improvement,2022-04-25,0.154,0,0
766,1065,936.46,36,11.36,other,2022-04-25,0.101,0,0
767,3980,8429.88,60,15.87,credit_card,2022-04-25,0.258,1,0
768,2289,6494.12,60,14.73,credit_card,2022-04-26,0.497,0,0
769,707,9094.19,36,13.73,other,2022-04-26,0.513,0,0
770,400,15312.95,36,13.34,medical,2022-04-26,0.916,0,0
771,3314,8974.74,36,12.29,car,2022-04-26,0.453,0,0
772,1714,5953.53,36,17.97,debt_consolidation,2022-04-26,0.513,0,1
773,1172,14383.38,36,14.29,car,2022-04-26,0.724,0,0
774,2388,4644.59,36,13.42,debt_consolidation,2022-04-27,0.306,0,0
775,2346,4209.34,36,14.75,debt_consolidation,2022-04-27,0.13,0,0
776,54,6902.26,36,11.7,debt_consolidation,2022-04-27,0.243,0,0
777,3658,19210.42,60,17.16,debt_consolidation,2022-04-27,0.549,2,0
778,1043,6191.87,60,18.45,credit_card,2022-04-27,0.621,0,0
779,1633,8151.09,60,16.24,debt_consolidation,2022-04-27,1.085,0,0
780,1105,13260.76,36,15.19,credit_card,2022-04-27,0.457,0,0
781,1601,3396.85,60,14.94,other,2022-04-28,0.153,0,0
782,659,3287.23,36,17.77,debt_consolidation,2022-04-28,0.551,1,0
783,2431,11749.61,36,16.55,debt_consolidation,2022-04-28,0.578,0,0
784,3761,11906.7,36,16.04,credit_card,2022-04-28,0.501,0,0
785,2314,3614.44,36,17.29,car,2022-04-28,0.645,0,0
786,3832,4463.34,36,13.42,medical,2022-04-28,0.13,0,0
787,2787,40000.0,36,14.76,credit_card,2022-04-28,1.835,0,0
788,3776,10262.71,60,15.48,small_business,2022-04-28,0.455,0,1
789,2237,19595.39,60,16.06,credit_card,2022-04-28,0.529,0,0
790,2958,7746.4,36,13.92,credit_card,2022-04-28,0.39,0,0
791,1949,14770.79,36,15.09,home_improvement,2022-04-28,0.615,0,0
792,668,7031.03,60,13.45,car,2022-04-28,0.612,0,0
793,2527,3048.34,36,12.44,debt_consolidation,2022-04-28,0.248,0,0
794,37,2785.27,36,11.76,other,2022-04-28,0.23,0,0
795,1161,2312.27,36,14.11,credit_card,2022-04-28,0.195,0,0
796,1913,27004.97,36,14.5,medical,2022-04-29,0.538,0,0
797,823,9007.96,36,16.33,debt_consolidation,2022-04-29,0.227,0,0
798,3345,6765.8,60,15.19,debt_consolidation,2022-04-29,0.242,0,0
799,2514,9406.29,36,16.02,home_improvement,2022-04-29,0.327,0,0
800,117,6743.59,60,18.0,debt_consolidation,2022-04-29,0.357,1,0
801,43,22502.2,36,11.0,other,2022-04-30,0.554,0,0
802,1679,7238.26,36,13.74,small_business,2022-04-30,0.225,0,0
803,2327,7796.25,36,14.8,car,2022-04-30,0.479,1,1
804,1885,9459.31,36,10.14,debt_consolidation,2022-04-30,0.253,0,0
805,2868,4708.81,36,14.65,debt_consolidation,2022-04-30,0.136,0,0
806,3187,18830.9,36,13.53,other,2022-04-30,0.613,0,0
807,1984,2867.55,36,14.57,credit_card,2022-05-01,0.786,0,0
808,1782,5952.63,60,15.08,debt_consolidation,2022-05-01,0.419,0,0
809,3705,14833.29,60,14.75,small_business,2022-05-01,0.675,0,1
810,2564,15822.99,60,17.22,debt_consolidation,2022-05-01,0.416,0,0
811,1525,14167.1,36,14.4,debt_consolidation,2022-05-01,0.694,1,0
812,2251,2672.12,36,12.36,debt_consolidation,2022-05-01,0.607,0,0
813,3911,13062.91,60,16.81,other,2022-05-01,0.647,0,0
814,2723,13717.25,36,14.75,debt_consolidation,2022-05-02,0.709,0,0
815,1666,9131.87,36,15.88,debt_consolidation,2022-05-02,0.306,0,0
816,3785,2941.61,60,21.23,credit_card,2022-05-02,0.143,0,1
817,3637,17882.46,36,14.93,debt_consolidation,2022-05-02,0.223,1,0
818,280,12639.64,36,13.82,credit_card,2022-05-02,0.653,0,0
819,3546,8742.71,36,12.0,debt_consolidation,2022-05-02,0.223,0,0
820,1422,7960.64,60,16.67,debt_consolidation,2022-05-02,0.291,0,0
821,416,13073.26,60,20.01,debt_consolidation,2022-05-02,0.626,0,0
822,2764,4838.48,36,18.9,credit_card,2022-05-02,0.369,0,0
823,472,12513.0,36,15.92,credit_card,2022-05-02,0.6,0,0
824,1069,19427.13,60,18.14,home_improvement,2022-05-02,0.884,0,0
825,1387,6770.61,36,13.41,credit_card,2022-05-02,0.474,0,0
826,1741,15894.58,60,17.12,car,2022-05-02,0.736,0,0
827,1937,11090.16,60,20.03,debt_consolidation,2022-05-02,0.724,0,0
828,3348,7656.47,36,16.57,debt_consolidation,2022-05-03,0.237,0,0
829,3321,23206.75,60,19.3,debt_consolidation,2022-05-03,1.693,0,0
830,3682,9951.47,60,15.8,debt_consolidation,2022-05-03,0.651,0,0
831,1320,13318.26,36,12.52,other,2022-05-03,0.638,0,0
832,700,3738.72,36,13.62,credit_card,2022-05-03,0.329,0,0
833,3191,17261.35,60,14.9,debt_consolidation,2022-05-03,0.91,1,0
834,269,7755.23,60,14.01,credit_card,2022-05-03,0.397,0,1
835,724,8779.92,60,15.22,small_business,2022-05-03,0.654,0,0
836,3787,5182.97,36,18.38,credit_card,2022-05-04,0.376,0,0
837,3713,19072.02,36,10.45,debt_consolidation,2022-05-04,0.872,0,0
838,3761,6700.68,60,13.38,credit_card,2022-05-04,0.411,0,0
839,586,4727.05,36,13.03,car,2022-05-04,0.466,0,0
840,1190,6994.47,36,18.16,credit_card,2022-05-04,0.826,0,0
841,1005,8094.69,60,18.29,credit_card,2022-05-04,0.309,0,1
842,933,4890.37,36,17.86,debt_consolidation,2022-05-04,0.204,0,0
843,2437,16758.06,36,12.85,debt_consolidation,2022-05-04,0.703,0,0
844,972,10669.35,36,14.61,debt_consolidation,2022-05-04,0.97,0,0
845,3290,3472.86,36,15.35,debt_consolidation,2022-05-05,0.175,0,0
846,1594,11896.34,36,11.9,debt_consolidation,2022-05-05,0.658,0,0
847,1469,15320.84,36,14.83,debt_consolidation,2022-05-05,0.534,0,0
848,1216,7414.95,60,12.54,other,2022-05-05,0.424,1,0
849,3845,16273.08,36,14.6,home_improvement,2022-05-05,0.345,0,0
850,2572,8121.58,60,17.9,home_improvement,2022-05-05,0.392,0,0
851,2760,8069.53,60,16.9,debt_consolidation,2022-05-05,0.305,0,0
852,3541,4879.84,60,18.3,debt_consolidation,2022-05-06,0.757,1,1
853,2393,8549.73,36,9.24,credit_card,2022-05-06,0.31,0,0
854,1740,8394.81,60,16.36,credit_card,2022-05-06,0.383,0,0
855,1944,11508.08,60,17.03,credit_card,2022-05-06,1.218,1,0
856,3853,8003.86,36,12.74,debt_consolidation,2022-05-07,0.315,0,0
857,3521,3365.16,36,15.21,debt_consolidation,2022-05-07,0.278,0,0
858,3463,13881.69,60,15.33,debt_consolidation,2022-05-07,0.446,2,0
859,1851,8359.68,60,12.47,debt_consolidation,2022-05-07,0.43,0,0
860,1355,4237.5,36,15.21,car,2022-05-07,0.186,0,0
861,713,12179.63,60,16.77,credit_card,2022-05-07,0.243,1,0
862,903,21207.21,36,17.42,home_improvement,2022-05-08,0.908,1,0
863,796,4802.73,36,19.5,home_improvement,2022-05-08,0.458,0,0
864,1398,2401.23,36,14.89,home_improvement,2022-05-08,0.331,0,0
865,2654,8574.79,36,15.05,debt_consolidation,2022-05-08,0.465,0,0
866,1887,11430.33,36,14.23,home_improvement,2022-05-08,0.251,0,0
867,3837,1382.22,36,16.19,debt_consolidation,2022-05-08,0.314,0,1
868,3856,19282.33,36,13.36,credit_card,2022-05-08,0.644,1,0
869,1453,3690.75,36,15.65,debt_consolidation,2022-05-08,0.19,0,0
870,3863,5997.29,60,13.77,debt_consolidation,2022-05-08,0.512,0,0
871,1719,5628.4,60,13.58,home_improvement,2022-05-09,0.751,0,0
872,2472,5953.75,36,15.93,debt_consolidation,2022-05-09,0.469,0,0
873,31,10087.32,60,18.08,debt_consolidation,2022-05-09,0.527,0,0
874,1739,2371.25,60,17.48,other,2022-05-09,0.528,0,0
875,589,9795.2,36,16.97,debt_consolidation,2022-05-09,0.642,0,0
876,578,7364.7,36,15.4,debt_consolidation,2022-05-09,0.845,1,0
877,2131,10100.4,36,18.34,credit_card,2022-05-09,0.236,0,0
878,1395,5861.72,36,16.07,credit_card,2022-05-09,0.346,0,0
879,926,8404.09,36,12.76,car,2022-05-09,0.148,0,0
880,623,6765.82,60,16.32,debt_consolidation,2022-05-10,0.278,0,0
881,1618,11782.77,36,11.67,debt_consolidation,2022-05-10,0.539,0,0
882,3702,7708.63,36,15.77,home_improvement,2022-05-10,0.2,0,0
883,3243,7814.98,36,15.43,car,2022-05-10,0.397,0,0
884,3890,35237.7,60,13.61,car,2022-05-10,0.572,0,0
885,3603,7640.0,36,14.55,home_improvement,2022-05-10,0.55,0,0
886,1637,2947.44,60,17.05,other,2022-05-10,0.217,0,0
887,1927,29945.48,36,15.0,debt_consolidation,2022-05-10,1.138,0,0
888,1066,3668.08,36,11.87,debt_consolidation,2022-05-10,0.201,0,0
889,2897,5463.77,36,14.38,home_improvement,2022-05-11,0.118,0,0
890,3726,6762.21,60,14.23,other,2022-05-11,0.356,0,0
891,1648,13306.73,36,17.82,home_improvement,2022-05-11,0.834,0,1
892,3930,6236.74,36,14.38,debt_consolidation,2022-05-12,0.263,0,0
893,3391,6691.34,36,14.66,debt_consolidation,2022-05-12,0.689,0,0
894,2037,6999.88,36,16.18,home_improvement,2022-05-12,0.351,0,0
895,1515,16469.39,36,17.49,credit_card,2022-05-12,0.538,0,0
896,181,9927.98,36,17.05,home_improvement,2022-05-12,0.613,0,0
897,3974,10080.25,60,12.86,debt_consolidation,2022-05-12,0.446,0,0
898,3417,16089.63,60,15.15,debt_consolidation,2022-05-12,0.356,0,0
899,1992,7847.18,36,13.43,home_improvement,2022-05-12,0.756,0,0
900,1169,13437.08,36,14.41,debt_consolidation,2022-05-12,0.369,0,0
901,3249,1279.77,36,10.54,home_improvement,2022-05-13,0.457,0,0
902,3937,8185.05,36,12.66,home_improvement,2022-05-13,0.479,0,0
903,2402,21541.31,36,13.41,debt_consolidation,2022-05-13,1.192,0,0
904,619,7562.88,60,16.69,small_business,2022-05-13,0.494,0,0
905,3791,13589.97,36,15.6,car,2022-05-13,0.59,0,0
906,1630,9070.4,36,13.43,car,2022-05-13,0.272,1,0
907,3721,22097.36,60,20.97,debt_consolidation,2022-05-13,1.008,2,1
908,2476,4659.71,60,15.46,other,2022-05-13,0.484,0,0
909,2675,13414.9,36,13.76,home_improvement,2022-05-14,0.436,0,0
910,283,3969.72,36,14.9,home_improvement,2022-05-14,0.139,0,0
911,1383,6819.3,36,17.0,car,2022-05-14,0.411,0,0
912,1137,8510.59,36,12.0,debt_consolidation,2022-05-14,0.286,1,0
913,3175,35605.59,36,12.54,debt_consolidation,2022-05-14,0.541,0,0
914,3991,22569.14,36,13.44,credit_card,2022-05-14,0.506,1,0
915,3011,7811.12,36,11.63,small_business,2022-05-14,0.86,1,0
916,1543,14012.54,60,15.75,debt_consolidation,2022-05-15,0.833,0,0
917,3075,17092.04,36,12.08,debt_consolidation,2022-05-15,0.259,0,0
918,353,25295.67,36,13.03,car,2022-05-15,0.509,0,0
919,544,9132.88,60,15.44,medical,2022-05-15,0.672,0,0
920,3708,8153.58,36,15.31,debt_consolidation,2022-05-15,0.57,0,0
921,3425,7310.43,36,15.1,credit_card,2022-05-15,0.243,0,0
922,3286,10651.77,36,12.09,debt_consolidation,2022-05-15,0.246,0,0
923,1078,7308.98,36,14.54,debt_consolidation,2022-05-15,0.248,0,0
924,1905,9070.52,60,12.11,home_improvement,2022-05-16,0.281,0,0
925,842,13049.42,36,12.75,debt_consolidation,2022-05-16,0.535,0,0
926,533,9362.59,36,12.7,other,2022-05-16,0.295,0,0
927,2647,5854.63,36,11.81,small_business,2022-05-16,0.623,0,0
928,2953,34531.85,36,14.16,home_improvement,2022-05-16,0.592,1,0
929,15,3357.29,60,18.33,debt_consolidation,2022-05-16,0.294,0,0
930,3110,7744.92,36,14.02,debt_consolidation,2022-05-16,0.344,0,0
931,297,2282.92,36,12.72,debt_consolidation,2022-05-16,0.444,0,0
932,3623,5337.82,36,11.43,medical,2022-05-17,0.198,0,0
933,3673,5998.28,60,20.16,debt_consolidation,2022-05-17,0.461,0,0
934,910,7215.16,36,12.68,debt_consolidation,2022-05-17,0.765,0,0
935,356,6154.66,36,13.9,debt_consolidation,2022-05-17,0.48,0,0
936,2558,3836.86,36,14.32,credit_card,2022-05-17,0.262,0,0
937,457,8408.52,36,13.53,debt_consolidation,2022-05-18,0.695,0,1
938,1827,35247.22,36,14.61,debt_consolidation,2022-05-18,0.508,1,0
939,861,24602.84,36,14.25,credit_card,2022-05-18,1.217,0,0
940,923,12934.48,60,14.57,debt_consolidation,2022-05-18,0.688,0,0
941,3654,8538.27,36,16.57,medical,2022-05-18,0.332,0,0
942,3490,22909.09,36,13.12,car,2022-05-18,0.725,0,0
943,429,7652.64,36,16.73,debt_consolidation,2022-05-18,0.513,0,0
944,1011,8429.91,36,13.44,home_improvement,2022-05-18,0.807,0,0
945,2122,6419.01,36,17.54,home_improvement,2022-05-18,0.417,1,0
946,6,16024.53,36,13.71,home_improvement,2022-05-18,0.688,1,0
947,2330,7004.57,60,16.54,debt_consolidation,2022-05-18,0.257,0,0
948,3451,7926.34,36,15.1,other,2022-05-19,0.831,0,0
949,3551,6326.99,60,17.0,car,2022-05-19,0.558,1,0
950,3704,2831.71,36,14.96,home_improvement,2022-05-19,0.343,0,0
951,176,3972.58,60,18.8,credit_card,2022-05-19,0.383,0,0
952,1483,4343.66,60,14.92,debt_consolidation,2022-05-19,0.147,0,0
953,3912,8686.87,36,14.45,home_improvement,2022-05-19,0.771,0,0
954,3472,8964.38,36,13.43,car,2022-05-19,0.509,0,0
955,1953,11578.29,60,19.0,car,2022-05-20,0.823,0,0
956,2550,1988.66,36,11.57,debt_consolidation,2022-05-20,0.353,1,0
957,2265,2615.5,60,18.54,debt_consolidation,2022-05-21,0.224,0,0
958,3531,4866.45,36,14.86,debt_consolidation,2022-05-21,0.409,0,0
959,3033,5792.33,60,15.34,credit_card,2022-05-21,0.45,0,0
960,1029,17900.73,36,15.84,other,2022-05-21,0.333,0,0
961,2081,8167.35,36,14.84,home_improvement,2022-05-21,0.416,0,0
962,2246,15760.89,36,12.85,credit_card,2022-05-21,0.335,0,0
963,1408,9439.77,60,20.31,debt_consolidation,2022-05-21,0.412,0,0
964,1665,5594.38,36,14.67,debt_consolidation,2022-05-22,0.249,0,0
965,3937,6391.16,36,10.73,debt_consolidation,2022-05-22,0.435,0,0
966,3229,9242.76,36,13.52,debt_consolidation,2022-05-22,0.402,0,0
967,2940,6854.3,36,14.28,debt_consolidation,2022-05-22,0.637,0,1
968,3710,7010.6,36,14.54,medical,2022-05-23,0.469,0,1
969,1335,6301.87,36,16.68,credit_card,2022-05-23,0.13,0,0
970,903,19032.43,36,19.41,car,2022-05-23,0.869,0,0
971,3688,7395.88,36,14.17,medical,2022-05-23,0.352,0,0
972,349,5340.78,36,12.16,debt_consolidation,2022-05-23,0.313,0,0
973,3762,5074.54,36,17.25,home_improvement,2022-05-23,0.553,0,0
974,1510,16469.45,36,15.43,debt_consolidation,2022-05-23,0.411,0,0
975,492,7187.7,36,15.48,medical,2022-05-23,0.364,1,0
976,2904,8054.84,60,16.58,medical,2022-05-23,0.216,1,0
977,1095,3748.83,36,12.73,other,2022-05-23,0.489,0,0
978,2175,38243.48,36,14.13,medical,2022-05-23,0.577,0,0
979,897,6246.53,60,11.72,medical,2022-05-24,0.196,0,0
980,2726,3273.56,60,14.63,home_improvement,2022-05-24,0.304,0,1
981,2817,8048.67,36,14.12,small_business,2022-05-24,0.46,3,1
982,3940,11854.76,60,16.82,other,2022-05-24,0.593,0,0
983,1433,14854.3,60,17.74,debt_consolidation,2022-05-24,0.978,0,0
984,217,10311.13,36,14.97,debt_consolidation,2022-05-25,0.213,0,0
985,132,4792.37,36,12.95,credit_card,2022-05-25,0.435,0,0
986,1146,1761.11,36,14.23,debt_consolidation,2022-05-25,0.314,0,0
987,2370,7723.36,60,16.93,debt_consolidation,2022-05-25,0.611,0,0
988,1545,2172.67,36,14.8,car,2022-05-25,0.325,0,0
989,2895,6529.93,36,12.28,home_improvement,2022-05-25,0.517,0,0
990,3992,6983.43,36,16.04,medical,2022-05-25,0.348,1,0
991,2580,4893.7,60,19.19,debt_consolidation,2022-05-26,0.144,0,0
992,1006,15542.89,60,15.87,debt_consolidation,2022-05-26,0.661,0,0
993,3897,1985.86,36,16.38,debt_consolidation,2022-05-26,0.214,0,0
994,375,14761.14,60,15.31,credit_card,2022-05-26,0.225,0,0
995,1298,38377.62,36,15.93,debt_consolidation,2022-05-26,1.112,0,0
996,2297,5600.12,36,15.56,credit_card,2022-05-26,0.534,0,0
997,2502,1672.96,60,12.27,other,2022-05-26,0.337,0,0
998,2866,2445.5,36,14.2,car,2022-05-26,0.455,0,0
999,1194,12814.95,60,17.49,debt_consolidation,2022-05-27,0.722,1,0
1000,634,4952.84,60,14.28,home_improvement,2022-05-27,0.623,0,0
1001,1070,7351.29,36,12.55,car,2022-05-27,0.211,0,0
1002,1864,5642.72,60,18.2,medical,2022-05-27,0.508,0,0
1003,2509,2744.57,36,16.41,debt_consolidation,2022-05-27,0.172,0,0
1004,1011,11497.97,36,13.47,home_improvement,2022-05-27,0.846,0,0
1005,303,1915.9,36,17.43,home_improvement,2022-05-27,0.358,5,1
1006,3739,7628.05,36,13.27,debt_consolidation,2022-05-27,0.41,0,0
1007,2004,7522.64,36,15.21,debt_consolidation,2022-05-27,0.217,0,0
1008,1610,17204.34,60,17.82,home_improvement,2022-05-28,0.407,0,0
1009,379,9191.21,36,15.88,debt_consolidation,2022-05-28,0.458,0,0
1010,2307,7490.54,36,17.01,debt_consolidation,2022-05-28,0.384,0,0
1011,3240,13590.71,36,11.63,debt_consolidation,2022-05-28,0.443,0,0
1012,921,26069.53,36,12.55,home_improvement,2022-05-28,1.091,0,0
1013,2514,13815.54,36,14.77,debt_consolidation,2022-05-28,0.414,0,0
1014,372,18218.57,60,11.67,home_improvement,2022-05-28,0.506,1,0
1015,3752,11400.8,60,15.78,debt_consolidation,2022-05-28,0.514,0,0
1016,2908,12872.24,60,18.06,debt_consolidation,2022-05-28,0.385,0,0
1017,2019,11774.12,60,14.8,debt_consolidation,2022-05-28,0.501,0,0
1018,1215,3742.8,36,9.25,credit_card,2022-05-29,0.259,0,0
1019,1892,3353.68,36,12.98,debt_consolidation,2022-05-29,0.075,0,0
1020,2540,4714.17,36,16.18,debt_consolidation,2022-05-29,0.325,1,0
1021,3737,9089.33,60,13.92,medical,2022-05-29,0.63,1,0
1022,1720,7590.03,60,15.11,small_business,2022-05-29,0.431,0,0
1023,3414,9689.43,60,14.04,debt_consolidation,2022-05-29,0.821,0,0
1024,192,10955.46,36,18.8,debt_consolidation,2022-05-30,0.336,1,0
1025,160,13446.25,36,15.96,credit_card,2022-05-30,0.856,0,0
1026,79,23955.84,60,16.52,car,2022-05-30,0.624,1,0
1027,1984,3633.29,36,16.47,debt_consolidation,2022-05-31,0.796,0,0
1028,3755,4196.22,36,16.31,credit_card,2022-05-31,0.227,2,0
1029,2807,4205.08,36,15.26,home_improvement,2022-05-31,0.213,1,0
1030,3260,4929.27,60,14.2,debt_consolidation,2022-05-31,0.459,0,0
1031,2946,3868.94,36,14.39,credit_card,2022-05-31,0.191,0,0
1032,2827,4663.64,36,15.64,car,2022-05-31,0.573,1,0
1033,3286,8875.66,36,12.24,home_improvement,2022-05-31,0.221,0,0
1034,2356,13132.14,60,18.19,small_business,2022-05-31,0.515,1,0
1035,3953,10895.66,36,17.19,credit_card,2022-05-31,0.548,0,0
1036,3262,8586.35,36,15.02,debt_consolidation,2022-05-31,0.303,0,0
1037,2581,12223.46,36,16.61,debt_consolidation,2022-05-31,0.893,0,0
1038,2768,7405.78,36,14.17,debt_consolidation,2022-05-31,0.218,0,0
1039,4,3860.4,36,15.5,debt_consolidation,2022-05-31,0.504,0,0
1040,3728,12212.9,36,10.51,credit_card,2022-05-31,0.208,0,0
1041,3485,6922.77,60,17.71,debt_consolidation,2022-06-01,0.471,0,0
1042,204,13286.19,36,9.91,debt_consolidation,2022-06-01,0.342,1,0
1043,2781,15235.29,36,16.43,small_business,2022-06-01,0.75,0,0
1044,1773,8262.14,36,12.73,home_improvement,2022-06-01,0.196,0,0
1045,2756,6902.87,60,12.03,small_business,2022-06-01,0.358,0,0
1046,1367,11591.47,60,18.3,credit_card,2022-06-01,0.358,0,0
1047,3091,3001.78,60,12.54,debt_consolidation,2022-06-01,0.217,0,0
1048,753,10346.09,36,10.7,credit_card,2022-06-01,0.586,0,0
1049,2193,8189.59,60,18.89,debt_consolidation,2022-06-01,0.488,1,0
1050,915,5843.01,36,14.66,debt_consolidation,2022-06-01,0.421,1,0
1051,2401,4717.64,36,13.72,medical,2022-06-02,0.231,1,0
1052,1736,7715.16,36,15.69,credit_card,2022-06-02,0.624,0,0
1053,3675,13872.66,60,13.26,debt_consolidation,2022-06-02,0.547,0,0
1054,3290,4416.16,36,11.35,small_business,2022-06-02,0.185,0,0
1055,3281,15127.49,60,18.05,debt_consolidation,2022-06-02,1.041,1,1
1056,3788,4609.37,36,12.85,home_improvement,2022-06-02,0.338,0,0
1057,1566,1389.97,60,15.46,debt_consolidation,2022-06-02,0.11,0,0
1058,2961,7746.91,36,14.87,credit_card,2022-06-03,0.602,0,0
1059,1279,2506.25,60,13.73,small_business,2022-06-03,0.453,0,0
1060,3779,3532.0,36,17.33,home_improvement,2022-06-03,0.166,1,0
1061,2140,5567.48,36,15.6,small_business,2022-06-03,0.315,0,0
1062,2216,10970.01,60,18.24,other,2022-06-03,0.4,0,0
1063,2095,29076.95,36,12.27,debt_consolidation,2022-06-03,0.571,0,0
1064,657,5061.32,60,15.45,debt_consolidation,2022-06-03,0.45,0,0
1065,1731,5543.69,36,17.66,car,2022-06-03,0.421,0,0
1066,2012,8912.16,36,15.82,debt_consolidation,2022-06-03,0.543,0,0
1067,377,14299.19,36,17.5,small_business,2022-06-04,0.912,0,0
1068,2635,4498.21,36,14.64,small_business,2022-06-04,0.456,0,0
1069,2358,1056.32,36,16.39,credit_card,2022-06-04,0.147,0,0
1070,1735,40000.0,36,14.51,debt_consolidation,2022-06-04,1.112,0,0
1071,158,8131.28,36,15.4,debt_consolidation,2022-06-04,0.59,0,0
1072,355,1506.01,36,13.03,debt_consolidation,2022-06-04,0.179,0,0
1073,3748,6818.62,36,13.91,car,2022-06-05,0.525,0,0
1074,3662,19127.58,36,11.66,debt_consolidation,2022-06-05,0.462,0,0
1075,3305,13491.66,36,16.61,home_improvement,2022-06-05,0.591,0,0
1076,3500,12891.37,60,16.72,credit_card,2022-06-05,1.028,0,0
1077,2564,10428.6,36,16.28,debt_consolidation,2022-06-06,0.291,0,0
1078,2018,13414.83,36,13.96,debt_consolidation,2022-06-06,1.276,0,0
1079,2123,7073.64,36,15.96,other,2022-06-06,0.515,0,0
1080,2293,3967.31,36,18.03,car,2022-06-06,0.25,0,0
1081,3471,9439.48,36,12.3,small_business,2022-06-06,0.341,0,0
1082,3636,29586.25,36,15.22,other,2022-06-07,0.886,1,0
1083,3095,15525.57,36,14.87,debt_consolidation,2022-06-07,0.47,0,0
1084,1533,4297.66,36,16.66,car,2022-06-08,0.323,0,0
1085,1888,5814.93,36,14.91,credit_card,2022-06-08,0.272,1,0
1086,257,2355.14,36,13.68,small_business,2022-06-08,0.54,1,0
1087,651,23429.05,36,11.86,home_improvement,2022-06-09,1.003,0,0
1088,596,4415.35,36,15.01,credit_card,2022-06-09,0.508,0,0
1089,3600,10263.2,36,12.6,small_business,2022-06-09,0.554,0,0
1090,3034,40000.0,36,13.91,small_business,2022-06-09,1.076,1,0
1091,899,6702.68,36,14.06,small_business,2022-06-09,0.425,0,0
1092,1303,7712.97,36,15.07,credit_card,2022-06-09,0.308,0,0
1093,3724,12123.88,36,17.4,debt_consolidation,2022-06-09,0.921,0,0
1094,664,13672.65,36,17.73,debt_consolidation,2022-06-09,0.782,0,0
1095,3684,4884.45,36,17.7,credit_card,2022-06-09,0.545,0,0
1096,3764,5258.59,60,14.8,car,2022-06-09,0.386,0,0
1097,1006,8301.16,36,14.79,debt_consolidation,2022-06-09,0.365,0,1
1098,2561,8555.74,36,17.91,car,2022-06-10,0.229,0,0
1099,3259,16567.58,36,17.5,home_improvement,2022-06-10,0.424,0,0
1100,233,4564.28,60,16.97,debt_consolidation,2022-06-10,0.274,0,0
1101,393,7163.29,36,14.15,small_business,2022-06-10,0.572,0,0
1102,2168,11624.96,36,14.19,credit_card,2022-06-10,0.884,0,0
1103,290,6258.22,36,11.45,debt_consolidation,2022-06-10,0.719,1,0
1104,3581,3744.61,60,13.84,medical,2022-06-10,0.299,0,0
1105,3912,10093.51,36,15.85,credit_card,2022-06-11,0.8,0,0
1106,3112,2196.67,60,14.42,medical,2022-06-11,0.527,0,0
1107,3758,3639.03,36,15.4,debt_consolidation,2022-06-11,0.541,0,0
1108,1530,17230.13,36,11.77,car,2022-06-11,0.518,0,0
1109,992,14192.41,36,12.97,home_improvement,2022-06-11,0.536,0,0
1110,1235,12280.81,36,15.86,home_improvement,2022-06-11,0.816,0,0
1111,3390,21678.83,36,13.15,debt_consolidation,2022-06-12,0.577,0,0
1112,1449,4010.71,36,14.66,home_improvement,2022-06-12,0.25,0,0
1113,2363,13098.7,36,14.46,debt_consolidation,2022-06-13,0.725,0,0
1114,348,9747.14,36,13.22,debt_consolidation,2022-06-13,0.916,0,0
1115,2452,3931.73,60,15.06,credit_card,2022-06-13,0.47,0,0
1116,246,5142.01,36,13.5,credit_card,2022-06-14,0.371,0,0
1117,3805,26906.55,36,16.59,debt_consolidation,2022-06-14,1.174,0,0
1118,1066,15773.72,60,12.56,debt_consolidation,2022-06-14,0.388,0,0
1119,1349,11014.99,36,12.69,credit_card,2022-06-14,0.637,0,0
1120,3196,9180.0,60,20.54,debt_consolidation,2022-06-14,0.544,3,0
1121,1081,3272.18,36,17.15,debt_consolidation,2022-06-14,0.292,0,0
1122,1264,5783.96,60,14.93,debt_consolidation,2022-06-14,0.337,0,0
1123,823,12494.32,36,15.36,credit_card,2022-06-14,0.257,0,0
1124,3746,15102.9,36,13.11,credit_card,2022-06-14,0.848,0,0
1125,2796,35787.81,60,13.91,small_business,2022-06-14,0.628,0,0
1126,274,2248.15,36,9.7,home_improvement,2022-06-14,0.208,0,0
1127,2879,11958.18,36,16.11,car,2022-06-14,0.569,0,0
1128,3046,15356.47,36,14.59,debt_consolidation,2022-06-14,0.868,0,0
1129,3690,18828.1,36,12.87,credit_card,2022-06-14,0.923,0,0
1130,3616,5490.72,36,19.29,debt_consolidation,2022-06-14,0.294,1,0
1131,1927,7008.83,36,13.7,home_improvement,2022-06-14,0.693,0,0
1132,3422,8913.34,36,11.28,debt_consolidation,2022-06-15,0.478,0,0
1133,1820,22586.62,60,18.54,credit_card,2022-06-15,0.487,0,0
1134,892,6482.88,36,13.82,medical,2022-06-15,0.523,0,0
1135,1613,3556.07,36,16.9,credit_card,2022-06-16,0.156,0,0
1136,3992,9654.14,60,17.45,medical,2022-06-16,0.416,0,0
1137,411,20913.85,36,9.56,home_improvement,2022-06-16,0.598,0,0
1138,2491,13477.01,36,13.5,debt_consolidation,2022-06-16,0.336,0,0
1139,1862,7694.04,36,9.26,credit_card,2022-06-16,0.497,0,0
1140,179,4625.74,36,18.58,home_improvement,2022-06-17,0.326,0,0
1141,1125,2775.65,36,14.45,home_improvement,2022-06-17,0.673,0,0
1142,3443,2640.6,36,14.81,home_improvement,2022-06-17,0.481,1,0
1143,506,15881.05,36,14.89,debt_consolidation,2022-06-17,0.453,0,0
1144,3121,9378.2,36,12.28,debt_consolidation,2022-06-17,0.523,0,0
1145,3897,14371.22,36,17.04,small_business,2022-06-17,0.657,0,0
1146,1063,3500.66,60,13.05,credit_card,2022-06-17,0.179,0,0
1147,496,5839.81,60,19.34,car,2022-06-18,0.521,2,1
1148,2274,8856.27,36,12.37,small_business,2022-06-18,0.108,0,0
1149,1481,5799.85,60,15.34,car,2022-06-18,0.506,0,0
1150,1753,14043.02,36,12.78,debt_consolidation,2022-06-18,0.67,1,0
1151,1186,4314.01,60,18.76,home_improvement,2022-06-18,0.403,1,0
1152,2593,6268.97,36,11.8,medical,2022-06-19,0.525,0,0
1153,1645,31954.33,36,10.49,home_improvement,2022-06-19,0.619,0,0
1154,30,7754.95,36,15.59,debt_consolidation,2022-06-19,0.355,0,0
1155,3301,7197.78,36,14.0,debt_consolidation,2022-06-19,0.24,0,0
1156,1916,5195.08,60,12.63,home_improvement,2022-06-19,0.505,0,0
1157,791,2685.14,36,12.15,home_improvement,2022-06-19,0.353,0,0
1158,1923,4337.19,60,16.04,debt_consolidation,2022-06-19,0.243,0,0
1159,3907,16779.67,36,13.54,credit_card,2022-06-19,0.61,0,1
1160,1529,5649.71,60,17.55,debt_consolidation,2022-06-20,0.329,0,0
1161,1032,2734.65,60,19.48,debt_consolidation,2022-06-20,0.406,0,0
1162,2145,40000.0,36,16.86,home_improvement,2022-06-20,0.483,0,0
1163,329,5888.01,36,14.78,home_improvement,2022-06-20,0.272,0,0
1164,3269,2581.88,60,15.07,credit_card,2022-06-20,0.595,0,0
1165,1339,11815.29,36,15.54,other,2022-06-20,0.534,0,0
1166,382,10968.28,36,13.99,debt_consolidation,2022-06-20,0.536,0,0
1167,3233,7623.82,60,15.91,car,2022-06-20,0.682,0,0
1168,1364,11969.46,36,17.3,car,2022-06-21,0.773,0,0
1169,3723,1412.42,36,14.68,home_improvement,2022-06-21,0.268,0,0
1170,3337,17430.11,36,15.72,home_improvement,2022-06-21,0.351,0,0
1171,3014,3660.71,36,12.79,credit_card,2022-06-21,0.621,0,0
1172,3479,16915.11,36,13.62,debt_consolidation,2022-06-21,1.516,1,1
1173,3851,4625.14,36,16.3,debt_consolidation,2022-06-21,0.126,0,0
1174,835,2016.61,36,14.66,credit_card,2022-06-21,0.421,0,0
1175,2962,5440.3,36,13.48,debt_consolidation,2022-06-21,0.568,0,0
1176,3821,5373.59,36,15.35,credit_card,2022-06-22,0.105,0,0
1177,257,5990.58,36,14.91,debt_consolidation,2022-06-22,0.7,0,0
1178,1018,7811.37,60,14.6,debt_consolidation,2022-06-22,0.301,0,0
1179,278,6168.67,36,12.03,credit_card,2022-06-22,0.627,0,0
1180,1744,11943.96,36,17.22,debt_consolidation,2022-06-22,0.783,0,0
1181,3161,3526.85,36,14.88,credit_card,2022-06-22,0.431,0,0
1182,3473,4452.81,36,13.52,credit_card,2022-06-23,0.281,0,0
1183,2462,1639.94,60,12.35,credit_card,2022-06-23,0.146,0,0
1184,3508,5827.47,36,13.04,debt_consolidation,2022-06-23,0.363,0,0
1185,3246,15003.04,36,14.91,debt_consolidation,2022-06-23,0.581,0,0
1186,3311,13934.6,60,17.13,debt_consolidation,2022-06-23,0.9,1,0
1187,2732,9507.65,36,15.53,debt_consolidation,2022-06-23,0.373,3,0
1188,2692,8996.75,36,15.67,credit_card,2022-06-23,0.625,0,0
1189,927,6831.31,36,14.46,credit_card,2022-06-24,0.589,0,0
1190,2816,8348.63,36,12.8,debt_consolidation,2022-06-24,0.732,1,0
1191,2070,11906.68,60,14.43,home_improvement,2022-06-24,0.568,0,0
1192,1161,6639.34,36,13.98,credit_card,2022-06-24,0.277,0,0
1193,1369,21777.45,36,12.41,debt_consolidation,2022-06-24,0.523,0,0
1194,2522,4956.96,60,14.37,small_business,2022-06-25,0.591,0,0
1195,2922,7028.92,60,18.84,medical,2022-06-25,0.704,0,0
1196,2193,10677.32,36,17.62,debt_consolidation,2022-06-25,0.577,1,0
1197,1732,7550.46,36,15.3,car,2022-06-25,0.414,0,0
1198,199,6495.02,36,16.55,debt_consolidation,2022-06-25,0.736,0,0
1199,3345,8294.96,36,14.66,credit_card,2022-06-25,0.263,0,0
1200,1614,5791.16,60,13.49,small_business,2022-06-25,0.608,1,0
1201,2010,4821.62,36,14.2,small_business,2022-06-25,0.416,0,0
1202,1831,10839.65,36,12.31,debt_consolidation,2022-06-25,0.421,0,0
1203,2241,13430.3,36,17.02,car,2022-06-25,0.458,0,0
1204,3370,14860.62,60,15.26,debt_consolidation,2022-06-26,0.51,0,0
1205,1997,19117.46,36,8.42,small_business,2022-06-26,0.645,0,0
1206,3797,4461.21,60,15.1,car,2022-06-26,0.274,0,0
1207,3614,22880.33,36,15.88,debt_consolidation,2022-06-26,0.916,0,1
1208,2141,12884.53,36,11.05,credit_card,2022-06-26,0.537,0,0
1209,2914,4945.27,36,13.25,debt_consolidation,2022-06-26,0.501,0,0
1210,3003,5638.6,36,15.91,debt_consolidation,2022-06-26,0.335,0,0
1211,2219,12349.97,60,15.62,credit_card,2022-06-26,0.192,0,0
1212,2927,9963.2,60,15.69,home_improvement,2022-06-27,0.749,0,0
1213,1838,8701.76,60,13.5,car,2022-06-27,0.419,0,0
1214,2185,6063.21,36,13.85,small_business,2022-06-27,0.372,0,0
1215,1892,14805.25,36,12.17,debt_consolidation,2022-06-27,0.165,0,0
1216,3959,26363.76,60,17.34,debt_consolidation,2022-06-28,0.432,0,0
1217,118,12518.67,36,20.61,credit_card,2022-06-28,0.162,1,0
1218,2258,7461.49,36,12.54,credit_card,2022-06-28,0.515,0,0
1219,779,6998.14,36,15.53,debt_consolidation,2022-06-28,0.933,0,0
1220,3614,17493.16,36,14.94,other,2022-06-28,0.787,0,0
1221,2449,9392.23,36,13.03,debt_consolidation,2022-06-28,0.628,1,0
1222,2442,4700.52,36,13.74,credit_card,2022-06-28,0.827,0,0
1223,2092,12787.18,36,13.63,debt_consolidation,2022-06-29,0.484,1,0
1224,549,7020.34,60,14.58,medical,2022-06-29,0.374,0,0
1225,1535,10776.9,36,20.18,medical,2022-06-29,0.625,1,0
1226,3565,2301.62,36,11.49,debt_consolidation,2022-06-29,0.459,1,0
1227,1539,2802.51,36,16.33,home_improvement,2022-06-29,0.122,1,0
1228,2991,14343.04,36,16.61,home_improvement,2022-06-30,0.395,0,0
1229,3742,2818.1,36,17.41,debt_consolidation,2022-06-30,0.426,0,0
1230,2869,4315.42,36,16.08,debt_consolidation,2022-06-30,0.615,0,0
1231,1090,3025.0,36,13.69,debt_consolidation,2022-06-30,0.546,1,0
1232,635,25866.65,36,11.88,other,2022-07-01,0.664,0,0
1233,732,15350.94,36,17.38,debt_consolidation,2022-07-01,0.451,1,0
1234,2865,3832.16,60,12.79,credit_card,2022-07-01,0.285,0,0
1235,2836,8152.04,36,16.51,credit_card,2022-07-01,0.427,0,1
1236,1133,2325.13,36,15.64,debt_consolidation,2022-07-01,0.198,1,0
1237,2534,6113.26,36,11.46,debt_consolidation,2022-07-01,0.66,0,0
1238,710,6020.22,60,18.01,debt_consolidation,2022-07-01,0.559,0,0
1239,1223,22126.89,36,11.75,debt_consolidation,2022-07-01,0.624,0,0
1240,2683,5167.9,36,12.55,debt_consolidation,2022-07-02,0.324,0,0
1241,1537,4414.86,36,13.77,debt_consolidation,2022-07-02,0.232,1,0
1242,946,32180.36,36,14.59,debt_consolidation,2022-07-02,0.285,0,0
1243,287,10642.59,36,14.72,other,2022-07-02,0.675,0,0
1244,2572,9279.33,60,18.08,car,2022-07-02,0.403,0,0
1245,3868,11597.37,60,13.52,debt_consolidation,2022-07-02,0.655,0,0
1246,1631,3710.61,36,15.97,debt_consolidation,2022-07-03,0.293,0,0
1247,1534,10984.6,36,13.33,home_improvement,2022-07-03,0.557,0,0
1248,1577,5995.22,36,16.97,small_business,2022-07-04,0.355,0,0
1249,1711,7197.11,36,17.27,debt_consolidation,2022-07-04,0.354,1,0
1250,2010,14631.98,36,15.99,medical,2022-07-04,0.564,0,0
1251,2393,5180.03,36,10.75,debt_consolidation,2022-07-04,0.258,0,0
1252,3421,13012.76,36,14.04,debt_consolidation,2022-07-04,0.723,0,0
1253,2867,21201.73,36,16.06,debt_consolidation,2022-07-04,0.985,0,0
1254,2541,12907.25,36,14.84,debt_consolidation,2022-07-05,0.701,0,0
1255,585,8674.63,36,16.37,home_improvement,2022-07-05,0.52,0,0
1256,1955,6260.38,36,15.98,home_improvement,2022-07-05,0.324,0,0
1257,2354,5708.57,36,13.0,debt_consolidation,2022-07-05,0.477,1,0
1258,1452,5875.86,60,15.76,debt_consolidation,2022-07-05,0.899,0,0
1259,1716,8136.12,36,14.29,debt_consolidation,2022-07-05,0.72,0,0
1260,2008,7239.06,60,18.07,credit_card,2022-07-06,0.74,0,0
1261,3936,4670.03,36,15.3,home_improvement,2022-07-06,0.263,0,0
1262,1189,24524.19,60,19.46,debt_consolidation,2022-07-06,0.889,0,0
1263,1804,12345.29,36,14.13,debt_consolidation,2022-07-06,0.578,0,0
1264,1480,7156.53,60,15.06,credit_card,2022-07-06,0.651,1,0
1265,873,10647.57,60,18.23,home_improvement,2022-07-06,0.444,0,0
1266,525,5141.37,60,17.03,debt_consolidation,2022-07-07,0.232,0,0
1267,111,40000.0,36,14.96,debt_consolidation,2022-07-07,1.048,0,0
1268,3178,23722.42,36,13.16,credit_card,2022-07-07,0.592,1,0
1269,166,17207.73,36,13.69,small_business,2022-07-07,0.633,0,0
1270,2392,6504.77,60,15.14,debt_consolidation,2022-07-08,0.426,0,0
1271,1838,24630.43,60,14.48,home_improvement,2022-07-08,0.852,0,0
1272,3534,19952.28,60,13.92,credit_card,2022-07-08,0.309,0,0
1273,3718,3980.39,36,12.14,medical,2022-07-08,0.168,0,0
1274,3921,10596.36,60,13.92,credit_card,2022-07-08,0.357,0,0
1275,3781,12981.96,36,15.2,debt_consolidation,2022-07-08,0.49,0,0
1276,1598,14015.77,36,15.63,credit_card,2022-07-09,0.429,0,1
1277,497,7900.2,36,19.51,other,2022-07-09,0.206,2,0
1278,2202,25138.57,36,16.23,debt_consolidation,2022-07-09,0.823,0,0
1279,2365,9488.18,36,13.09,home_improvement,2022-07-10,0.535,0,0
1280,1043,6242.23,36,17.41,debt_consolidation,2022-07-10,0.622,0,1
1281,2788,25508.32,60,16.72,debt_consolidation,2022-07-10,0.999,0,0
1282,1688,9417.11,36,15.43,home_improvement,2022-07-10,0.236,0,0
1283,2306,15288.22,36,16.8,debt_consolidation,2022-07-10,0.247,0,0
1284,3958,15312.65,60,17.42,debt_consolidation,2022-07-10,0.848,0,0
1285,1759,5001.32,36,15.41,medical,2022-07-11,0.274,0,0
1286,1013,7697.46,36,14.25,debt_consolidation,2022-07-11,0.578,0,0
1287,2498,5718.3,36,19.62,credit_card,2022-07-11,0.175,0,1
1288,3177,18801.74,36,10.79,debt_consolidation,2022-07-11,0.484,1,0
1289,1879,13346.66,36,15.71,car,2022-07-11,0.294,0,0
1290,129,2795.75,36,14.33,debt_consolidation,2022-07-11,0.198,0,0
1291,3649,4841.02,36,16.12,credit_card,2022-07-11,0.4,0,0
1292,137,4865.42,36,15.51,debt_consolidation,2022-07-12,0.123,0,0
1293,1023,5585.79,36,15.58,debt_consolidation,2022-07-12,0.328,0,0
1294,528,7049.22,36,11.47,debt_consolidation,2022-07-12,0.168,0,0
1295,285,5286.77,36,19.5,credit_card,2022-07-12,0.201,0,0
1296,1589,10349.22,36,19.75,car,2022-07-12,0.291,1,1
1297,3105,2030.18,36,16.71,debt_consolidation,2022-07-13,0.358,0,0
1298,1753,9837.6,36,14.65,other,2022-07-13,0.626,0,0
1299,1731,7503.26,60,19.05,credit_card,2022-07-13,0.528,0,0
1300,1949,15373.09,36,15.13,debt_consolidation,2022-07-13,0.621,0,1
1301,258,21484.77,36,12.19,small_business,2022-07-13,0.455,0,0
1302,3778,9877.18,60,15.27,debt_consolidation,2022-07-13,0.47,0,0
1303,3249,7405.22,36,13.79,debt_consolidation,2022-07-13,0.529,0,0
1304,2798,20631.53,36,12.84,debt_consolidation,2022-07-13,0.323,0,0
1305,1692,6082.0,36,12.7,credit_card,2022-07-13,0.409,0,0
1306,1898,7062.26,36,13.71,other,2022-07-14,0.117,0,0
1307,2315,11299.18,36,13.68,car,2022-07-14,0.261,1,0
1308,296,2819.57,60,17.22,car,2022-07-14,0.173,0,0
1309,2267,4631.53,60,17.73,debt_consolidation,2022-07-14,0.545,0,0
1310,600,4497.93,36,13.07,debt_consolidation,2022-07-14,0.498,1,0
1311,2908,40000.0,60,17.44,credit_card,2022-07-14,0.876,0,0
1312,2342,14702.76,60,16.25,debt_consolidation,2022-07-14,0.534,1,0
1313,1179,40000.0,36,14.26,debt_consolidation,2022-07-15,2.526,0,0
1314,1059,5524.53,36,12.68,car,2022-07-15,0.682,0,0
1315,1914,15275.48,60,16.57,debt_consolidation,2022-07-15,0.973,0,0
1316,3652,10022.7,36,13.49,debt_consolidation,2022-07-15,0.664,0,0
1317,2997,16624.13,36,14.58,credit_card,2022-07-15,0.552,0,1
1318,3404,2719.91,60,16.52,debt_consolidation,2022-07-15,0.278,0,0
1319,3801,36138.93,60,15.92,home_improvement,2022-07-15,0.856,0,0
1320,28,6688.09,36,13.4,debt_consolidation,2022-07-15,0.627,0,0
1321,354,14069.01,36,13.6,credit_card,2022-07-16,0.766,0,0
1322,1517,25662.68,36,14.26,credit_card,2022-07-16,0.941,0,0
1323,68,4952.47,36,16.85,debt_consolidation,2022-07-16,0.279,0,0
1324,3667,10053.69,36,13.7,debt_consolidation,2022-07-16,0.38,0,0
1325,274,32968.75,60,14.96,home_improvement,2022-07-16,0.434,0,0
1326,3170,12170.98,36,10.33,debt_consolidation,2022-07-16,0.162,0,0
1327,1009,4439.84,36,13.49,debt_consolidation,2022-07-16,0.322,0,0
1328,1270,29000.21,36,17.27,medical,2022-07-16,1.145,2,0
1329,1574,15577.15,36,12.65,home_improvement,2022-07-16,0.3,0,0
1330,2524,13216.39,36,13.19,medical,2022-07-17,0.767,0,0
1331,1424,16634.23,36,16.57,small_business,2022-07-17,0.543,0,0
1332,262,8351.86,36,17.51,home_improvement,2022-07-17,0.583,0,0
1333,1273,6617.16,60,18.45,debt_consolidation,2022-07-17,0.502,0,1
1334,3200,4780.83,36,12.9,credit_card,2022-07-17,0.221,0,0
1335,1794,5518.01,60,15.17,debt_consolidation,2022-07-17,0.138,0,0
1336,2557,12779.87,36,12.61,credit_card,2022-07-17,0.291,0,0
1337,2634,7246.47,36,13.09,credit_card,2022-07-18,0.696,0,0
1338,468,3115.86,36,15.78,credit_card,2022-07-18,0.459,0,0
1339,544,4006.8,36,14.18,credit_card,2022-07-18,0.518,0,0
1340,2528,4514.52,60,17.66,credit_card,2022-07-18,0.252,0,0
1341,2091,2097.41,60,14.16,debt_consolidation,2022-07-18,0.261,0,0
1342,3904,8118.07,36,12.21,debt_consolidation,2022-07-19,0.383,0,0
1343,2034,15146.03,36,15.39,credit_card,2022-07-19,0.686,0,0
1344,417,11334.11,36,15.64,debt_consolidation,2022-07-19,0.612,0,0
1345,282,3206.74,60,15.2,debt_consolidation,2022-07-19,0.649,0,0
1346,3940,9949.79,60,14.91,debt_consolidation,2022-07-19,0.569,2,0
1347,1783,14881.68,36,13.73,small_business,2022-07-20,0.59,0,0
1348,1723,6253.05,36,16.96,credit_card,2022-07-20,0.331,1,0
1349,3249,28443.09,36,13.39,small_business,2022-07-20,0.775,0,0
1350,3848,5672.67,60,15.15,home_improvement,2022-07-20,0.4,0,0
1351,402,25766.46,36,14.24,credit_card,2022-07-20,0.765,0,1
1352,1987,10638.05,36,14.06,debt_consolidation,2022-07-20,0.275,0,0
1353,259,9895.18,36,13.16,small_business,2022-07-20,0.262,0,0
1354,3658,10936.49,36,16.25,home_improvement,2022-07-20,0.362,2,0
1355,934,6301.57,60,14.76,small_business,2022-07-20,0.413,0,0
1356,492,22640.61,36,17.49,small_business,2022-07-21,0.812,1,0
1357,823,10241.23,36,16.14,car,2022-07-21,0.237,0,0
1358,2368,27343.9,36,15.26,credit_card,2022-07-21,0.877,1,0
1359,2655,8776.15,36,15.31,car,2022-07-21,0.147,0,0
1360,3885,19705.52,36,18.64,medical,2022-07-21,1.04,0,0
1361,2477,12367.99,36,14.15,home_improvement,2022-07-22,0.338,0,0
1362,3816,14684.02,36,15.34,debt_consolidation,2022-07-22,1.355,0,0
1363,2643,1627.03,60,16.85,debt_consolidation,2022-07-22,0.153,1,0
1364,323,2002.67,36,14.63,credit_card,2022-07-23,0.399,0,0
1365,1359,5119.71,36,15.43,small_business,2022-07-23,0.496,2,1
1366,1599,13203.07,36,15.39,debt_consolidation,2022-07-23,0.285,0,0
1367,2184,23758.23,36,13.63,home_improvement,2022-07-23,0.693,0,0
1368,3474,10379.87,60,15.99,debt_consolidation,2022-07-23,0.4,0,0
1369,2515,5147.19,36,17.71,car,2022-07-23,0.327,0,0
1370,3168,12439.44,36,11.6,credit_card,2022-07-23,0.629,0,0
1371,2054,5039.38,36,15.25,debt_consolidation,2022-07-23,0.257,0,0
1372,3687,10853.08,36,13.08,debt_consolidation,2022-07-23,0.46,1,0
1373,677,16027.48,36,13.53,credit_card,2022-07-23,0.368,0,0
1374,2634,2961.8,36,14.06,home_improvement,2022-07-23,0.542,0,0
1375,1452,12163.02,60,16.65,debt_consolidation,2022-07-24,1.078,0,0
1376,910,6826.62,60,15.97,small_business,2022-07-24,0.758,0,0
1377,673,11063.1,60,14.98,debt_consolidation,2022-07-24,0.238,0,0
1378,466,6015.33,60,14.86,debt_consolidation,2022-07-24,0.156,0,0
1379,1116,13499.63,36,16.25,credit_card,2022-07-25,0.496,0,0
1380,1736,13561.59,36,17.86,medical,2022-07-25,0.897,1,0
1381,693,8772.7,36,15.81,debt_consolidation,2022-07-25,0.656,1,0
1382,1282,9660.82,60,12.98,credit_card,2022-07-25,0.622,0,0
1383,1714,2070.31,36,15.92,debt_consolidation,2022-07-25,0.493,1,0
1384,2070,13386.63,60,12.51,home_improvement,2022-07-26,0.613,0,0
1385,2603,6665.15,36,16.15,debt_consolidation,2022-07-26,0.343,1,0
1386,875,3233.66,36,14.32,debt_consolidation,2022-07-26,0.439,0,0
1387,126,6172.67,36,12.27,credit_card,2022-07-26,0.268,0,0
1388,283,2721.29,60,16.19,home_improvement,2022-07-26,0.123,0,0
1389,3102,13926.4,36,11.9,debt_consolidation,2022-07-27,0.679,0,0
1390,3846,10970.05,36,15.94,credit_card,2022-07-27,0.284,0,0
1391,2768,12514.21,36,9.99,debt_consolidation,2022-07-27,0.315,0,0
1392,3367,6814.93,60,14.39,other,2022-07-28,0.334,0,0
1393,3090,11560.85,36,9.7,credit_card,2022-07-28,0.321,0,0
1394,3406,3259.09,36,15.45,home_improvement,2022-07-28,0.194,0,0
1395,909,3000.52,36,16.27,credit_card,2022-07-28,0.211,1,0
1396,3945,5386.85,60,14.04,car,2022-07-28,0.526,0,0
1397,3994,15874.68,60,17.32,debt_consolidation,2022-07-28,1.488,0,0
1398,2417,4366.0,60,16.26,home_improvement,2022-07-28,0.109,0,1
1399,2509,10005.58,36,12.92,credit_card,2022-07-28,0.357,0,0
1400,711,4799.15,60,16.71,medical,2022-07-28,0.489,0,0
1401,465,4675.78,36,14.18,home_improvement,2022-07-28,0.488,0,0
1402,2018,6774.79,36,13.98,other,2022-07-28,1.015,1,0
1403,3028,5493.89,60,18.52,credit_card,2022-07-28,0.406,1,0
1404,3581,3807.67,36,14.74,debt_consolidation,2022-07-29,0.3,0,0
1405,1758,7175.28,36,14.23,small_business,2022-07-29,0.403,0,0
1406,1730,5531.87,36,17.01,car,2022-07-29,0.578,0,0
1407,3585,12735.62,60,14.83,debt_consolidation,2022-07-29,0.471,0,0
1408,723,7006.11,60,15.68,other,2022-07-29,0.558,0,0
1409,3757,4161.83,36,10.92,credit_card,2022-07-30,0.213,0,0
1410,1427,10724.85,36,12.52,car,2022-07-30,0.419,1,0
1411,2096,4068.69,36,13.51,credit_card,2022-07-31,0.491,0,0
1412,115,24208.49,36,13.38,credit_card,2022-07-31,0.821,0,0
1413,2508,7894.84,36,12.9,debt_consolidation,2022-07-31,0.733,0,0
1414,3891,3483.29,36,16.09,debt_consolidation,2022-08-01,0.438,1,0
1415,2808,5382.17,36,12.19,credit_card,2022-08-01,0.604,1,0
1416,2582,11555.18,36,14.74,debt_consolidation,2022-08-01,0.337,0,0
1417,1728,21372.43,36,14.77,debt_consolidation,2022-08-02,0.779,0,0
1418,2105,14142.63,36,14.24,medical,2022-08-02,0.391,0,0
1419,2795,6281.38,36,16.55,small_business,2022-08-02,0.445,1,0
1420,1300,5368.19,36,14.47,debt_consolidation,2022-08-02,0.113,0,0
1421,3994,7642.7,36,18.78,car,2022-08-02,1.18,0,0
1422,1682,9520.09,36,13.23,credit_card,2022-08-02,0.26,0,0
1423,94,4651.79,36,15.87,credit_card,2022-08-02,0.235,0,0
1424,215,16918.68,36,12.66,home_improvement,2022-08-02,0.827,0,0
1425,106,20196.79,60,14.97,credit_card,2022-08-02,0.659,0,0
1426,3783,5462.04,60,15.54,debt_consolidation,2022-08-02,0.365,0,0
1427,1534,9040.78,36,11.87,debt_consolidation,2022-08-02,0.524,0,0
1428,195,40000.0,60,13.37,car,2022-08-02,0.781,0,0
1429,3985,7103.1,36,13.4,home_improvement,2022-08-02,0.218,0,0
1430,819,3461.15,36,14.15,credit_card,2022-08-03,0.263,0,0
1431,1620,13446.55,36,13.13,debt_consolidation,2022-08-03,0.304,0,0
1432,3461,22896.64,36,12.05,small_business,2022-08-03,0.612,0,0
1433,3199,6013.26,36,14.99,debt_consolidation,2022-08-03,0.446,0,0
1434,3491,18543.66,36,12.53,debt_consolidation,2022-08-03,1.03,1,0
1435,2817,3720.33,36,14.65,debt_consolidation,2022-08-03,0.355,0,0
1436,3882,3410.22,60,15.52,credit_card,2022-08-03,0.267,0,0
1437,2097,6647.46,36,17.08,credit_card,2022-08-03,0.333,0,0
1438,391,4499.27,60,18.53,debt_consolidation,2022-08-03,0.248,1,1
1439,3672,3069.12,36,14.13,small_business,2022-08-03,0.327,0,0
1440,3048,7063.07,60,16.0,credit_card,2022-08-04,0.583,0,0
1441,1616,23492.82,36,11.06,debt_consolidation,2022-08-04,1.023,2,0
1442,1638,13530.46,60,13.06,debt_consolidation,2022-08-04,0.47,0,0
1443,2123,9602.93,36,13.95,debt_consolidation,2022-08-04,0.544,0,0
1444,1736,18613.87,60,18.68,debt_consolidation,2022-08-04,1.133,0,0
1445,3424,5069.99,36,14.12,debt_consolidation,2022-08-05,0.254,0,0
1446,1255,11625.72,60,15.88,credit_card,2022-08-05,0.566,1,0
1447,3776,5063.72,36,14.63,debt_consolidation,2022-08-05,0.288,0,0
1448,2969,5872.11,36,14.42,small_business,2022-08-05,0.666,0,0
1449,341,12167.57,36,14.29,debt_consolidation,2022-08-05,1.413,0,0
1450,1360,2921.25,60,17.68,debt_consolidation,2022-08-05,0.35,0,0
1451,2644,15769.04,60,17.66,debt_consolidation,2022-08-05,0.693,3,0
1452,2323,6788.01,36,20.38,debt_consolidation,2022-08-05,0.145,0,0
1453,1341,11747.5,36,13.83,debt_consolidation,2022-08-05,0.431,0,0
1454,933,17826.4,36,16.9,small_business,2022-08-05,0.305,1,0
1455,2840,27461.28,60,17.71,small_business,2022-08-05,0.856,0,0
1456,1321,3538.0,60,16.61,small_business,2022-08-05,0.454,1,0
1457,778,6661.05,36,17.22,credit_card,2022-08-05,0.73,0,0
1458,2889,3047.63,36,15.98,car,2022-08-06,0.213,1,0
1459,2896,21649.8,36,14.88,debt_consolidation,2022-08-06,1.154,1,0
1460,2564,17208.06,36,16.15,debt_consolidation,2022-08-06,0.448,1,1
1461,937,4052.63,36,14.74,credit_card,2022-08-06,0.121,0,0
1462,939,21810.85,36,9.98,home_improvement,2022-08-06,0.572,0,0
1463,2200,14387.03,36,14.0,medical,2022-08-06,0.297,0,0
1464,1176,3807.2,36,18.28,debt_consolidation,2022-08-06,0.376,1,0
1465,2767,4585.44,36,13.41,medical,2022-08-06,0.359,0,0
1466,1387,6535.18,36,12.2,medical,2022-08-06,0.466,0,0
1467,952,10281.29,36,14.16,medical,2022-08-07,0.343,0,0
1468,3600,18559.83,36,13.54,credit_card,2022-08-07,0.65,0,0
1469,2974,17098.34,60,13.77,other,2022-08-07,0.477,0,0
1470,1639,12666.14,36,12.12,car,2022-08-07,0.746,0,0
1471,2054,3300.21,36,14.63,medical,2022-08-07,0.245,0,0
1472,1571,9598.81,36,11.78,debt_consolidation,2022-08-07,0.349,0,0
1473,2202,5911.04,60,16.47,debt_consolidation,2022-08-07,0.286,0,0
1474,3690,3203.08,36,13.12,debt_consolidation,2022-08-07,0.496,0,0
1475,1305,3382.93,60,13.16,debt_consolidation,2022-08-07,0.263,0,0
1476,2218,7609.5,36,16.09,debt_consolidation,2022-08-08,0.644,0,0
1477,3517,3566.02,36,11.49,car,2022-08-08,0.097,0,0
1478,1319,13438.31,36,13.93,small_business,2022-08-08,0.874,1,0
1479,1065,15349.45,36,14.04,debt_consolidation,2022-08-08,0.41,0,0
1480,3245,2415.58,60,13.3,credit_card,2022-08-08,0.442,0,0
1481,3056,7184.52,36,17.35,debt_consolidation,2022-08-09,0.458,1,0
1482,2894,1666.9,36,13.14,small_business,2022-08-09,0.322,0,0
1483,1448,6727.56,36,14.43,home_improvement,2022-08-09,0.251,0,0
1484,1282,9434.4,36,14.34,car,2022-08-09,0.619,0,0
1485,2103,6202.67,60,13.75,debt_consolidation,2022-08-09,0.865,0,0
1486,2274,5077.86,36,11.8,car,2022-08-09,0.093,0,0
1487,3815,6347.08,36,15.66,small_business,2022-08-10,0.456,0,0
1488,2521,7163.86,36,16.24,medical,2022-08-10,0.331,1,0
1489,1560,13557.44,36,14.32,small_business,2022-08-10,0.781,0,0
1490,3001,12284.84,60,17.81,credit_card,2022-08-10,0.814,0,1
1491,467,4034.77,36,14.04,debt_consolidation,2022-08-10,0.61,0,0
1492,2927,18513.79,36,13.99,car,2022-08-11,1.059,0,0
1493,1234,10018.67,60,17.67,medical,2022-08-11,0.58,0,0
1494,172,4242.73,36,10.3,credit_card,2022-08-11,0.475,0,0
1495,3880,8443.47,36,14.02,home_improvement,2022-08-11,0.348,0,0
1496,2493,14520.42,36,14.96,debt_consolidation,2022-08-12,0.586,0,0
1497,3341,18854.29,36,12.79,debt_consolidation,2022-08-12,0.842,0,0
1498,1195,12594.13,36,12.2,car,2022-08-12,0.191,0,0
1499,1034,1861.69,60,14.86,credit_card,2022-08-12,0.378,0,0
1500,731,17456.32,60,17.58,debt_consolidation,2022-08-12,0.9,0,0
1501,1231,37500.61,60,14.38,car,2022-08-12,0.967,0,0
1502,788,9173.3,36,13.78,car,2022-08-12,0.437,0,0
1503,599,26514.99,36,15.44,small_business,2022-08-13,0.622,0,1
1504,39,8802.85,36,16.03,debt_consolidation,2022-08-13,0.573,1,0
1505,129,3828.93,60,14.39,debt_consolidation,2022-08-13,0.219,0,0
1506,3794,5692.52,60,18.7,medical,2022-08-13,0.195,0,0
1507,3209,11351.7,60,12.92,medical,2022-08-13,0.857,0,0
1508,3266,2951.07,36,9.46,debt_consolidation,2022-08-14,0.425,0,0
1509,3093,14398.52,36,12.96,debt_consolidation,2022-08-14,0.685,0,0
1510,123,2941.79,60,16.76,credit_card,2022-08-14,0.148,0,0
1511,3320,11853.77,60,16.1,car,2022-08-14,0.934,0,0
1512,2087,4322.09,36,13.75,medical,2022-08-14,0.199,0,0
1513,810,5250.39,36,16.3,credit_card,2022-08-14,0.395,0,0
1514,2795,8213.92,36,15.86,debt_consolidation,2022-08-14,0.479,0,0
1515,2411,25149.44,36,14.24,debt_consolidation,2022-08-14,0.446,0,0
1516,917,3700.4,36,16.37,credit_card,2022-08-15,0.589,0,0
1517,2881,8208.53,36,15.4,credit_card,2022-08-15,0.475,0,0
1518,2035,6227.46,60,16.46,debt_consolidation,2022-08-15,0.592,0,0
1519,3259,2641.38,36,16.39,credit_card,2022-08-15,0.296,0,0
1520,2074,6086.2,36,12.08,credit_card,2022-08-15,0.404,0,0
1521,1466,5374.17,36,13.46,credit_card,2022-08-16,0.603,0,0
1522,1866,8748.4,36,10.75,home_improvement,2022-08-16,0.666,0,0
1523,897,9570.06,36,13.51,credit_card,2022-08-16,0.241,0,0
1524,3984,8908.59,36,11.32,home_improvement,2022-08-16,0.751,0,0
1525,2842,6069.77,36,12.01,debt_consolidation,2022-08-16,0.435,0,0
1526,3933,14154.07,60,11.17,debt_consolidation,2022-08-16,0.385,0,0
1527,629,9607.18,36,18.95,other,2022-08-16,0.927,0,0
1528,2693,40000.0,60,16.01,credit_card,2022-08-17,1.578,1,0
1529,1331,16960.0,36,14.82,other,2022-08-17,0.662,0,0
1530,1698,6514.57,36,15.89,debt_consolidation,2022-08-17,0.576,0,0
1531,2434,4919.54,60,15.81,small_business,2022-08-17,0.189,0,0
1532,510,9334.44,36,17.96,debt_consolidation,2022-08-17,0.187,0,0
1533,2555,1932.65,36,16.2,credit_card,2022-08-17,0.22,0,1
1534,1046,5022.59,36,16.58,home_improvement,2022-08-17,0.116,0,0
1535,3642,7568.44,36,16.84,credit_card,2022-08-18,0.252,0,0
1536,3923,2978.19,36,10.38,home_improvement,2022-08-18,0.376,1,0
1537,2099,9750.89,36,16.3,credit_card,2022-08-18,0.16,0,0
1538,791,6840.84,36,12.32,other,2022-08-18,0.534,0,0
1539,2809,6678.73,36,17.21,credit_card,2022-08-18,0.471,0,0
1540,1541,40000.0,60,14.4,home_improvement,2022-08-18,0.917,0,0
1541,663,5028.85,36,15.53,debt_consolidation,2022-08-18,0.32,1,0
1542,1232,3570.27,36,13.08,debt_consolidation,2022-08-18,0.654,0,0
1543,349,4267.68,36,9.74,credit_card,2022-08-18,0.296,0,0
1544,2137,10234.81,36,12.38,debt_consolidation,2022-08-18,0.857,1,0
1545,80,7569.75,36,14.53,medical,2022-08-19,0.405,0,0
1546,2947,6780.15,60,11.71,debt_consolidation,2022-08-19,0.277,0,0
1547,2923,8296.87,36,13.24,small_business,2022-08-19,0.253,0,0
1548,2823,16504.71,36,12.51,car,2022-08-19,0.489,0,0
1549,524,10033.63,36,14.66,debt_consolidation,2022-08-19,0.411,0,0
1550,2140,18456.14,36,16.73,debt_consolidation,2022-08-20,0.43,0,0
1551,3048,26713.78,36,12.41,home_improvement,2022-08-20,0.836,0,0
1552,2629,14446.34,60,19.35,debt_consolidation,2022-08-20,0.605,1,0
1553,3606,12433.72,36,15.54,car,2022-08-20,0.5,0,0
1554,58,6731.05,36,18.51,debt_consolidation,2022-08-20,0.303,2,1
1555,3448,7187.63,36,16.33,car,2022-08-20,0.266,1,0
1556,3091,5984.64,60,14.41,medical,2022-08-20,0.31,0,0
1557,1463,20412.6,36,13.05,debt_consolidation,2022-08-20,1.019,0,0
1558,2821,2477.28,36,11.87,credit_card,2022-08-21,0.124,0,0
1559,295,8930.94,36,14.05,debt_consolidation,2022-08-21,0.338,0,0
1560,2307,3039.95,60,14.76,small_business,2022-08-22,0.186,0,0
1561,3726,5577.17,60,15.54,debt_consolidation,2022-08-22,0.346,0,0
1562,826,3687.0,60,16.97,debt_consolidation,2022-08-22,0.231,0,0
1563,1970,2609.83,36,13.2,credit_card,2022-08-22,0.679,0,0
1564,1172,2035.8,36,14.74,debt_consolidation,2022-08-22,0.486,2,0
1565,1937,5040.01,36,14.29,debt_consolidation,2022-08-23,0.528,0,0
1566,3785,8009.81,60,16.52,debt_consolidation,2022-08-23,0.307,0,0
1567,1762,5596.15,36,12.35,debt_consolidation,2022-08-23,0.433,0,0
1568,315,10964.95,36,16.12,other,2022-08-23,0.341,0,1
1569,3854,7963.87,36,15.62,debt_consolidation,2022-08-23,0.47,0,0
1570,407,11493.14,36,13.4,credit_card,2022-08-24,0.648,0,0
1571,3223,19441.41,36,13.24,credit_card,2022-08-24,0.399,0,0
1572,798,6186.52,36,14.1,small_business,2022-08-24,0.139,0,0
1573,309,6259.14,60,15.21,debt_consolidation,2022-08-25,0.495,0,0
1574,864,5741.17,36,13.1,credit_card,2022-08-25,0.349,0,0
1575,2127,11725.57,36,14.58,medical,2022-08-25,0.695,0,0
1576,3444,5756.27,36,13.89,car,2022-08-25,0.338,0,0
1577,2906,8523.63,36,12.01,car,2022-08-25,0.553,1,0
1578,3476,8015.18,60,13.72,debt_consolidation,2022-08-26,0.579,0,0
1579,416,7862.26,36,15.16,car,2022-08-26,0.478,0,0
1580,1478,7810.01,36,11.81,debt_consolidation,2022-08-26,0.218,0,0
1581,3870,40000.0,36,13.43,credit_card,2022-08-26,1.011,0,0
1582,80,11654.5,36,13.12,debt_consolidation,2022-08-26,0.502,0,0
1583,491,8855.76,60,13.3,debt_consolidation,2022-08-26,0.457,0,0
1584,119,5288.64,60,14.23,medical,2022-08-26,0.267,0,0
1585,2049,3316.87,36,17.21,debt_consolidation,2022-08-26,0.312,0,0
1586,164,32134.78,36,15.43,credit_card,2022-08-26,1.794,0,0
1587,2586,7452.18,36,15.81,debt_consolidation,2022-08-26,0.497,1,0
1588,1698,7893.85,60,15.2,home_improvement,2022-08-27,0.607,0,0
1589,2184,9052.08,36,18.22,credit_card,2022-08-27,0.365,0,0
1590,290,8611.91,60,17.2,credit_card,2022-08-27,0.754,0,0
1591,2221,6291.61,60,13.12,car,2022-08-27,0.624,0,1
1592,3780,7666.9,60,16.65,credit_card,2022-08-27,0.705,0,0
1593,1186,31935.02,60,17.29,car,2022-08-28,0.858,0,1
1594,433,9418.83,36,18.52,debt_consolidation,2022-08-28,0.385,0,0
1595,1821,17470.07,36,13.82,small_business,2022-08-28,0.808,0,0
1596,949,11011.48,36,17.69,debt_consolidation,2022-08-28,0.402,0,0
1597,1986,22697.26,36,15.89,other,2022-08-28,0.385,0,0
1598,316,1120.49,36,11.42,medical,2022-08-28,0.517,0,0
1599,3215,11084.01,36,12.13,credit_card,2022-08-28,0.538,0,0
1600,2727,6228.38,36,13.29,credit_card,2022-08-28,0.381,0,0
1601,1849,6439.68,36,13.35,debt_consolidation,2022-08-28,0.463,0,0
1602,3485,4434.91,36,19.7,debt_consolidation,2022-08-29,0.415,1,0
1603,3822,8025.75,36,13.16,small_business,2022-08-29,0.189,0,1
1604,1276,11937.45,60,13.61,debt_consolidation,2022-08-29,0.802,0,0
1605,2763,4448.77,36,12.59,credit_card,2022-08-29,0.35,0,0
1606,2341,8064.34,60,20.03,home_improvement,2022-08-29,0.775,0,0
1607,1799,25741.26,60,13.49,car,2022-08-29,1.158,0,0
1608,1259,2022.51,36,18.11,car,2022-08-30,0.717,0,0
1609,1675,6122.7,60,16.56,debt_consolidation,2022-08-30,0.721,0,0
1610,1680,7013.8,36,14.75,debt_consolidation,2022-08-30,0.258,1,0
1611,186,3426.34,36,12.02,debt_consolidation,2022-08-30,0.077,0,0
1612,2454,4118.15,36,12.11,debt_consolidation,2022-08-30,0.32,1,0
1613,2977,8228.46,60,15.41,credit_card,2022-08-30,0.434,0,0
1614,678,7586.61,60,14.5,home_improvement,2022-08-30,0.366,0,0
1615,2678,3850.23,36,11.69,debt_consolidation,2022-08-30,0.24,0,0
1616,1367,2990.37,60,19.14,car,2022-08-30,0.149,0,1
1617,3014,17589.14,36,9.88,credit_card,2022-08-31,0.934,0,0
1618,3110,2314.36,36,14.79,debt_consolidation,2022-08-31,0.268,0,0
1619,3133,14776.68,36,12.15,credit_card,2022-08-31,0.878,0,0
1620,2946,3368.51,36,14.68,home_improvement,2022-08-31,0.186,0,0
1621,2134,10405.98,60,15.45,debt_consolidation,2022-08-31,0.72,0,0
1622,1869,7309.83,60,17.0,home_improvement,2022-08-31,0.404,0,0
1623,2114,8902.09,36,14.46,home_improvement,2022-08-31,0.469,0,0
1624,2298,3635.44,36,17.76,debt_consolidation,2022-09-01,0.078,0,1
1625,251,9348.15,60,14.2,debt_consolidation,2022-09-01,0.246,0,0
1626,3596,7111.45,36,14.36,debt_consolidation,2022-09-01,0.341,0,0
1627,1512,6427.78,60,19.48,credit_card,2022-09-01,0.44,2,0
1628,3162,4573.77,36,12.62,home_improvement,2022-09-01,0.741,0,0
1629,3172,8669.12,60,15.83,debt_consolidation,2022-09-01,0.493,0,0
1630,2263,25438.81,60,18.61,debt_consolidation,2022-09-01,1.058,0,0
1631,2280,17296.3,36,16.0,home_improvement,2022-09-01,1.112,0,0
1632,1682,10698.8,60,11.9,debt_consolidation,2022-09-01,0.269,0,0
1633,643,3453.44,36,14.19,credit_card,2022-09-02,0.676,0,0
1634,2876,4621.34,60,17.44,debt_consolidation,2022-09-02,0.304,1,1
1635,1825,12819.86,60,13.39,home_improvement,2022-09-02,1.11,0,0
1636,3867,11160.59,36,16.33,small_business,2022-09-03,0.287,0,0
1637,3047,13297.6,36,12.85,debt_consolidation,2022-09-03,0.356,1,0
1638,2723,13325.79,36,17.14,other,2022-09-03,0.7,0,0
1639,2301,6688.48,36,16.19,car,2022-09-03,0.309,0,0
1640,2488,5712.32,36,17.02,debt_consolidation,2022-09-04,0.261,0,0
1641,3851,7989.2,60,17.35,debt_consolidation,2022-09-04,0.171,0,0
1642,2346,6177.17,36,14.95,debt_consolidation,2022-09-04,0.15,0,0
1643,285,5609.33,60,17.33,other,2022-09-04,0.209,0,0
1644,3732,3038.77,60,16.72,debt_consolidation,2022-09-04,0.188,0,0
1645,1967,13845.75,36,14.95,home_improvement,2022-09-04,0.517,0,0
1646,2730,3361.22,60,17.64,home_improvement,2022-09-04,0.222,0,0
1647,622,4966.55,36,15.48,credit_card,2022-09-04,0.289,0,0
1648,1146,8578.47,36,14.73,credit_card,2022-09-05,0.433,1,0
1649,727,28330.9,36,14.69,credit_card,2022-09-05,0.907,0,0
1650,2169,5039.38,36,13.81,small_business,2022-09-05,0.492,0,0
1651,3843,8518.7,36,15.81,credit_card,2022-09-05,0.278,0,0
1652,2879,22798.47,36,14.04,debt_consolidation,2022-09-05,0.769,0,0
1653,2212,4116.64,36,14.42,debt_consolidation,2022-09-05,0.481,0,0
1654,713,3279.41,36,13.06,home_improvement,2022-09-05,0.148,0,0
1655,2385,9750.34,36,14.67,debt_consolidation,2022-09-05,0.477,1,0
1656,390,5011.94,36,12.97,small_business,2022-09-05,0.263,0,0
1657,2990,9551.34,36,13.72,home_improvement,2022-09-05,0.905,0,0
1658,1818,4851.7,36,12.62,debt_consolidation,2022-09-05,0.275,0,0
1659,2726,1297.92,36,14.96,credit_card,2022-09-05,0.188,0,0
1660,1863,7341.65,36,15.53,credit_card,2022-09-05,0.442,1,1
1661,837,15762.56,60,18.63,small_business,2022-09-06,0.939,1,1
1662,580,4211.31,36,15.98,car,2022-09-06,0.102,0,0
1663,3712,22803.46,60,17.28,debt_consolidation,2022-09-06,0.648,0,0
1664,1358,21411.95,60,17.27,car,2022-09-06,0.472,0,0
1665,584,8385.09,36,13.43,debt_consolidation,2022-09-06,0.331,0,0
1666,2794,2708.33,60,17.24,small_business,2022-09-06,0.124,1,0
1667,1666,10091.47,36,14.03,debt_consolidation,2022-09-06,0.325,0,0
1668,443,23457.58,60,12.73,home_improvement,2022-09-06,0.79,0,0
1669,2019,15557.76,36,16.62,car,2022-09-06,0.542,0,0
1670,1881,6744.25,36,15.26,debt_consolidation,2022-09-06,0.394,2,0
1671,185,14033.16,36,16.44,credit_card,2022-09-06,0.828,0,0
1672,3885,727.67,36,17.3,home_improvement,2022-09-06,0.417,1,0
1673,1102,7069.48,36,14.06,home_improvement,2022-09-07,0.372,0,0
1674,2634,13108.36,36,11.64,debt_consolidation,2022-09-07,0.907,0,0
1675,1351,3689.02,60,14.33,car,2022-09-07,0.509,0,0
1676,1525,6818.52,36,14.89,medical,2022-09-07,0.547,0,0
1677,3039,9140.04,36,12.32,credit_card,2022-09-08,0.451,0,0
1678,2834,3200.97,60,18.01,car,2022-09-08,0.572,1,0
1679,669,14346.9,60,16.47,small_business,2022-09-08,0.184,0,0
1680,2305,7147.2,36,11.78,medical,2022-09-08,0.716,0,0
1681,2627,5842.07,36,13.72,debt_consolidation,2022-09-08,0.29,0,0
1682,2750,5608.34,36,12.16,debt_consolidation,2022-09-08,0.264,0,0
1683,1388,15074.57,60,13.46,debt_consolidation,2022-09-08,0.38,0,0
1684,2781,11421.28,36,15.39,debt_consolidation,2022-09-08,0.71,1,0
1685,554,5910.7,36,13.03,home_improvement,2022-09-08,0.625,0,0
1686,3936,9309.71,36,14.71,credit_card,2022-09-08,0.386,0,0
1687,1173,13169.16,36,16.4,debt_consolidation,2022-09-09,0.598,0,0
1688,2463,11629.49,36,14.09,debt_consolidation,2022-09-09,0.443,0,0
1689,2229,3170.92,60,15.95,debt_consolidation,2022-09-09,0.459,0,1
1690,171,7910.37,36,15.76,medical,2022-09-09,0.433,0,0
1691,1393,8136.37,60,15.97,debt_consolidation,2022-09-09,0.588,0,0
1692,1596,2406.96,60,17.11,medical,2022-09-09,0.209,3,1
1693,129,3663.66,36,13.76,small_business,2022-09-09,0.216,0,0
1694,1854,10329.1,36,17.17,debt_consolidation,2022-09-10,0.79,1,0
1695,1705,6572.1,36,20.36,credit_card,2022-09-10,0.457,2,0
1696,2950,5443.89,36,13.43,credit_card,2022-09-10,0.143,0,0
1697,1819,9879.09,36,13.86,small_business,2022-09-10,0.168,0,0
1698,2426,12806.95,36,15.37,debt_consolidation,2022-09-10,0.411,0,0
1699,3487,4061.0,36,15.81,other,2022-09-10,0.458,1,0
1700,452,4995.43,36,13.73,car,2022-09-10,0.657,0,0
1701,1425,16955.91,60,14.47,debt_consolidation,2022-09-10,0.89,0,0
1702,777,7903.36,36,14.91,other,2022-09-10,0.362,0,0
1703,1708,4974.43,36,15.97,medical,2022-09-10,0.41,1,0
1704,3918,8063.25,60,20.8,debt_consolidation,2022-09-10,0.669,1,1
1705,268,7570.45,36,15.43,debt_consolidation,2022-09-10,0.335,0,0
1706,111,7732.45,36,13.82,car,2022-09-11,0.598,0,0
1707,2465,17388.33,60,15.27,other,2022-09-11,0.513,0,1
1708,3550,2517.17,36,15.31,medical,2022-09-11,0.497,0,0
1709,2637,3284.19,60,17.88,credit_card,2022-09-11,0.386,0,0
1710,1916,14983.01,36,11.54,credit_card,2022-09-12,0.659,0,0
1711,2707,4539.7,36,15.69,debt_consolidation,2022-09-12,0.394,1,0
1712,3404,18565.12,36,15.48,small_business,2022-09-12,0.74,0,0
1713,2836,4688.58,36,18.07,debt_consolidation,2022-09-12,0.364,1,0
1714,1448,7234.38,36,13.88,home_improvement,2022-09-13,0.261,0,0
1715,3035,12343.96,36,17.68,credit_card,2022-09-13,0.409,0,0
1716,3723,9584.43,36,13.43,debt_consolidation,2022-09-13,0.383,0,0
1717,3809,2843.57,36,12.5,other,2022-09-13,0.31,0,0
1718,2984,9445.75,36,14.47,credit_card,2022-09-13,0.649,1,0
1719,2776,8075.08,60,15.31,car,2022-09-14,0.504,0,0
1720,1366,9729.86,36,14.06,debt_consolidation,2022-09-14,0.49,0,0
1721,2707,15909.64,36,17.19,debt_consolidation,2022-09-14,0.662,0,1
1722,3727,5672.48,60,16.27,debt_consolidation,2022-09-14,0.593,0,0
1723,2723,5069.63,36,13.73,other,2022-09-14,0.496,1,0
1724,353,9135.72,36,13.42,debt_consolidation,2022-09-14,0.224,0,0
1725,2316,6183.85,36,16.96,debt_consolidation,2022-09-15,0.705,0,0
1726,830,9094.4,36,11.6,home_improvement,2022-09-15,0.893,1,0
1727,2160,3579.49,36,17.2,car,2022-09-15,0.229,0,0
1728,3754,16890.57,36,13.7,credit_card,2022-09-15,0.412,0,0
1729,1755,15120.57,36,15.34,home_improvement,2022-09-15,0.549,1,0
1730,2603,5027.21,36,14.81,debt_consolidation,2022-09-15,0.321,1,0
1731,963,2438.9,36,14.47,credit_card,2022-09-15,0.535,0,0
1732,1739,11120.13,36,16.05,medical,2022-09-16,0.921,0,0
1733,1371,5395.74,36,12.66,credit_card,2022-09-16,0.56,0,0
1734,415,9840.5,36,13.81,debt_consolidation,2022-09-16,0.575,0,0
1735,1003,7291.54,60,16.56,debt_consolidation,2022-09-16,0.414,0,0
1736,3000,8754.68,36,10.72,home_improvement,2022-09-16,0.498,0,0
1737,2924,12032.88,60,13.82,small_business,2022-09-16,0.543,0,0
1738,86,13507.64,60,13.4,credit_card,2022-09-16,0.719,0,0
1739,2960,8388.18,36,13.25,debt_consolidation,2022-09-16,0.372,0,0
1740,259,7613.76,36,12.12,debt_consolidation,2022-09-16,0.242,0,0
1741,2309,7168.49,60,15.13,medical,2022-09-16,0.619,0,0
1742,588,8111.43,36,13.12,debt_consolidation,2022-09-16,0.249,0,0
1743,96,16756.17,36,15.6,debt_consolidation,2022-09-17,1.009,1,0
1744,2827,5525.88,36,16.3,debt_consolidation,2022-09-17,0.615,0,1
1745,1760,30973.77,36,12.84,debt_consolidation,2022-09-17,2.206,0,0
1746,1288,10170.75,60,15.16,home_improvement,2022-09-17,0.665,0,0
1747,1317,3209.56,36,15.07,credit_card,2022-09-17,0.181,0,0
1748,2636,3024.92,36,14.48,other,2022-09-17,0.601,0,0
1749,3773,7831.14,36,13.19,debt_consolidation,2022-09-18,0.529,0,0
1750,3894,10752.89,60,17.21,medical,2022-09-18,0.3,0,0
1751,2786,17278.39,36,15.88,car,2022-09-18,0.981,0,0
1752,2461,6094.02,36,13.36,small_business,2022-09-18,0.229,0,0
1753,1084,8598.39,36,13.26,credit_card,2022-09-18,0.253,0,0
1754,3372,7675.4,60,15.44,small_business,2022-09-18,0.47,0,0
1755,3199,4895.89,36,14.51,home_improvement,2022-09-18,0.412,0,0
1756,3002,5485.89,60,18.06,debt_consolidation,2022-09-18,0.321,1,0
1757,967,19039.75,36,15.48,home_improvement,2022-09-18,0.793,0,0
1758,200,1582.29,60,21.13,debt_consolidation,2022-09-18,0.482,1,0
1759,104,10179.51,36,16.55,debt_consolidation,2022-09-18,0.177,0,0
1760,2327,3648.96,36,18.75,debt_consolidation,2022-09-19,0.398,1,1
1761,1576,9955.21,36,14.33,car,2022-09-19,0.251,0,0
1762,2741,4713.52,36,15.6,debt_consolidation,2022-09-19,0.531,0,0
1763,229,1989.64,36,15.74,car,2022-09-19,0.248,0,0
1764,3474,8784.25,36,12.41,debt_consolidation,2022-09-19,0.36,0,0
1765,1454,5256.77,60,14.11,debt_consolidation,2022-09-20,0.279,0,0
1766,1115,8467.86,36,12.96,credit_card,2022-09-20,0.206,0,0
1767,2565,7871.38,36,11.97,other,2022-09-20,0.438,0,0
1768,3731,12582.26,36,16.97,credit_card,2022-09-20,0.509,0,0
1769,2753,8381.16,36,16.4,credit_card,2022-09-20,0.28,0,0
1770,2188,9288.56,36,15.21,other,2022-09-20,0.42,0,0
1771,581,3918.59,36,11.16,debt_consolidation,2022-09-20,0.56,0,0
1772,1316,5731.59,60,14.26,debt_consolidation,2022-09-20,0.495,0,0
1773,1449,4523.85,36,11.88,debt_consolidation,2022-09-20,0.255,0,0
1774,2361,6007.17,36,12.5,credit_card,2022-09-20,0.169,0,0
1775,2834,14249.74,36,16.09,debt_consolidation,2022-09-20,0.932,2,0
1776,966,7390.28,36,12.25,debt_consolidation,2022-09-20,0.32,0,0
1777,3653,3659.95,36,17.28,credit_card,2022-09-21,0.186,0,0
1778,2818,5609.26,36,13.1,small_business,2022-09-21,0.183,0,0
1779,2673,21392.19,36,13.52,home_improvement,2022-09-21,1.171,0,0
1780,2470,8829.48,60,13.65,debt_consolidation,2022-09-21,0.427,0,0
1781,1163,19683.65,60,17.52,home_improvement,2022-09-21,0.345,0,0
1782,3511,4410.08,36,11.08,small_business,2022-09-21,0.334,0,0
1783,728,21595.78,36,15.9,home_improvement,2022-09-21,0.918,0,0
1784,1590,2349.01,36,10.7,debt_consolidation,2022-09-21,0.696,0,0
1785,3434,5674.16,36,18.74,credit_card,2022-09-21,0.205,0,0
1786,1483,6054.77,60,14.15,other,2022-09-21,0.179,0,0
1787,2524,6788.9,60,14.66,debt_consolidation,2022-09-21,0.68,0,0
1788,3535,6998.95,36,13.59,debt_consolidation,2022-09-22,0.378,0,0
1789,270,4584.82,36,18.09,debt_consolidation,2022-09-22,0.462,0,0
1790,1059,3555.65,36,13.38,credit_card,2022-09-22,0.647,0,0
1791,2316,11577.59,36,15.15,home_improvement,2022-09-22,0.742,0,0
1792,913,8105.28,36,13.65,car,2022-09-22,0.642,0,0
1793,3931,16684.26,36,15.93,debt_consolidation,2022-09-22,0.772,0,0
1794,3265,2886.95,36,16.58,medical,2022-09-22,0.147,0,0
1795,1831,11141.88,36,13.81,debt_consolidation,2022-09-23,0.431,0,0
1796,604,10758.5,60,14.8,home_improvement,2022-09-23,0.411,0,0
1797,2388,20412.36,36,15.15,credit_card,2022-09-23,0.924,0,0
1798,2761,2301.6,36,12.54,debt_consolidation,2022-09-23,0.519,0,0
1799,693,10383.83,36,14.41,credit_card,2022-09-23,0.682,0,0
1800,797,10180.17,36,11.72,car,2022-09-23,0.342,0,0
1801,3124,5436.77,60,17.03,debt_consolidation,2022-09-23,0.435,1,0
1802,3610,10655.18,36,16.55,home_improvement,2022-09-23,0.444,0,1
1803,2953,6998.24,36,12.24,credit_card,2022-09-23,0.276,0,0
1804,126,3482.16,36,15.32,home_improvement,2022-09-23,0.216,0,0
1805,2628,14869.39,60,14.81,debt_consolidation,2022-09-23,0.524,0,1
1806,793,5767.2,36,15.91,credit_card,2022-09-24,0.313,0,0
1807,1447,11540.9,60,20.2,home_improvement,2022-09-24,0.631,0,0
1808,1601,11703.92,60,12.83,debt_consolidation,2022-09-24,0.219,0,0
1809,265,40000.0,36,15.09,debt_consolidation,2022-09-24,1.295,0,0
1810,3409,1730.06,36,18.87,debt_consolidation,2022-09-24,0.653,0,1
1811,1122,4008.74,36,15.43,medical,2022-09-24,0.204,0,0
1812,383,23583.79,36,14.43,debt_consolidation,2022-09-24,0.546,0,0
1813,3231,9193.78,60,16.68,debt_consolidation,2022-09-24,0.689,0,0
1814,2199,7226.01,60,20.2,debt_consolidation,2022-09-24,0.355,0,1
1815,2676,2369.31,36,10.44,debt_consolidation,2022-09-24,0.076,0,0
1816,209,14520.15,36,15.92,debt_consolidation,2022-09-25,0.448,2,0
1817,3156,4457.51,36,19.05,debt_consolidation,2022-09-25,0.099,0,0
1818,3917,12461.24,36,16.56,home_improvement,2022-09-25,0.959,1,0
1819,3868,12001.95,36,12.76,debt_consolidation,2022-09-25,0.667,0,0
1820,370,7001.48,36,15.74,medical,2022-09-25,0.173,0,0
1821,467,3864.78,36,13.03,medical,2022-09-25,0.607,0,0
1822,334,14853.78,36,11.87,medical,2022-09-25,0.742,0,0
1823,3295,17873.49,36,14.18,medical,2022-09-25,0.692,1,0
1824,968,6046.46,60,18.8,small_business,2022-09-25,0.427,0,0
1825,3407,6403.23,36,13.9,debt_consolidation,2022-09-25,0.725,0,0
1826,3788,9614.55,36,13.74,debt_consolidation,2022-09-25,0.407,0,0
1827,811,9415.97,36,13.85,small_business,2022-09-25,0.59,0,0
1828,2843,7196.89,60,13.89,car,2022-09-26,0.141,0,0
1829,3951,15648.62,36,15.81,small_business,2022-09-26,1.101,0,1
1830,2955,5383.42,60,16.16,credit_card,2022-09-26,0.405,0,0
1831,796,13861.26,36,17.13,home_improvement,2022-09-26,0.717,1,0
1832,1192,36276.65,60,18.1,debt_consolidation,2022-09-26,0.692,1,0
1833,3686,7022.28,36,19.27,debt_consolidation,2022-09-26,0.558,0,0
1834,2781,10660.56,36,16.11,car,2022-09-26,0.702,0,1
1835,2341,24495.59,60,16.95,other,2022-09-27,1.118,0,0
1836,1905,9827.48,36,12.51,credit_card,2022-09-27,0.287,0,0
1837,649,5609.1,36,14.36,debt_consolidation,2022-09-27,0.198,0,0
1838,3787,11030.61,36,13.65,debt_consolidation,2022-09-27,0.496,0,0
1839,178,7216.9,36,13.82,debt_consolidation,2022-09-27,0.317,1,0
1840,3960,15419.6,36,12.82,car,2022-09-27,0.451,0,0
1841,1067,3199.54,60,17.24,car,2022-09-27,0.273,1,0
1842,794,4428.01,36,18.38,car,2022-09-28,0.509,0,0
1843,3081,22271.62,36,12.57,debt_consolidation,2022-09-28,0.396,0,0
1844,681,8879.67,36,12.52,debt_consolidation,2022-09-28,0.238,0,0
1845,2514,40000.0,36,15.27,debt_consolidation,2022-09-28,0.932,0,0
1846,893,3061.49,36,16.13,credit_card,2022-09-28,0.264,0,0
1847,616,7374.43,36,13.75,credit_card,2022-09-29,0.617,0,0
1848,1524,4643.29,36,17.26,medical,2022-09-29,0.477,0,0
1849,180,4316.99,36,10.45,debt_consolidation,2022-09-29,0.531,0,0
1850,3473,8661.78,36,12.95,credit_card,2022-09-29,0.388,0,0
1851,3288,18951.32,36,13.65,medical,2022-09-29,0.429,0,0
1852,3050,12306.83,36,14.31,home_improvement,2022-09-29,0.624,0,0
1853,3791,13972.86,36,16.96,credit_card,2022-09-29,0.599,1,0
1854,3955,4213.06,36,13.42,medical,2022-09-29,0.692,0,0
1855,298,3900.4,36,18.06,debt_consolidation,2022-09-29,0.355,1,0
1856,1691,4782.55,60,15.93,debt_consolidation,2022-09-29,0.331,0,0
1857,1596,16074.29,60,18.12,debt_consolidation,2022-09-29,0.424,0,0
1858,3758,4358.07,60,15.18,credit_card,2022-09-30,0.552,0,0
1859,3971,4658.94,36,16.78,debt_consolidation,2022-09-30,0.389,0,0
1860,791,16840.08,60,16.26,debt_consolidation,2022-09-30,0.972,0,0
1861,163,4673.72,60,17.47,other,2022-09-30,0.43,0,0
1862,1992,7216.77,60,18.88,debt_consolidation,2022-09-30,0.749,0,0
1863,1986,4547.64,36,15.22,home_improvement,2022-09-30,0.132,0,0
1864,2518,16029.42,60,16.07,debt_consolidation,2022-09-30,0.509,0,0
1865,621,16993.04,36,15.65,debt_consolidation,2022-09-30,0.912,0,0
1866,3249,17001.2,60,14.8,car,2022-09-30,0.641,0,0
1867,2208,12893.49,36,15.65,debt_consolidation,2022-09-30,0.883,0,0
1868,1053,11507.45,60,14.46,debt_consolidation,2022-09-30,0.519,0,0
1869,2908,8351.33,36,15.33,car,2022-09-30,0.303,0,0
1870,1770,3171.11,36,13.27,debt_consolidation,2022-09-30,0.537,0,0
1871,1172,19895.31,36,15.47,small_business,2022-09-30,0.831,0,0
1872,2518,8006.73,36,14.52,car,2022-10-01,0.279,0,0
1873,2371,3489.56,36,13.73,debt_consolidation,2022-10-01,0.277,1,0
1874,3819,2688.09,36,15.07,car,2022-10-01,0.447,0,0
1875,3901,7580.78,36,14.16,small_business,2022-10-01,0.454,0,0
1876,2455,9050.39,36,11.57,home_improvement,2022-10-01,0.402,0,0
1877,3810,10041.39,36,14.43,debt_consolidation,2022-10-01,0.212,0,0
1878,255,15963.47,36,19.06,debt_consolidation,2022-10-01,0.707,4,0
1879,2032,8724.71,36,13.67,home_improvement,2022-10-01,0.348,0,0
1880,2545,7259.13,36,12.73,debt_consolidation,2022-10-01,0.608,0,0
1881,3630,4718.18,60,13.48,other,2022-10-02,0.301,0,0
1882,654,7823.87,60,18.42,debt_consolidation,2022-10-02,0.455,0,0
1883,459,9547.17,60,17.63,car,2022-10-02,0.278,0,0
1884,1389,11363.64,36,17.95,home_improvement,2022-10-02,0.668,0,0
1885,2594,4176.82,36,12.86,debt_consolidation,2022-10-02,0.309,0,0
1886,3099,20257.85,36,14.43,home_improvement,2022-10-03,0.53,0,0
1887,2561,6796.6,36,18.07,debt_consolidation,2022-10-03,0.196,1,0
1888,3943,2523.13,60,15.91,debt_consolidation,2022-10-03,0.382,0,0
1889,3433,4592.55,60,14.92,debt_consolidation,2022-10-03,0.249,0,0
1890,1212,2448.11,36,13.6,debt_consolidation,2022-10-03,0.215,0,0
1891,3933,5569.59,36,11.2,small_business,2022-10-03,0.284,0,0
1892,1867,9867.42,36,13.85,debt_consolidation,2022-10-03,0.419,0,0
1893,424,18841.98,60,19.75,debt_consolidation,2022-10-04,0.68,0,0
1894,3590,3647.85,36,12.42,car,2022-10-04,0.347,0,0
1895,1940,21581.95,60,20.5,small_business,2022-10-04,0.728,1,1
1896,1398,11118.93,36,14.54,credit_card,2022-10-04,0.42,0,0
1897,2414,5408.24,60,17.4,credit_card,2022-10-04,0.225,0,0
1898,2087,5635.32,36,15.22,credit_card,2022-10-04,0.215,0,0
1899,433,6477.84,36,15.28,home_improvement,2022-10-04,0.343,0,0
1900,2371,8611.21,36,12.22,car,2022-10-04,0.346,1,0
1901,3608,7486.11,36,11.8,small_business,2022-10-04,0.276,0,0
1902,880,13955.39,36,20.09,debt_consolidation,2022-10-05,0.691,2,0
1903,786,10341.15,36,11.88,small_business,2022-10-05,0.762,0,0
1904,3630,3756.15,36,15.19,debt_consolidation,2022-10-05,0.28,0,0
1905,496,12607.27,36,18.04,home_improvement,2022-10-05,0.769,0,0
1906,3,11818.8,36,13.64,debt_consolidation,2022-10-06,0.8,0,0
1907,2279,10579.42,60,11.23,debt_consolidation,2022-10-06,0.39,0,0
1908,802,9069.97,36,11.7,debt_consolidation,2022-10-06,0.224,0,0
1909,1219,12637.67,36,13.31,debt_consolidation,2022-10-06,0.411,0,0
1910,2903,19040.48,36,16.41,medical,2022-10-06,1.184,0,0
1911,1250,7541.97,36,14.98,debt_consolidation,2022-10-06,0.281,0,0
1912,204,9777.82,36,12.9,credit_card,2022-10-07,0.319,0,0
1913,1026,5264.72,60,16.58,car,2022-10-07,0.437,0,0
1914,2961,9548.52,36,17.99,small_business,2022-10-07,0.71,0,0
1915,3708,6803.53,60,14.12,home_improvement,2022-10-07,0.526,0,0
1916,3044,12668.52,60,16.45,credit_card,2022-10-07,0.219,1,0
1917,499,9239.44,60,15.71,debt_consolidation,2022-10-07,0.45,0,0
1918,2769,4128.36,36,18.35,debt_consolidation,2022-10-07,0.585,0,0
1919,1015,3635.37,36,16.27,home_improvement,2022-10-07,0.304,0,0
1920,3444,6250.79,36,14.51,debt_consolidation,2022-10-07,0.354,0,0
1921,3101,17329.05,60,16.32,credit_card,2022-10-07,0.611,0,0
1922,3001,14752.33,60,17.83,debt_consolidation,2022-10-08,0.908,0,0
1923,3550,7561.86,60,14.18,home_improvement,2022-10-08,0.57,0,0
1924,2874,6402.61,36,14.1,car,2022-10-08,0.179,1,0
1925,1684,6835.29,36,16.8,debt_consolidation,2022-10-08,0.359,1,0
1926,546,22695.98,36,15.92,debt_consolidation,2022-10-09,0.983,0,0
1927,850,7967.55,36,14.59,medical,2022-10-09,0.51,0,0
1928,1688,6516.44,36,15.78,debt_consolidation,2022-10-09,0.209,0,0
1929,3651,3962.33,36,15.1,debt_consolidation,2022-10-09,0.435,0,0
1930,3667,12636.64,36,14.86,credit_card,2022-10-09,0.43,0,0
1931,1633,11537.76,36,12.38,credit_card,2022-10-09,1.31,0,0
1932,3888,9381.29,36,14.29,medical,2022-10-09,0.51,0,0
1933,3872,4844.7,60,18.36,debt_consolidation,2022-10-09,0.617,0,1
1934,3359,6650.67,36,12.63,debt_consolidation,2022-10-09,0.361,1,0
1935,3196,14638.57,36,15.13,home_improvement,2022-10-10,0.598,3,0
1936,3129,3414.79,36,13.88,home_improvement,2022-10-10,0.484,0,0
1937,1755,32839.39,36,16.13,home_improvement,2022-10-10,1.055,0,0
1938,3616,5062.75,36,15.91,debt_consolidation,2022-10-10,0.283,0,1
1939,2154,2594.53,36,14.19,debt_consolidation,2022-10-10,0.232,0,0
1940,2301,2487.95,36,16.82,small_business,2022-10-10,0.273,0,0
1941,2863,13267.97,36,14.25,small_business,2022-10-10,0.458,0,0
1942,1988,40000.0,36,12.74,debt_consolidation,2022-10-10,1.166,1,0
1943,534,2337.77,36,16.03,debt_consolidation,2022-10-10,0.267,0,0
1944,3775,5337.35,36,17.95,other,2022-10-11,0.32,0,0
1945,456,15320.57,36,12.62,credit_card,2022-10-11,0.313,0,0
1946,2881,3603.27,36,15.65,credit_card,2022-10-11,0.276,0,0
1947,3632,16968.59,36,15.94,debt_consolidation,2022-10-11,1.196,0,1
1948,729,9702.88,60,14.98,medical,2022-10-11,0.301,1,0
1949,2172,3142.88,60,13.95,other,2022-10-11,0.191,0,0
1950,1684,5623.93,60,20.78,credit_card,2022-10-12,0.324,1,0
1951,205,12125.26,60,15.07,car,2022-10-12,0.367,1,0
1952,2095,11019.64,60,11.79,car,2022-10-12,0.307,0,0
1953,727,3314.01,36,15.46,other,2022-10-12,0.365,0,0
1954,443,10644.53,36,13.13,debt_consolidation,2022-10-13,0.549,0,0
1955,1107,10719.23,60,14.57,other,2022-10-13,0.397,0,0
1956,3566,14923.67,60,14.66,home_improvement,2022-10-13,0.925,0,0
1957,2498,9066.31,36,17.68,debt_consolidation,2022-10-13,0.216,0,0
1958,517,9578.74,36,13.75,credit_card,2022-10-13,0.527,0,0
1959,1872,2495.48,60,13.88,home_improvement,2022-10-13,0.442,0,0
1960,245,3104.63,36,18.65,home_improvement,2022-10-13,0.429,0,0
1961,1191,8532.65,60,17.73,car,2022-10-13,0.355,0,0
1962,2013,3286.05,36,11.01,credit_card,2022-10-13,0.156,0,0
1963,2785,28513.09,36,16.46,home_improvement,2022-10-14,1.012,0,0
1964,403,24670.47,36,19.94,credit_card,2022-10-14,1.076,0,1
1965,3152,5995.31,60,13.42,debt_consolidation,2022-10-14,0.378,0,0
1966,1711,14929.01,36,15.55,credit_card,2022-10-14,0.447,0,1
1967,2153,11607.4,36,13.09,other,2022-10-14,0.663,0,0
1968,397,11138.83,36,16.09,debt_consolidation,2022-10-14,0.633,0,0
1969,2335,7874.28,36,17.67,medical,2022-10-14,0.432,0,0
1970,523,9006.36,36,13.95,debt_consolidation,2022-10-15,0.443,0,0
1971,310,4171.43,36,15.97,credit_card,2022-10-15,0.312,0,0
1972,3654,3554.74,60,16.79,credit_card,2022-10-15,0.237,0,1
1973,3247,3447.7,36,14.63,debt_consolidation,2022-10-15,0.538,0,0
1974,3744,7035.06,60,16.21,debt_consolidation,2022-10-15,0.739,0,0
1975,3114,12793.0,60,15.6,home_improvement,2022-10-15,0.384,1,0
1976,1314,16709.71,36,15.33,home_improvement,2022-10-16,1.017,0,1
1977,714,5081.51,60,14.88,car,2022-10-16,0.401,0,0
1978,3686,40000.0,60,17.64,debt_consolidation,2022-10-16,1.859,0,1
1979,3801,6942.06,36,13.62,debt_consolidation,2022-10-16,0.449,0,0
1980,129,29256.99,36,13.69,debt_consolidation,2022-10-16,0.742,0,0
1981,2783,8424.27,36,14.95,car,2022-10-16,0.927,0,0
1982,3512,964.58,36,18.6,credit_card,2022-10-16,0.216,0,0
1983,1951,22450.77,36,12.45,debt_consolidation,2022-10-17,1.569,0,0
1984,851,4296.83,36,14.6,debt_consolidation,2022-10-17,0.19,0,0
1985,2344,7022.29,60,17.6,debt_consolidation,2022-10-17,0.453,0,0
1986,1397,6033.73,60,17.59,medical,2022-10-17,0.36,0,0
1987,3664,9763.75,36,18.32,debt_consolidation,2022-10-17,0.53,0,0
1988,3007,15462.76,36,15.93,debt_consolidation,2022-10-18,0.708,0,0
1989,1419,13871.91,36,14.5,other,2022-10-18,0.34,0,0
1990,293,8781.78,60,13.99,small_business,2022-10-18,0.642,0,0
1991,235,14070.79,36,12.68,medical,2022-10-18,0.534,0,0
1992,2627,11466.98,36,13.48,home_improvement,2022-10-18,0.371,0,0
1993,1954,5418.82,60,12.43,credit_card,2022-10-18,0.186,0,0
1994,2229,9724.97,36,14.3,credit_card,2022-10-18,0.627,1,0
1995,2553,15789.48,60,14.72,credit_card,2022-10-18,0.43,0,0
1996,584,3172.42,36,12.47,debt_consolidation,2022-10-19,0.281,1,0
1997,2544,3735.0,60,14.54,car,2022-10-19,0.305,2,0
1998,1683,6127.83,36,11.95,debt_consolidation,2022-10-19,0.594,0,0
1999,1446,6259.64,36,16.0,credit_card,2022-10-19,0.509,1,1
2000,1701,7390.59,36,16.77,home_improvement,2022-10-19,0.287,0,0
2001,3570,2999.09,60,17.91,credit_card,2022-10-19,0.465,0,0
2002,2675,4137.4,36,13.21,home_improvement,2022-10-19,0.373,0,0
2003,3900,3374.6,36,11.72,credit_card,2022-10-19,0.257,0,0
2004,182,20833.54,60,18.16,credit_card,2022-10-19,0.679,0,0
2005,153,19144.61,36,13.36,car,2022-10-19,0.571,1,0
2006,51,15836.72,60,17.61,home_improvement,2022-10-20,0.232,0,0
2007,3273,18763.91,36,12.9,car,2022-10-20,1.241,0,0
2008,2917,34869.29,60,15.26,debt_consolidation,2022-10-20,0.779,1,0
2009,1646,25799.63,36,15.06,home_improvement,2022-10-20,1.367,1,0
2010,2817,2567.23,36,18.37,home_improvement,2022-10-20,0.327,0,1
2011,962,9367.95,60,15.36,debt_consolidation,2022-10-21,0.621,0,0
2012,2285,5993.22,60,14.46,credit_card,2022-10-22,0.558,0,0
2013,2005,11914.08,60,17.07,debt_consolidation,2022-10-22,1.005,1,0
2014,1476,14004.68,36,13.05,debt_consolidation,2022-10-22,0.742,0,0
2015,2381,2966.5,36,14.12,debt_consolidation,2022-10-22,0.465,0,0
2016,2850,5687.25,36,15.36,debt_consolidation,2022-10-22,0.215,0,0
2017,2979,13425.21,36,12.84,debt_consolidation,2022-10-22,0.407,0,0
2018,2390,28257.0,36,14.36,credit_card,2022-10-22,0.849,1,0
2019,2186,18129.27,36,12.39,debt_consolidation,2022-10-23,0.785,1,0
2020,939,6066.42,36,10.92,home_improvement,2022-10-23,0.367,0,0
2021,2629,3588.21,36,15.16,small_business,2022-10-23,0.343,0,0
2022,1033,18479.86,60,13.34,debt_consolidation,2022-10-23,0.486,0,0
2023,1744,12542.0,36,13.44,credit_card,2022-10-23,0.791,0,1
2024,554,8831.06,60,17.04,car,2022-10-23,0.67,2,0
2025,3150,6675.97,60,20.53,home_improvement,2022-10-23,0.408,1,1
2026,1706,1654.88,60,14.34,car,2022-10-23,0.54,0,0
2027,1302,5550.51,36,15.72,debt_consolidation,2022-10-24,0.334,0,0
2028,1691,9736.48,36,12.05,home_improvement,2022-10-24,0.368,0,0
2029,2647,3997.58,36,11.64,small_business,2022-10-24,0.573,0,0
2030,3246,18156.82,60,15.93,car,2022-10-24,0.627,1,0
2031,3945,4659.41,36,12.34,home_improvement,2022-10-25,0.512,0,0
2032,2252,6820.87,36,16.59,credit_card,2022-10-25,0.277,0,0
2033,2651,2024.02,36,12.31,debt_consolidation,2022-10-25,0.213,0,0
2034,3212,7798.21,36,10.6,debt_consolidation,2022-10-25,0.29,0,0
2035,3489,14533.84,36,14.67,debt_consolidation,2022-10-25,0.483,0,0
2036,62,40000.0,60,15.55,car,2022-10-25,0.775,0,0
2037,2865,18613.86,36,13.13,debt_consolidation,2022-10-25,0.6,0,0
2038,559,2832.14,36,16.5,debt_consolidation,2022-10-25,0.227,0,1
2039,3844,11777.06,36,12.9,home_improvement,2022-10-25,0.398,0,0
2040,797,31350.58,36,15.93,credit_card,2022-10-25,0.67,0,0
2041,909,4179.71,60,15.36,debt_consolidation,2022-10-25,0.24,1,0
2042,1168,4857.92,36,14.59,debt_consolidation,2022-10-25,0.46,0,0
2043,2731,11846.08,60,15.81,debt_consolidation,2022-10-25,0.477,0,0
2044,1728,15258.58,60,13.54,credit_card,2022-10-25,0.631,0,0
2045,215,7094.66,36,14.73,debt_consolidation,2022-10-25,0.635,0,0
2046,998,37663.98,36,9.84,credit_card,2022-10-26,0.725,0,0
2047,3266,5421.0,36,14.36,home_improvement,2022-10-26,0.462,0,0
2048,2309,4905.09,36,14.4,debt_consolidation,2022-10-26,0.597,1,0
2049,137,11024.81,36,16.87,credit_card,2022-10-26,0.179,0,0
2050,2630,3353.69,36,16.39,credit_card,2022-10-26,0.64,0,0
2051,1487,5264.02,36,14.19,small_business,2022-10-26,0.384,0,0
2052,547,3426.48,36,14.65,credit_card,2022-10-26,0.437,0,1
2053,1461,4900.45,36,15.42,home_improvement,2022-10-26,0.334,0,0
2054,2136,19928.95,36,15.66,small_business,2022-10-26,0.605,1,0
2055,3622,8080.38,36,13.29,credit_card,2022-10-27,0.733,0,0
2056,1751,19683.4,36,13.55,debt_consolidation,2022-10-27,0.878,0,0
2057,510,12844.41,60,19.96,debt_consolidation,2022-10-27,0.235,2,1
2058,1071,5195.86,36,16.15,debt_consolidation,2022-10-27,0.252,0,0
2059,626,14342.81,60,18.35,debt_consolidation,2022-10-27,0.338,0,0
2060,3161,3466.71,36,15.09,medical,2022-10-27,0.429,1,0
2061,1525,19991.02,36,16.34,debt_consolidation,2022-10-27,0.81,0,0
2062,3676,17240.8,36,16.04,car,2022-10-28,0.778,0,0
2063,802,4413.03,36,15.89,car,2022-10-28,0.158,0,0
2064,1343,6535.09,36,15.92,car,2022-10-28,0.206,0,0
2065,1768,24540.04,60,13.49,debt_consolidation,2022-10-28,0.333,0,0
2066,2394,8418.78,36,13.31,debt_consolidation,2022-10-28,0.334,0,0
2067,1919,4162.13,60,14.65,credit_card,2022-10-28,0.173,0,0
2068,1729,2329.72,60,18.35,home_improvement,2022-10-28,0.143,0,0
2069,1571,3110.15,36,13.13,debt_consolidation,2022-10-28,0.271,0,0
2070,190,11431.68,36,12.14,credit_card,2022-10-29,0.472,0,0
2071,1836,6222.08,36,16.02,other,2022-10-29,0.415,0,0
2072,605,14574.75,36,15.9,debt_consolidation,2022-10-29,0.756,0,0
2073,3578,4149.72,36,15.63,debt_consolidation,2022-10-30,0.21,0,0
2074,621,8734.68,60,15.34,debt_consolidation,2022-10-30,0.647,0,0
2075,1031,10156.87,36,13.61,credit_card,2022-10-30,0.262,0,0
2076,1253,5500.29,36,11.16,credit_card,2022-10-30,0.199,1,0
2077,3261,1504.44,36,17.43,debt_consolidation,2022-10-31,0.286,0,0
2078,714,8458.57,36,12.18,debt_consolidation,2022-10-31,0.497,0,0
2079,2849,3680.94,36,18.67,debt_consolidation,2022-10-31,0.471,1,0
2080,638,4247.49,36,17.2,home_improvement,2022-10-31,0.397,0,0
2081,232,19582.89,36,17.87,debt_consolidation,2022-10-31,0.499,1,0
2082,2106,11833.07,36,17.62,car,2022-10-31,0.586,0,0
2083,2159,7253.99,60,15.03,debt_consolidation,2022-10-31,0.431,0,0
2084,1426,3189.09,60,15.24,debt_consolidation,2022-11-01,0.494,0,1
2085,3893,14001.77,60,17.79,debt_consolidation,2022-11-01,0.36,0,0
2086,3445,19755.23,36,18.52,credit_card,2022-11-01,0.522,1,0
2087,2495,9961.57,36,14.85,home_improvement,2022-11-01,0.322,0,0
2088,1470,22991.05,60,15.11,car,2022-11-01,0.855,0,0
2089,2610,9214.89,36,14.54,car,2022-11-01,0.417,0,1
2090,580,6992.1,36,16.73,debt_consolidation,2022-11-01,0.137,1,0
2091,766,8219.2,36,13.64,debt_consolidation,2022-11-01,0.295,0,0
2092,3387,1277.7,36,12.3,debt_consolidation,2022-11-02,0.397,0,0
2093,453,10171.58,36,13.51,credit_card,2022-11-02,0.714,0,0
2094,66,9389.16,60,15.19,debt_consolidation,2022-11-02,0.288,0,0
2095,371,13511.3,60,12.75,car,2022-11-03,0.876,0,0
2096,1864,9143.66,36,17.58,small_business,2022-11-03,0.559,1,0
2097,2197,4282.86,36,12.14,debt_consolidation,2022-11-03,0.154,0,0
2098,3218,4457.33,60,15.57,debt_consolidation,2022-11-03,0.431,0,0
2099,1160,8415.6,60,13.65,home_improvement,2022-11-03,0.521,0,0
2100,3180,6209.91,60,17.47,car,2022-11-03,0.29,0,0
2101,780,25924.84,36,15.22,car,2022-11-04,1.042,0,0
2102,2963,3528.92,36,15.02,home_improvement,2022-11-04,0.647,0,0
2103,3706,3336.8,36,10.77,debt_consolidation,2022-11-04,0.583,0,0
2104,1618,6776.33,36,15.51,credit_card,2022-11-04,0.442,0,0
2105,2055,7902.58,60,16.18,debt_consolidation,2022-11-04,0.582,0,0
2106,363,13158.41,36,17.32,home_improvement,2022-11-05,0.392,1,0
2107,1852,7351.57,36,16.09,small_business,2022-11-05,0.18,0,0
2108,3912,3298.42,36,11.09,debt_consolidation,2022-11-05,0.657,0,1
2109,138,14873.04,36,16.81,debt_consolidation,2022-11-05,0.612,1,0
2110,2583,21228.83,36,12.76,car,2022-11-05,0.86,0,0
2111,1153,10042.24,36,11.47,small_business,2022-11-05,0.384,0,0
2112,832,1365.5,36,16.82,home_improvement,2022-11-05,0.481,0,0
2113,3961,14797.44,36,17.24,car,2022-11-05,1.022,0,0
2114,3201,11982.49,60,16.26,small_business,2022-11-05,0.537,0,0
2115,2251,3961.81,36,13.41,car,2022-11-05,0.634,0,0
2116,3209,26656.52,60,15.15,credit_card,2022-11-05,1.257,0,0
2117,989,3158.16,36,16.85,debt_consolidation,2022-11-05,0.434,0,0
2118,2661,16338.43,36,10.41,credit_card,2022-11-06,0.447,1,0
2119,2452,5249.96,36,12.82,other,2022-11-06,0.491,0,0
2120,2320,13274.73,60,14.63,home_improvement,2022-11-06,0.44,0,0
2121,512,4027.83,60,18.63,debt_consolidation,2022-11-06,0.118,0,0
2122,1320,5254.88,36,15.55,credit_card,2022-11-06,0.507,0,0
2123,2695,9858.0,36,13.73,small_business,2022-11-06,0.444,0,0
2124,790,9191.86,60,14.72,debt_consolidation,2022-11-06,0.187,0,0
2125,3804,2127.46,60,14.89,car,2022-11-06,0.38,0,0
2126,3938,7970.05,60,14.04,debt_consolidation,2022-11-06,0.439,0,0
2127,493,16297.52,36,14.86,medical,2022-11-07,0.629,0,0
2128,732,6056.75,60,17.24,debt_consolidation,2022-11-07,0.253,0,0
2129,1959,11144.15,36,17.19,debt_consolidation,2022-11-07,0.748,0,0
2130,783,3224.35,36,16.61,home_improvement,2022-11-07,0.165,0,0
2131,1971,7085.9,60,14.34,credit_card,2022-11-07,0.474,0,0
2132,792,35236.94,36,13.45,debt_consolidation,2022-11-07,2.459,0,0
2133,2652,6937.12,60,15.34,debt_consolidation,2022-11-07,0.357,0,0
2134,190,24563.19,36,14.11,debt_consolidation,2022-11-08,0.556,0,0
2135,3311,8144.39,36,16.89,home_improvement,2022-11-08,0.736,1,1
2136,928,15102.92,36,16.89,credit_card,2022-11-08,0.369,0,0
2137,239,1171.12,36,15.42,debt_consolidation,2022-11-08,0.311,0,0
2138,414,8148.6,60,14.4,home_improvement,2022-11-08,0.522,1,0
2139,2395,9359.21,36,14.52,debt_consolidation,2022-11-09,0.298,0,0
2140,283,3442.23,36,14.04,car,2022-11-09,0.132,0,0
2141,2077,6848.74,60,11.54,debt_consolidation,2022-11-09,0.313,0,0
2142,3236,7226.2,36,14.05,credit_card,2022-11-09,0.121,0,0
2143,881,21791.74,36,14.8,debt_consolidation,2022-11-09,0.881,0,0
2144,191,9080.49,60,16.8,debt_consolidation,2022-11-09,0.631,0,0
2145,3040,15933.8,36,15.47,debt_consolidation,2022-11-09,0.794,0,0
2146,1987,9360.13,36,12.14,credit_card,2022-11-09,0.25,0,0
2147,1691,1622.09,36,14.0,car,2022-11-09,0.307,0,1
2148,999,10793.26,36,17.82,debt_consolidation,2022-11-10,0.523,1,0
2149,2875,9608.58,36,9.76,car,2022-11-10,0.412,0,0
2150,2224,10112.65,36,16.36,debt_consolidation,2022-11-10,0.23,1,0
2151,1584,5362.78,36,15.38,debt_consolidation,2022-11-10,0.743,0,0
2152,3547,10717.15,60,16.2,home_improvement,2022-11-10,0.374,1,0
2153,2641,8360.28,36,13.57,debt_consolidation,2022-11-10,0.25,0,0
2154,2456,2429.73,60,14.18,small_business,2022-11-10,0.567,0,0
2155,2682,6555.03,36,16.16,debt_consolidation,2022-11-10,0.394,0,1
2156,428,21756.14,60,16.2,debt_consolidation,2022-11-10,1.277,0,0
2157,2976,18567.09,36,19.42,car,2022-11-10,1.285,0,0
2158,1985,6239.37,36,18.84,home_improvement,2022-11-11,0.903,0,0
2159,1491,2299.62,60,15.19,credit_card,2022-11-11,0.311,1,0
2160,1281,13636.32,60,12.01,car,2022-11-11,0.725,0,0
2161,3942,4320.02,36,12.01,credit_card,2022-11-11,0.507,0,0
2162,555,4530.81,36,14.0,home_improvement,2022-11-12,0.328,0,0
2163,3140,6340.17,36,14.98,debt_consolidation,2022-11-12,0.171,0,0
2164,3820,5965.46,36,13.81,home_improvement,2022-11-12,0.41,0,0
2165,3005,16340.73,36,11.83,debt_consolidation,2022-11-12,0.726,0,0
2166,141,16464.98,36,15.15,home_improvement,2022-11-12,0.711,0,0
2167,1228,5423.74,36,13.67,debt_consolidation,2022-11-12,0.228,1,1
2168,2135,36617.43,60,18.09,car,2022-11-13,0.909,1,0
2169,1023,3855.56,60,16.41,debt_consolidation,2022-11-13,0.289,0,0
2170,3460,3147.58,36,13.87,other,2022-11-13,0.119,0,0
2171,2035,20609.82,36,15.69,home_improvement,2022-11-13,0.901,1,0
2172,1406,10262.88,36,17.92,small_business,2022-11-13,0.423,0,0
2173,3272,16323.63,60,14.99,small_business,2022-11-13,0.327,1,0
2174,2933,13645.63,60,19.88,credit_card,2022-11-13,0.684,1,0
2175,3990,16377.37,60,18.95,debt_consolidation,2022-11-14,0.878,0,0
2176,1203,6286.08,60,18.02,credit_card,2022-11-14,0.474,1,0
2177,1602,19630.12,36,16.23,debt_consolidation,2022-11-14,0.636,0,1
2178,3387,20577.63,36,10.83,debt_consolidation,2022-11-14,0.648,0,0
2179,2032,15944.19,36,13.96,home_improvement,2022-11-14,0.407,0,0
2180,922,6422.48,36,18.42,medical,2022-11-14,0.267,0,0
2181,1357,24340.34,60,18.55,debt_consolidation,2022-11-14,1.654,0,1
2182,83,10739.58,36,14.06,debt_consolidation,2022-11-15,0.662,0,0
2183,1857,11199.26,36,15.0,credit_card,2022-11-15,0.183,0,0
2184,1990,6247.99,36,12.98,credit_card,2022-11-15,0.342,0,0
2185,3158,18966.58,60,14.88,credit_card,2022-11-15,0.725,0,0
2186,3579,5081.89,36,13.66,home_improvement,2022-11-15,0.283,0,0
2187,3499,12163.14,60,17.84,debt_consolidation,2022-11-15,0.513,0,0
2188,187,3150.64,36,15.9,debt_consolidation,2022-11-15,0.203,0,0
2189,3756,4438.01,36,12.28,home_improvement,2022-11-16,0.333,0,0
2190,245,3366.82,36,18.92,home_improvement,2022-11-16,0.434,1,0
2191,1139,12610.96,60,17.44,debt_consolidation,2022-11-16,0.694,1,0
2192,838,8947.85,36,12.19,debt_consolidation,2022-11-16,0.368,0,0
2193,641,2846.31,36,12.98,credit_card,2022-11-16,0.415,0,0
2194,3194,40000.0,36,16.12,other,2022-11-16,1.489,0,0
2195,3828,6613.75,36,15.47,credit_card,2022-11-16,0.311,0,0
2196,770,1717.22,36,9.66,debt_consolidation,2022-11-17,0.078,0,0
2197,3822,6103.99,60,15.68,home_improvement,2022-11-17,0.167,0,0
2198,1398,2866.65,36,12.96,debt_consolidation,2022-11-17,0.335,0,0
2199,631,8094.71,60,17.51,debt_consolidation,2022-11-17,0.649,0,0
2200,752,23164.59,36,11.98,medical,2022-11-17,0.584,0,0
2201,11,4423.43,36,19.41,debt_consolidation,2022-11-17,0.164,0,0
2202,2562,5837.28,36,16.3,debt_consolidation,2022-11-18,0.475,0,0
2203,2683,5634.47,60,15.1,other,2022-11-18,0.341,0,0
2204,289,11062.13,60,17.36,debt_consolidation,2022-11-18,0.292,1,0
2205,2835,8509.34,36,10.92,car,2022-11-18,0.381,0,0
2206,1829,5019.05,36,14.06,small_business,2022-11-18,0.455,0,0
2207,3793,5989.1,60,17.13,home_improvement,2022-11-18,0.393,0,0
2208,2721,7503.6,36,16.11,car,2022-11-18,0.093,0,0
2209,2633,29047.77,60,14.48,small_business,2022-11-18,0.811,0,0
2210,3137,5510.16,36,12.66,debt_consolidation,2022-11-19,0.596,0,0
2211,2264,8662.25,36,18.51,small_business,2022-11-19,0.382,0,1
2212,1302,3223.39,36,14.44,medical,2022-11-19,0.27,0,0
2213,3626,6455.42,36,13.14,car,2022-11-19,0.513,0,0
2214,2616,7560.73,36,15.14,home_improvement,2022-11-19,0.283,0,0
2215,1476,13968.75,36,11.67,debt_consolidation,2022-11-19,0.741,0,0
2216,819,7222.62,36,12.09,credit_card,2022-11-19,0.315,0,0
2217,1104,6917.18,36,14.63,credit_card,2022-11-19,0.153,1,0
2218,2627,4886.88,60,13.89,home_improvement,2022-11-19,0.277,0,0
2219,2456,15309.56,60,12.84,credit_card,2022-11-20,0.899,0,0
2220,3604,10882.47,36,14.74,debt_consolidation,2022-11-20,0.532,0,0
2221,2907,24795.78,36,11.52,debt_consolidation,2022-11-20,1.075,0,0
2222,2992,1996.2,36,10.14,other,2022-11-20,0.761,0,0
2223,449,7351.63,36,16.8,home_improvement,2022-11-21,0.494,0,0
2224,1432,9070.14,60,18.84,medical,2022-11-21,0.266,2,1
2225,891,7361.23,36,16.68,credit_card,2022-11-21,0.572,0,0
2226,3062,14249.15,36,13.39,home_improvement,2022-11-21,0.541,1,0
2227,2440,11726.96,36,15.35,car,2022-11-21,0.344,0,0
2228,2946,11055.46,36,14.45,debt_consolidation,2022-11-21,0.264,0,0
2229,2948,12946.12,36,15.75,car,2022-11-21,0.421,0,0
2230,3525,20378.01,36,15.67,debt_consolidation,2022-11-21,0.891,0,0
2231,1392,23464.03,36,13.92,debt_consolidation,2022-11-21,1.032,0,0
2232,3654,6414.62,36,13.72,debt_consolidation,2022-11-21,0.292,0,0
2233,897,7450.59,36,13.76,credit_card,2022-11-21,0.212,1,0
2234,1276,6221.63,36,13.07,debt_consolidation,2022-11-21,0.536,0,0
2235,2624,8158.38,36,14.99,debt_consolidation,2022-11-21,0.27,0,0
2236,2501,10218.06,36,11.04,debt_consolidation,2022-11-22,0.451,0,0
2237,384,15926.89,60,16.17,home_improvement,2022-11-22,0.715,0,1
2238,1149,12636.72,36,15.14,other,2022-11-22,0.74,0,0
2239,405,13880.66,36,11.61,home_improvement,2022-11-22,0.46,0,0
2240,2374,13239.82,36,16.42,home_improvement,2022-11-23,0.661,0,0
2241,2069,15057.28,60,19.53,credit_card,2022-11-23,1.161,1,1
2242,2024,4660.34,36,16.73,debt_consolidation,2022-11-23,0.512,0,0
2243,3794,3026.17,36,16.13,debt_consolidation,2022-11-23,0.134,0,0
2244,2086,5623.13,60,16.84,small_business,2022-11-23,0.723,1,0
2245,1889,8371.86,60,17.73,credit_card,2022-11-23,0.166,1,0
2246,3051,10298.22,60,13.03,medical,2022-11-24,0.815,0,0
2247,1044,23853.58,36,16.2,medical,2022-11-24,1.207,0,1
2248,1725,9990.48,36,13.09,other,2022-11-24,0.201,1,0
2249,3892,11622.09,36,14.98,home_improvement,2022-11-24,0.582,0,0
2250,1940,12813.79,36,19.16,credit_card,2022-11-24,0.608,2,0
2251,1680,16950.25,36,13.92,debt_consolidation,2022-11-25,0.378,0,1
2252,2615,1435.23,60,11.98,other,2022-11-25,0.546,1,0
2253,3662,10676.31,36,16.29,debt_consolidation,2022-11-25,0.363,2,0
2254,3394,18429.75,36,14.4,medical,2022-11-25,0.711,0,0
2255,2039,30128.33,36,17.26,home_improvement,2022-11-25,1.461,0,0
2256,1840,10379.2,60,15.69,debt_consolidation,2022-11-25,1.023,0,0
2257,3005,6174.96,36,15.09,home_improvement,2022-11-25,0.451,1,0
2258,1203,12070.13,36,14.38,debt_consolidation,2022-11-26,0.644,0,0
2259,1289,6941.15,36,11.19,car,2022-11-26,0.237,1,0
2260,3603,5701.46,36,12.92,small_business,2022-11-26,0.526,1,0
2261,253,6957.96,60,16.22,car,2022-11-26,0.618,0,0
2262,1399,5233.54,36,20.18,credit_card,2022-11-26,0.413,0,1
2263,1587,5725.32,36,15.96,debt_consolidation,2022-11-26,0.402,0,0
2264,2202,6598.98,36,16.67,small_business,2022-11-26,0.305,0,0
2265,2511,3146.16,60,15.39,car,2022-11-26,0.313,0,0
2266,45,7616.66,36,16.66,debt_consolidation,2022-11-27,0.406,0,0
2267,2767,5570.51,36,15.94,debt_consolidation,2022-11-27,0.366,1,0
2268,191,3670.78,36,15.63,car,2022-11-27,0.571,0,0
2269,799,3345.91,36,16.03,home_improvement,2022-11-27,0.32,1,0
2270,400,8660.01,36,14.79,home_improvement,2022-11-27,0.684,0,0
2271,1321,7219.28,36,13.73,small_business,2022-11-27,0.502,0,0
2272,683,1401.39,36,15.7,debt_consolidation,2022-11-27,0.167,0,0
2273,2247,18237.13,36,15.91,other,2022-11-27,0.935,0,0
2274,1207,1990.88,36,15.84,debt_consolidation,2022-11-28,0.443,0,0
2275,1438,5935.55,36,16.78,credit_card,2022-11-28,0.426,0,0
2276,1521,8979.8,36,12.62,debt_consolidation,2022-11-28,0.287,0,0
2277,1652,2640.64,60,16.09,credit_card,2022-11-28,0.499,0,0
2278,2094,11576.57,60,17.56,medical,2022-11-28,0.655,0,0
2279,2556,5818.55,36,15.25,debt_consolidation,2022-11-28,0.381,0,0
2280,1039,13805.36,60,17.27,medical,2022-11-29,0.643,0,0
2281,933,23695.31,36,15.64,debt_consolidation,2022-11-29,0.35,1,0
2282,2900,10502.38,36,12.72,debt_consolidation,2022-11-29,0.47,0,0
2283,1039,3182.56,36,15.02,small_business,2022-11-29,0.195,0,0
2284,2974,1837.04,36,10.49,debt_consolidation,2022-11-29,0.151,0,0
2285,2456,15366.89,36,13.34,home_improvement,2022-11-30,0.9,0,0
2286,2683,6275.1,36,13.48,other,2022-11-30,0.365,0,0
2287,3004,5977.08,36,11.1,debt_consolidation,2022-11-30,0.505,0,0
2288,3469,25878.46,36,10.53,home_improvement,2022-11-30,0.709,0,0
2289,766,3120.52,60,13.87,debt_consolidation,2022-11-30,0.216,0,0
2290,1027,4153.48,36,13.86,debt_consolidation,2022-11-30,0.298,0,0
2291,2520,1375.23,60,15.27,small_business,2022-11-30,0.37,0,0
2292,540,1970.23,60,15.12,credit_card,2022-11-30,0.313,0,0
2293,1000,10485.07,36,13.67,car,2022-11-30,0.505,0,0
2294,1611,6166.28,36,14.59,small_business,2022-12-01,0.245,0,0
2295,1553,31181.36,36,11.45,home_improvement,2022-12-01,0.988,0,0
2296,1768,14603.04,36,12.87,credit_card,2022-12-01,0.253,1,0
2297,450,10614.36,36,15.18,home_improvement,2022-12-01,0.71,0,0
2298,3601,6245.96,36,18.61,car,2022-12-01,0.445,0,0
2299,1606,10831.48,36,12.57,credit_card,2022-12-02,0.582,0,0
2300,2286,11282.8,60,17.21,debt_consolidation,2022-12-02,0.782,0,0
2301,3221,8411.1,36,12.95,debt_consolidation,2022-12-02,0.291,0,0
2302,2653,6221.51,36,12.78,small_business,2022-12-02,0.438,0,0
2303,3693,8025.21,36,12.85,debt_consolidation,2022-12-02,0.576,0,0
2304,3910,8366.04,36,16.92,other,2022-12-02,0.929,1,0
2305,2275,7207.9,36,16.13,debt_consolidation,2022-12-02,0.594,0,0
2306,3288,4612.0,60,18.04,debt_consolidation,2022-12-03,0.307,0,0
2307,1396,7998.19,36,16.32,credit_card,2022-12-03,0.456,1,0
2308,3921,5208.77,36,14.81,debt_consolidation,2022-12-03,0.257,0,0
2309,982,7996.0,36,9.82,debt_consolidation,2022-12-03,0.665,0,0
2310,2349,1705.03,36,15.78,credit_card,2022-12-04,0.634,0,0
2311,2916,12030.63,60,16.64,debt_consolidation,2022-12-04,0.572,0,0
2312,1687,17651.1,36,15.39,home_improvement,2022-12-04,0.271,0,0
2313,3240,5009.12,36,11.0,debt_consolidation,2022-12-04,0.26,0,0
2314,1829,12357.33,36,13.79,home_improvement,2022-12-04,0.619,0,0
2315,3896,22437.74,60,18.64,debt_consolidation,2022-12-04,0.731,0,0
2316,2550,27551.47,36,12.93,debt_consolidation,2022-12-04,1.114,0,0
2317,1819,4976.79,36,13.68,medical,2022-12-04,0.096,0,0
2318,3485,12879.67,60,17.61,credit_card,2022-12-04,0.604,1,0
2319,917,4774.79,60,17.08,debt_consolidation,2022-12-04,0.636,0,0
2320,3563,7384.63,36,18.14,other,2022-12-04,0.711,0,0
2321,523,9653.97,36,17.68,small_business,2022-12-04,0.456,1,0
2322,3219,6911.77,36,14.03,debt_consolidation,2022-12-04,0.708,0,0
2323,80,5133.18,36,13.34,small_business,2022-12-05,0.347,0,0
2324,3125,12078.73,36,13.49,debt_consolidation,2022-12-05,0.284,0,0
2325,3940,21463.76,36,16.34,debt_consolidation,2022-12-05,0.714,0,0
2326,2212,7379.86,60,16.2,credit_card,2022-12-05,0.514,0,0
2327,1789,12185.5,60,14.62,debt_consolidation,2022-12-05,0.749,0,0
2328,667,4681.8,36,15.53,debt_consolidation,2022-12-05,0.297,1,0
2329,2078,15428.71,36,11.71,credit_card,2022-12-05,1.002,0,0
2330,3439,5922.28,36,15.67,debt_consolidation,2022-12-05,0.42,0,0
2331,3328,11654.84,36,15.08,car,2022-12-06,0.606,1,1
2332,672,4610.67,36,12.24,small_business,2022-12-06,0.322,0,0
2333,1101,11631.54,60,15.84,credit_card,2022-12-06,0.397,0,0
2334,3365,5819.71,36,15.93,home_improvement,2022-12-06,0.373,0,0
2335,1347,6557.94,36,11.47,debt_consolidation,2022-12-06,0.543,1,0
2336,1441,5801.86,60,17.73,debt_consolidation,2022-12-07,0.25,1,0
2337,1432,4122.4,60,19.68,debt_consolidation,2022-12-07,0.188,1,0
2338,3267,14090.4,36,14.78,debt_consolidation,2022-12-07,0.502,0,0
2339,782,4356.39,36,15.34,credit_card,2022-12-07,0.418,1,1
2340,1691,11197.68,36,15.07,medical,2022-12-07,0.378,0,0
2341,1556,2170.09,36,16.81,debt_consolidation,2022-12-08,0.284,0,0
2342,1701,11434.31,60,16.07,home_improvement,2022-12-08,0.373,0,0
2343,3394,3964.6,36,13.93,credit_card,2022-12-08,0.49,0,0
2344,3336,4213.81,60,16.67,other,2022-12-08,0.221,1,0
2345,2410,4753.09,36,15.08,debt_consolidation,2022-12-09,0.259,0,0
2346,2403,7714.01,36,13.23,debt_consolidation,2022-12-09,0.245,1,0
2347,2004,13743.84,60,13.68,credit_card,2022-12-09,0.302,0,0
2348,1590,3082.92,60,16.16,debt_consolidation,2022-12-09,0.719,0,0
2349,1948,3799.46,60,16.84,small_business,2022-12-09,0.134,0,0
2350,1357,9895.05,36,16.04,debt_consolidation,2022-12-09,0.952,0,0
2351,3596,2213.25,60,16.97,debt_consolidation,2022-12-09,0.168,0,0
2352,1342,4213.56,60,17.72,other,2022-12-09,0.252,0,0
2353,402,2495.55,36,15.16,home_improvement,2022-12-10,0.223,0,0
2354,1267,3028.94,36,15.22,credit_card,2022-12-10,0.165,0,0
2355,1834,5995.16,36,14.57,credit_card,2022-12-10,0.329,0,0
2356,3653,7903.84,60,17.54,debt_consolidation,2022-12-10,0.265,3,0
2357,89,3168.18,36,17.84,small_business,2022-12-10,0.292,1,1
2358,1862,3208.24,36,9.03,debt_consolidation,2022-12-10,0.452,0,0
2359,994,21328.76,36,15.78,debt_consolidation,2022-12-10,0.96,0,0
2360,3654,7634.29,36,17.0,debt_consolidation,2022-12-11,0.315,0,0
2361,2314,4777.04,36,15.4,debt_consolidation,2022-12-11,0.661,0,0
2362,3180,18385.9,36,14.08,debt_consolidation,2022-12-11,0.507,1,0
2363,2720,14645.9,36,13.98,debt_consolidation,2022-12-11,0.329,0,0
2364,3012,5691.31,36,13.36,car,2022-12-12,0.237,0,0
2365,3772,4227.28,60,18.27,debt_consolidation,2022-12-12,0.481,1,0
2366,2628,8970.37,60,17.51,debt_consolidation,2022-12-12,0.4,0,0
2367,3980,11010.02,36,12.64,small_business,2022-12-12,0.296,0,0
2368,2828,13395.43,36,12.08,debt_consolidation,2022-12-12,1.103,0,0
2369,142,10623.46,36,13.4,debt_consolidation,2022-12-12,0.174,0,0
2370,3883,1956.64,60,12.91,credit_card,2022-12-12,0.32,0,0
2371,699,6471.62,36,16.45,debt_consolidation,2022-12-12,0.191,1,0
2372,3574,17977.53,36,17.86,medical,2022-12-13,0.468,0,0
2373,2153,3108.67,36,14.23,debt_consolidation,2022-12-13,0.38,1,0
2374,1134,7851.51,36,13.83,small_business,2022-12-13,0.542,0,0
2375,590,13360.68,36,13.08,car,2022-12-13,0.572,0,0
2376,900,3278.21,36,16.82,credit_card,2022-12-13,0.722,0,0
2377,2231,10600.36,36,12.94,car,2022-12-13,0.371,0,0
2378,1530,7858.0,36,14.09,credit_card,2022-12-14,0.342,0,0
2379,2779,2255.69,60,14.68,debt_consolidation,2022-12-14,0.364,1,0
2380,586,7434.45,60,12.31,home_improvement,2022-12-14,0.506,0,0
2381,1530,3339.7,36,14.93,medical,2022-12-14,0.257,0,0
2382,3532,7643.73,36,19.86,medical,2022-12-14,0.39,0,0
2383,2146,12263.6,60,14.49,small_business,2022-12-14,0.644,0,0
2384,1112,3977.09,36,15.85,debt_consolidation,2022-12-15,0.243,0,0
2385,809,20379.24,36,14.94,debt_consolidation,2022-12-15,0.833,0,0
2386,2124,6616.55,60,16.07,car,2022-12-15,0.337,0,0
2387,3214,3530.55,60,17.94,small_business,2022-12-15,0.211,0,0
2388,948,14180.05,36,9.41,debt_consolidation,2022-12-15,0.576,0,0
2389,2404,2696.75,60,18.4,home_improvement,2022-12-15,0.396,1,0
2390,2941,3196.18,36,16.77,credit_card,2022-12-15,0.258,0,0
2391,1340,7063.48,36,14.8,debt_consolidation,2022-12-16,0.225,0,0
2392,3380,5899.24,36,14.55,home_improvement,2022-12-16,0.183,0,0
2393,443,9550.03,60,15.76,car,2022-12-16,0.528,0,0
2394,3177,6210.97,60,15.52,debt_consolidation,2022-12-16,0.298,0,0
2395,3060,6556.36,36,14.46,small_business,2022-12-16,0.447,0,0
2396,1842,5752.79,36,14.49,debt_consolidation,2022-12-16,0.336,1,0
2397,802,22644.04,36,13.89,home_improvement,2022-12-16,0.415,0,0
2398,119,14543.03,60,16.46,small_business,2022-12-16,0.51,0,0
2399,3143,2227.42,36,19.63,small_business,2022-12-16,0.124,0,0
2400,2972,15042.56,60,14.63,home_improvement,2022-12-17,0.335,0,0
2401,34,17291.13,36,12.59,credit_card,2022-12-17,0.396,0,0
2402,1098,2986.67,60,11.5,credit_card,2022-12-17,0.368,0,0
2403,488,6949.09,60,17.95,other,2022-12-17,0.374,1,0
2404,422,6506.84,36,14.71,debt_consolidation,2022-12-17,0.184,0,0
2405,990,11479.33,36,14.16,medical,2022-12-17,0.45,1,0
2406,1985,1375.4,36,16.54,debt_consolidation,2022-12-17,0.593,1,1
2407,541,7312.1,36,12.38,credit_card,2022-12-18,0.293,0,0
2408,3370,18259.72,36,12.34,small_business,2022-12-18,0.556,0,0
2409,871,3957.89,36,14.68,debt_consolidation,2022-12-18,0.264,0,0
2410,3822,7285.54,60,15.35,debt_consolidation,2022-12-18,0.18,0,0
2411,3439,3527.23,36,17.21,home_improvement,2022-12-19,0.356,0,0
2412,552,4612.07,36,18.36,credit_card,2022-12-19,0.355,1,0
2413,3909,19957.84,36,18.91,debt_consolidation,2022-12-19,0.815,0,1
2414,1103,22651.4,60,17.91,debt_consolidation,2022-12-20,0.425,0,0
2415,1563,7055.87,36,14.58,medical,2022-12-20,0.263,0,0
2416,1420,12226.01,36,16.19,credit_card,2022-12-20,0.99,1,0
2417,3369,31019.97,36,13.51,debt_consolidation,2022-12-21,0.846,0,0
2418,3120,3516.51,36,14.38,debt_consolidation,2022-12-21,0.662,0,0
2419,255,8464.69,36,16.65,small_business,2022-12-21,0.502,2,0
2420,1532,2042.78,36,13.21,home_improvement,2022-12-21,0.16,0,0
2421,448,3751.45,36,15.33,medical,2022-12-21,0.265,0,0
2422,1284,6824.87,36,11.08,debt_consolidation,2022-12-21,0.304,1,0
2423,405,10621.0,36,9.68,credit_card,2022-12-22,0.398,0,0
2424,3160,10356.48,36,14.2,small_business,2022-12-22,0.688,0,0
2425,1492,4291.89,60,18.77,debt_consolidation,2022-12-22,0.432,0,0
2426,2589,7784.21,36,14.62,debt_consolidation,2022-12-22,0.267,0,0
2427,1697,7256.22,60,16.47,debt_consolidation,2022-12-22,0.427,0,0
2428,3297,1629.92,36,13.05,debt_consolidation,2022-12-22,0.548,0,0
2429,2222,2615.13,60,18.08,debt_consolidation,2022-12-22,0.595,0,0
2430,1304,40000.0,60,17.65,debt_consolidation,2022-12-22,0.549,0,0
2431,937,4902.61,36,11.52,credit_card,2022-12-22,0.135,0,1
2432,2121,5156.31,36,12.2,home_improvement,2022-12-23,0.341,0,0
2433,3535,8259.0,36,17.13,credit_card,2022-12-23,0.397,0,1
2434,1343,18941.17,36,14.78,credit_card,2022-12-23,0.421,0,0
2435,2302,10089.17,36,16.25,home_improvement,2022-12-23,0.419,0,0
2436,478,40000.0,60,17.8,credit_card,2022-12-23,1.418,0,0
2437,1903,4263.0,60,17.3,debt_consolidation,2022-12-23,0.342,0,0
2438,3873,14373.22,36,14.61,credit_card,2022-12-23,0.532,0,0
2439,306,8776.68,36,13.2,medical,2022-12-24,0.324,0,0
2440,403,12424.63,36,18.27,debt_consolidation,2022-12-24,0.758,0,0
2441,2349,15536.92,36,13.26,home_improvement,2022-12-24,0.819,0,0
2442,1122,3426.32,36,13.15,debt_consolidation,2022-12-24,0.182,0,0
2443,1526,9988.65,60,14.49,other,2022-12-24,0.882,0,0
2444,1798,7395.14,36,15.96,debt_consolidation,2022-12-24,0.636,0,0
2445,1782,1527.61,36,14.34,home_improvement,2022-12-24,0.243,1,0
2446,3532,10195.26,60,17.15,credit_card,2022-12-25,0.456,1,0
2447,1712,4813.89,36,17.64,debt_consolidation,2022-12-25,0.785,0,0
2448,2128,14061.68,60,12.11,debt_consolidation,2022-12-25,0.362,0,0
2449,1483,10196.82,36,12.13,debt_consolidation,2022-12-25,0.254,0,0
2450,3880,5723.74,36,14.79,debt_consolidation,2022-12-25,0.314,0,0
2451,3041,11555.61,36,11.63,debt_consolidation,2022-12-25,0.254,0,0
2452,3362,9226.77,36,16.15,debt_consolidation,2022-12-25,0.224,0,0
2453,152,8190.88,60,15.69,debt_consolidation,2022-12-26,0.295,0,0
2454,1085,22639.4,60,15.02,debt_consolidation,2022-12-26,0.524,0,0
2455,3915,2856.32,60,15.26,other,2022-12-26,0.37,0,0
2456,3615,4036.28,36,13.35,small_business,2022-12-26,0.38,0,0
2457,1261,2662.0,36,18.41,small_business,2022-12-27,0.192,0,0
2458,2850,3718.85,36,13.8,home_improvement,2022-12-27,0.196,0,0
2459,1989,19199.81,60,16.21,credit_card,2022-12-27,0.839,0,0
2460,3005,11371.23,36,14.87,small_business,2022-12-27,0.592,0,0
2461,1586,2281.17,36,11.05,home_improvement,2022-12-27,0.367,0,0
2462,1179,2705.33,36,15.92,credit_card,2022-12-27,0.882,0,1
2463,2147,8369.78,36,12.76,credit_card,2022-12-27,0.497,0,0
2464,2702,10792.06,36,14.02,debt_consolidation,2022-12-27,0.302,1,0
2465,3302,12342.89,36,14.26,debt_consolidation,2022-12-28,0.574,1,0
2466,2477,15137.49,36,13.52,debt_consolidation,2022-12-28,0.39,0,0
2467,2063,5129.12,36,15.04,debt_consolidation,2022-12-28,0.274,1,0
2468,767,12571.49,36,15.05,debt_consolidation,2022-12-28,1.001,1,0
2469,3109,15170.39,36,12.75,home_improvement,2022-12-28,0.487,0,0
2470,2391,21249.52,36,14.44,debt_consolidation,2022-12-29,0.699,0,0
2471,1352,4702.32,36,15.73,home_improvement,2022-12-29,0.198,0,0
2472,2522,7977.46,36,13.75,debt_consolidation,2022-12-29,0.63,0,0
2473,507,5899.2,60,18.84,debt_consolidation,2022-12-29,0.474,0,0
2474,3258,16800.71,60,14.49,debt_consolidation,2022-12-30,0.721,0,0
2475,3872,3221.24,36,13.95,credit_card,2022-12-30,0.584,0,0
2476,2151,9839.56,36,13.43,small_business,2022-12-30,0.387,0,0
2477,202,8441.99,36,17.77,home_improvement,2022-12-30,0.831,0,0
2478,3086,12668.25,60,17.56,debt_consolidation,2022-12-30,0.364,1,0
2479,2264,4087.72,36,15.92,home_improvement,2022-12-30,0.266,1,1
2480,846,4704.26,36,15.96,debt_consolidation,2022-12-31,0.193,0,0
2481,1807,13661.8,36,13.54,car,2022-12-31,0.862,0,0
2482,972,33778.85,60,15.25,credit_card,2022-12-31,1.835,0,0
2483,3767,5018.23,36,14.84,credit_card,2022-12-31,0.673,0,0
2484,3613,3448.48,36,17.02,debt_consolidation,2022-12-31,0.308,0,0
2485,3358,2205.01,60,16.89,debt_consolidation,2022-12-31,0.381,0,0
2486,3642,10373.18,36,15.66,medical,2022-12-31,0.286,0,0
2487,2780,14273.35,36,14.97,debt_consolidation,2022-12-31,0.426,0,0
2488,2498,8342.37,36,18.69,debt_consolidation,2022-12-31,0.207,1,0
2489,1456,7072.02,36,12.92,small_business,2022-12-31,0.188,0,0
2490,1425,25302.06,36,13.2,credit_card,2022-12-31,0.998,0,0
2491,2098,13611.73,36,15.48,credit_card,2022-12-31,0.653,1,0
2492,451,9352.68,36,17.63,car,2023-01-01,0.574,1,0
2493,3548,16217.02,60,16.92,debt_consolidation,2023-01-01,0.695,1,0
2494,361,5433.09,36,14.91,debt_consolidation,2023-01-01,0.173,0,0
2495,3847,2586.23,60,16.74,credit_card,2023-01-01,0.432,0,0
2496,2105,5764.77,36,12.72,credit_card,2023-01-01,0.258,0,0
2497,2565,5402.34,60,12.61,debt_consolidation,2023-01-01,0.414,0,0
2498,2689,6686.18,36,14.45,credit_card,2023-01-01,0.414,1,0
2499,1395,1585.06,36,13.69,debt_consolidation,2023-01-01,0.278,0,0
2500,2475,6624.05,36,16.36,debt_consolidation,2023-01-01,0.568,0,0
2501,2277,3038.02,60,15.17,debt_consolidation,2023-01-02,0.388,0,0
2502,2888,4428.92,36,16.77,credit_card,2023-01-02,0.719,1,1
2503,3712,6810.83,60,14.15,debt_consolidation,2023-01-02,0.472,0,0
2504,2921,3788.32,60,13.52,credit_card,2023-01-02,0.123,0,0
2505,3537,10142.69,36,13.58,home_improvement,2023-01-02,0.293,0,0
2506,3247,21073.46,36,13.97,credit_card,2023-01-02,1.165,0,0
2507,969,3694.65,36,13.21,credit_card,2023-01-02,0.227,1,0
2508,2590,7929.18,60,14.53,debt_consolidation,2023-01-03,0.224,0,0
2509,131,11274.42,36,14.23,small_business,2023-01-03,0.734,0,0
2510,3687,18404.56,60,14.01,debt_consolidation,2023-01-03,0.584,0,0
2511,1931,8522.33,36,16.46,credit_card,2023-01-03,0.359,0,0
2512,437,5602.38,36,14.6,car,2023-01-03,0.376,0,0
2513,1067,6647.54,60,13.76,home_improvement,2023-01-03,0.456,0,0
2514,1397,11163.95,60,14.26,medical,2023-01-03,0.436,1,0
2515,2372,13824.49,60,14.6,credit_card,2023-01-03,0.437,0,0
2516,216,3390.49,60,18.37,home_improvement,2023-01-03,0.141,1,0
2517,1597,1407.67,60,15.35,medical,2023-01-03,0.154,1,0
2518,1495,18667.12,60,16.09,medical,2023-01-03,0.874,0,0
2519,1956,11250.76,36,14.56,home_improvement,2023-01-03,0.336,0,0
2520,1538,4403.82,36,17.97,debt_consolidation,2023-01-03,0.849,1,0
2521,3006,9446.0,36,13.08,car,2023-01-03,0.465,0,0
2522,39,11704.37,60,18.09,home_improvement,2023-01-04,0.649,0,0
2523,2723,8618.15,36,15.09,home_improvement,2023-01-05,0.583,0,0
2524,179,14869.98,36,18.17,small_business,2023-01-05,0.867,2,1
2525,813,5016.81,36,14.28,home_improvement,2023-01-05,0.328,0,0
2526,99,9781.65,36,14.23,medical,2023-01-05,0.452,0,0
2527,651,2600.86,36,14.05,credit_card,2023-01-05,0.386,0,0
2528,60,2709.47,36,14.74,debt_consolidation,2023-01-05,0.605,0,0
2529,3026,27556.99,60,15.22,credit_card,2023-01-06,0.376,0,0
2530,2654,7463.8,36,16.94,debt_consolidation,2023-01-06,0.429,0,0
2531,2832,7517.73,36,14.95,credit_card,2023-01-06,0.153,0,0
2532,627,6085.45,36,16.89,small_business,2023-01-06,0.279,1,0
2533,71,36431.35,60,15.11,debt_consolidation,2023-01-06,1.044,0,0
2534,1600,13085.64,36,13.18,debt_consolidation,2023-01-06,0.382,0,0
2535,3578,3765.31,36,13.77,car,2023-01-06,0.203,0,0
2536,1426,6467.93,36,16.61,debt_consolidation,2023-01-07,0.577,1,0
2537,2928,27363.59,36,16.01,credit_card,2023-01-07,0.818,0,0
2538,1008,5665.18,36,13.11,small_business,2023-01-07,0.384,1,0
2539,404,3253.86,36,15.02,home_improvement,2023-01-07,0.489,0,0
2540,2933,2908.07,36,15.09,debt_consolidation,2023-01-07,0.497,1,0
2541,3659,14581.41,36,13.81,medical,2023-01-07,0.477,0,0
2542,1212,11960.34,60,17.47,small_business,2023-01-07,0.336,0,0
2543,2502,17969.93,60,11.99,small_business,2023-01-07,0.483,0,0
2544,2964,7166.27,36,16.98,small_business,2023-01-07,0.261,0,0
2545,623,6769.94,60,17.59,small_business,2023-01-07,0.278,0,0
2546,3040,23851.75,36,18.54,credit_card,2023-01-07,1.073,1,0
2547,1514,4050.62,36,12.87,debt_consolidation,2023-01-07,0.263,0,0
2548,231,15379.9,36,15.35,debt_consolidation,2023-01-08,0.435,0,0
2549,329,8842.8,36,15.56,credit_card,2023-01-08,0.313,0,0
2550,1392,3052.37,36,17.12,home_improvement,2023-01-08,0.265,0,0
2551,1694,5052.08,36,11.66,home_improvement,2023-01-08,0.117,0,0
2552,282,4895.22,36,15.02,debt_consolidation,2023-01-08,0.76,1,0
2553,894,7478.44,36,19.26,debt_consolidation,2023-01-09,0.469,2,1
2554,3761,21060.46,36,12.27,credit_card,2023-01-09,0.659,0,0
2555,716,4884.03,36,12.47,debt_consolidation,2023-01-09,0.109,0,0
2556,205,14635.68,36,16.87,debt_consolidation,2023-01-09,0.39,0,0
2557,3236,2415.24,60,16.38,other,2023-01-09,0.071,0,0
2558,3071,9533.74,60,11.96,home_improvement,2023-01-09,0.885,0,0
2559,536,14653.61,36,14.84,small_business,2023-01-09,0.298,0,0
2560,3049,3662.35,36,13.07,home_improvement,2023-01-10,0.099,0,0
2561,3111,8045.91,36,16.26,car,2023-01-10,0.587,0,0
2562,3791,17830.7,60,19.23,credit_card,2023-01-10,0.688,1,0
2563,3137,3556.65,60,16.85,small_business,2023-01-10,0.543,1,0
2564,164,5761.93,60,19.22,debt_consolidation,2023-01-10,0.84,0,0
2565,2861,29441.6,36,15.52,debt_consolidation,2023-01-10,1.104,0,0
2566,3953,5911.67,36,15.47,debt_consolidation,2023-01-10,0.455,1,0
2567,1586,7480.45,36,12.3,home_improvement,2023-01-10,0.456,0,0
2568,238,2678.08,36,14.0,credit_card,2023-01-10,0.49,0,0
2569,2805,7365.84,36,13.23,debt_consolidation,2023-01-10,0.614,1,0
2570,2861,4871.48,36,16.61,home_improvement,2023-01-10,0.648,0,0
2571,3066,4454.3,36,13.41,debt_consolidation,2023-01-10,0.29,0,0
2572,691,9036.0,36,16.97,small_business,2023-01-11,0.407,1,0
2573,2490,5936.05,36,13.59,debt_consolidation,2023-01-11,0.516,0,0
2574,1629,1498.68,60,16.34,credit_card,2023-01-11,0.527,0,0
2575,1421,17504.41,36,10.72,debt_consolidation,2023-01-11,0.442,0,0
2576,1066,8445.84,36,10.94,debt_consolidation,2023-01-11,0.275,0,0
2577,1623,6586.19,36,14.63,debt_consolidation,2023-01-12,0.614,0,0
2578,2933,40000.0,36,15.68,debt_consolidation,2023-01-12,1.143,0,0
2579,3844,6486.19,36,14.58,debt_consolidation,2023-01-12,0.255,0,0
2580,1204,5800.71,60,17.05,car,2023-01-12,0.392,0,1
2581,3015,22639.04,36,15.44,medical,2023-01-12,0.786,0,0
2582,3012,8464.65,36,11.16,debt_consolidation,2023-01-12,0.306,0,0
2583,407,5450.59,60,13.99,other,2023-01-12,0.502,0,0
2584,3097,17956.21,36,14.59,credit_card,2023-01-12,0.748,0,0
2585,1909,24824.01,36,13.54,debt_consolidation,2023-01-12,0.649,0,0
2586,3853,15148.72,60,13.34,credit_card,2023-01-12,0.36,0,0
2587,2695,15562.86,36,14.15,credit_card,2023-01-13,0.579,0,0
2588,2157,5476.37,60,16.75,home_improvement,2023-01-13,0.541,1,0
2589,3250,11208.43,60,13.44,debt_consolidation,2023-01-13,0.708,0,0
2590,3087,5019.86,36,15.99,car,2023-01-13,0.508,0,0
2591,2245,9583.75,36,9.98,other,2023-01-13,0.498,0,0
2592,628,5756.53,60,13.95,debt_consolidation,2023-01-13,0.337,0,0
2593,685,16769.86,36,14.49,car,2023-01-13,1.158,0,0
2594,1775,15750.45,36,16.52,car,2023-01-14,0.932,0,0
2595,988,14262.62,36,17.73,debt_consolidation,2023-01-14,0.558,1,0
2596,2005,6045.19,36,15.36,credit_card,2023-01-14,0.614,0,0
2597,2282,2647.06,60,13.69,credit_card,2023-01-14,0.21,0,0
2598,1097,4223.88,36,12.58,small_business,2023-01-14,0.485,0,0
2599,2030,10266.4,60,16.18,credit_card,2023-01-14,1.204,0,0
2600,2501,6388.5,36,14.0,medical,2023-01-14,0.413,0,0
2601,3732,10229.73,36,13.86,credit_card,2023-01-14,0.329,0,0
2602,1588,5864.82,36,15.1,debt_consolidation,2023-01-15,0.241,1,1
2603,1493,11293.55,60,16.75,debt_consolidation,2023-01-15,0.494,0,0
2604,1547,2509.92,60,15.96,debt_consolidation,2023-01-15,0.278,0,0
2605,2846,4829.97,36,16.92,home_improvement,2023-01-15,0.277,0,0
2606,2795,6505.53,36,16.32,medical,2023-01-16,0.449,0,0
2607,2315,26801.24,60,18.13,home_improvement,2023-01-16,0.379,0,0
2608,513,3288.35,60,16.02,credit_card,2023-01-16,0.452,1,0
2609,2601,6864.93,36,14.2,debt_consolidation,2023-01-16,0.515,0,0
2610,2841,37043.64,36,12.68,car,2023-01-16,0.549,0,0
2611,3337,10701.03,60,17.71,debt_consolidation,2023-01-16,0.298,1,0
2612,2422,19059.9,36,15.86,small_business,2023-01-16,0.385,0,0
2613,1848,11686.61,36,13.08,credit_card,2023-01-16,0.193,0,0
2614,3842,19713.66,36,11.87,debt_consolidation,2023-01-16,1.774,0,0
2615,2843,3746.3,60,13.59,debt_consolidation,2023-01-16,0.097,0,0
2616,1634,8643.1,60,17.36,car,2023-01-17,0.214,0,0
2617,3595,7014.67,60,19.4,home_improvement,2023-01-17,0.512,0,0
2618,1011,12620.85,36,16.14,credit_card,2023-01-17,0.86,0,0
2619,2855,6705.44,36,16.69,home_improvement,2023-01-17,0.487,0,0
2620,1803,5244.59,36,13.37,other,2023-01-17,0.748,0,0
2621,744,4064.98,36,12.95,debt_consolidation,2023-01-17,0.505,0,0
2622,548,16118.88,60,15.47,credit_card,2023-01-17,0.469,0,0
2623,856,2992.84,60,19.35,credit_card,2023-01-17,0.254,0,0
2624,3388,16685.36,60,15.71,small_business,2023-01-17,0.353,0,0
2625,298,23821.25,60,16.13,small_business,2023-01-17,0.867,0,0
2626,3806,4340.56,60,16.84,debt_consolidation,2023-01-18,0.308,0,0
2627,3355,14092.96,60,18.82,car,2023-01-18,0.292,1,0
2628,2356,23117.25,36,19.64,credit_card,2023-01-18,0.718,0,0
2629,2400,4303.01,36,13.43,small_business,2023-01-18,0.091,0,0
2630,16,10503.22,36,17.88,credit_card,2023-01-18,0.449,0,0
2631,993,12510.91,60,18.26,debt_consolidation,2023-01-18,0.632,0,1
2632,1804,10447.0,36,11.29,home_improvement,2023-01-18,0.558,1,0
2633,3949,8510.62,60,15.69,credit_card,2023-01-18,0.618,0,0
2634,1813,6660.61,60,13.58,credit_card,2023-01-18,0.324,1,0
2635,2988,5140.25,36,11.92,debt_consolidation,2023-01-18,0.344,0,0
2636,3932,8852.2,36,14.72,debt_consolidation,2023-01-18,0.48,0,0
2637,3057,7719.11,60,17.4,debt_consolidation,2023-01-19,0.11,1,0
2638,1610,4373.79,60,15.69,medical,2023-01-19,0.22,2,1
2639,2355,32803.28,60,16.62,home_improvement,2023-01-19,0.453,0,0
2640,1596,11790.3,60,18.15,debt_consolidation,2023-01-19,0.356,0,0
2641,408,12121.35,60,13.4,car,2023-01-19,0.405,0,0
2642,3481,9178.87,60,17.42,credit_card,2023-01-19,0.221,0,0
2643,10,11182.11,36,15.56,credit_card,2023-01-19,0.286,0,0
2644,3076,4643.63,36,11.86,other,2023-01-19,0.532,0,0
2645,1113,27007.75,36,11.21,other,2023-01-19,1.006,0,1
2646,252,4491.35,36,8.26,medical,2023-01-19,0.439,0,0
2647,1688,1614.82,36,12.96,debt_consolidation,2023-01-20,0.164,0,0
2648,705,7258.08,36,16.47,credit_card,2023-01-20,0.343,1,0
2649,2997,7860.99,60,18.44,credit_card,2023-01-20,0.363,0,0
2650,1324,8819.72,60,15.58,debt_consolidation,2023-01-20,0.396,0,0
2651,1134,5512.06,60,15.49,other,2023-01-20,0.457,0,0
2652,3688,4525.42,36,15.0,small_business,2023-01-20,0.311,0,0
2653,1102,15832.49,36,11.94,medical,2023-01-20,0.445,0,0
2654,249,6195.15,36,16.3,debt_consolidation,2023-01-21,0.484,1,0
2655,254,38888.91,36,13.6,debt_consolidation,2023-01-21,2.329,0,0
2656,1761,25698.53,36,11.46,car,2023-01-21,0.4,0,0
2657,2686,6309.48,36,14.53,home_improvement,2023-01-21,0.526,0,0
2658,3162,4990.02,36,14.76,medical,2023-01-21,0.748,0,0
2659,1428,3194.95,36,14.24,medical,2023-01-21,0.403,0,0
2660,2096,11613.41,36,14.87,home_improvement,2023-01-21,0.575,0,0
2661,1962,3526.34,60,17.62,car,2023-01-21,0.479,0,0
2662,3165,16138.38,36,12.69,credit_card,2023-01-22,0.842,0,0
2663,3664,5273.56,60,18.24,debt_consolidation,2023-01-22,0.402,0,0
2664,254,4442.14,36,14.75,credit_card,2023-01-22,0.736,0,0
2665,277,21677.99,36,14.33,debt_consolidation,2023-01-22,0.66,0,0
2666,935,40000.0,36,10.63,debt_consolidation,2023-01-22,1.182,1,0
2667,302,6732.89,36,15.81,debt_consolidation,2023-01-23,0.581,0,0
2668,3472,11276.58,36,14.7,debt_consolidation,2023-01-23,0.544,0,0
2669,204,10077.26,36,11.09,home_improvement,2023-01-23,0.321,0,0
2670,664,22868.36,36,15.53,debt_consolidation,2023-01-23,1.023,0,0
2671,1863,3954.97,36,17.43,debt_consolidation,2023-01-23,0.337,1,1
2672,820,5536.32,36,11.33,debt_consolidation,2023-01-23,0.498,0,1
2673,1371,20536.01,60,14.94,credit_card,2023-01-23,0.752,0,0
2674,3065,8074.48,60,16.64,car,2023-01-23,0.288,0,0
2675,3435,3893.69,60,14.35,debt_consolidation,2023-01-24,0.195,0,0
2676,784,14857.49,36,14.06,debt_consolidation,2023-01-24,0.443,0,0
2677,178,8643.73,60,13.83,credit_card,2023-01-24,0.339,0,0
2678,857,5597.85,36,15.65,debt_consolidation,2023-01-25,0.645,0,0
2679,70,2911.44,60,19.95,small_business,2023-01-25,0.316,0,0
2680,134,3620.95,36,13.91,credit_card,2023-01-25,0.117,0,0
2681,1585,4095.05,60,19.5,debt_consolidation,2023-01-25,0.721,1,0
2682,3811,16294.61,36,12.94,home_improvement,2023-01-25,0.332,0,0
2683,2269,8072.44,60,14.56,debt_consolidation,2023-01-25,0.22,0,0
2684,2174,26391.28,36,13.8,debt_consolidation,2023-01-25,0.944,0,0
2685,1474,5277.26,36,15.97,medical,2023-01-25,0.305,1,0
2686,3217,23201.28,36,13.45,debt_consolidation,2023-01-26,1.072,0,0
2687,1003,8148.6,36,15.13,home_improvement,2023-01-26,0.437,1,0
2688,1959,4399.35,60,16.32,car,2023-01-26,0.491,0,0
2689,2847,10630.46,36,16.81,small_business,2023-01-26,0.249,0,0
2690,3743,21092.57,36,16.41,debt_consolidation,2023-01-26,1.22,2,0
2691,2477,36587.11,36,16.08,debt_consolidation,2023-01-26,0.796,0,0
2692,3174,5553.67,36,14.21,credit_card,2023-01-26,0.367,0,0
2693,2,11402.97,36,16.65,debt_consolidation,2023-01-26,0.597,0,0
2694,2679,13378.05,36,18.15,debt_consolidation,2023-01-26,0.249,0,0
2695,68,32708.17,36,13.73,medical,2023-01-26,0.81,0,0
2696,2749,6282.2,36,17.9,debt_consolidation,2023-01-26,0.613,0,1
2697,248,25040.05,36,14.82,small_business,2023-01-27,0.486,0,1
2698,2446,3304.5,60,14.11,car,2023-01-27,0.27,0,0
2699,3718,9991.71,36,14.43,debt_consolidation,2023-01-27,0.231,0,1
2700,3802,11407.5,60,14.05,credit_card,2023-01-27,0.534,0,0
2701,1795,4064.02,36,15.75,debt_consolidation,2023-01-27,0.279,0,0
2702,2333,20075.94,36,12.64,credit_card,2023-01-27,0.5,0,0
2703,3968,6909.77,36,15.8,debt_consolidation,2023-01-27,0.314,0,0
2704,2375,3385.08,36,14.24,debt_consolidation,2023-01-27,0.208,1,0
2705,1193,7974.21,60,16.47,debt_consolidation,2023-01-27,0.503,0,0
2706,19,4075.76,36,16.09,debt_consolidation,2023-01-27,0.303,1,0
2707,3864,4709.61,36,14.56,credit_card,2023-01-27,0.368,0,0
2708,2699,10341.66,36,14.0,car,2023-01-28,0.675,0,0
2709,1461,17066.74,36,14.29,car,2023-01-28,0.504,0,0
2710,3490,16021.64,36,14.04,home_improvement,2023-01-28,0.587,0,0
2711,1938,5133.56,36,12.08,debt_consolidation,2023-01-28,0.463,0,0
2712,682,4878.52,36,14.15,home_improvement,2023-01-28,0.395,0,0
2713,273,10857.58,36,11.45,medical,2023-01-28,0.614,0,0
2714,1896,17257.55,36,13.09,debt_consolidation,2023-01-28,0.734,1,0
2715,2977,5142.97,36,12.38,debt_consolidation,2023-01-28,0.391,0,0
2716,2305,20337.88,36,14.63,debt_consolidation,2023-01-28,0.864,0,0
2717,2646,7112.73,36,10.35,medical,2023-01-28,0.321,0,0
2718,1091,7407.0,60,16.6,home_improvement,2023-01-29,0.355,0,0
2719,2050,15546.46,36,16.62,small_business,2023-01-29,0.642,1,1
2720,970,12965.03,36,13.19,debt_consolidation,2023-01-29,0.359,0,0
2721,807,11576.18,60,17.85,debt_consolidation,2023-01-29,0.203,0,0
2722,11,6141.0,36,15.82,car,2023-01-29,0.191,0,0
2723,1722,6719.86,36,8.82,debt_consolidation,2023-01-29,0.618,0,0
2724,3019,22318.39,36,13.76,medical,2023-01-29,0.916,0,0
2725,617,7632.9,36,14.35,debt_consolidation,2023-01-29,0.756,0,0
2726,140,3610.14,36,23.08,debt_consolidation,2023-01-29,0.286,1,1
2727,285,10293.52,60,17.38,car,2023-01-29,0.315,0,0
2728,2002,3954.22,36,17.16,debt_consolidation,2023-01-29,0.126,0,0
2729,3934,26944.22,60,19.11,debt_consolidation,2023-01-30,0.936,1,0
2730,3923,16381.28,36,10.07,small_business,2023-01-30,0.751,0,0
2731,2963,6023.46,60,17.73,debt_consolidation,2023-01-30,0.699,1,0
2732,3782,2989.39,60,14.8,debt_consolidation,2023-01-30,0.538,0,0
2733,2903,2708.27,36,16.98,car,2023-01-30,0.749,0,0
2734,3456,7237.41,60,16.99,small_business,2023-01-30,0.267,0,1
2735,3363,7672.9,60,18.66,home_improvement,2023-01-31,0.361,1,0
2736,2524,2129.79,36,15.95,other,2023-01-31,0.616,1,0
2737,2235,6730.82,36,14.51,credit_card,2023-01-31,0.357,0,0
2738,3138,2169.25,36,13.91,credit_card,2023-01-31,0.238,1,0
2739,3433,11548.91,36,11.12,debt_consolidation,2023-01-31,0.311,0,0
2740,3950,13697.46,36,14.35,credit_card,2023-02-01,0.557,0,0
2741,2859,40000.0,60,11.64,credit_card,2023-02-01,0.867,0,0
2742,514,12545.28,36,12.29,debt_consolidation,2023-02-01,0.9,0,0
2743,1048,5423.77,36,16.5,home_improvement,2023-02-01,0.497,0,0
2744,3276,6791.57,36,15.54,small_business,2023-02-01,0.295,1,0
2745,1211,7155.79,36,15.21,debt_consolidation,2023-02-01,0.499,0,0
2746,1753,5551.39,60,16.51,home_improvement,2023-02-02,0.581,1,0
2747,2637,11479.55,36,15.68,home_improvement,2023-02-02,0.563,1,0
2748,2587,3468.32,60,18.57,home_improvement,2023-02-02,0.417,0,0
2749,475,7039.35,36,16.03,small_business,2023-02-02,0.563,0,0
2750,2350,11616.45,36,14.97,credit_card,2023-02-02,0.657,2,0
2751,59,14211.39,36,15.34,small_business,2023-02-03,0.731,0,0
2752,895,9691.67,36,12.46,debt_consolidation,2023-02-03,0.321,0,0
2753,2424,5295.72,60,17.45,home_improvement,2023-02-03,0.357,0,0
2754,1276,11133.18,36,14.96,small_business,2023-02-03,0.765,0,0
2755,1236,6305.04,36,14.14,home_improvement,2023-02-04,0.212,0,0
2756,2707,17146.08,36,15.93,credit_card,2023-02-04,0.691,0,0
2757,2291,2890.88,36,19.68,home_improvement,2023-02-04,0.204,1,0
2758,1864,5879.05,60,20.16,debt_consolidation,2023-02-04,0.511,0,1
2759,695,4535.99,36,16.73,debt_consolidation,2023-02-04,0.617,0,1
2760,795,4162.19,36,10.5,car,2023-02-04,0.242,0,0
2761,791,37715.43,36,17.84,medical,2023-02-04,1.885,0,0
2762,37,7783.14,36,15.08,medical,2023-02-04,0.261,0,0
2763,858,8473.35,60,14.88,debt_consolidation,2023-02-04,0.6,0,0
2764,186,3624.03,36,13.0,medical,2023-02-04,0.08,0,0
2765,971,3084.37,36,14.74,credit_card,2023-02-04,0.174,0,0
2766,1630,6008.83,60,14.51,other,2023-02-04,0.251,0,0
2767,3403,5014.27,36,13.98,car,2023-02-05,0.449,0,0
2768,1820,5628.68,60,15.27,debt_consolidation,2023-02-05,0.223,1,0
2769,3562,7526.08,36,13.3,small_business,2023-02-05,0.365,1,1
2770,3431,8973.19,36,14.6,debt_consolidation,2023-02-05,0.507,0,0
2771,1469,8045.28,36,11.63,debt_consolidation,2023-02-05,0.422,0,0
2772,3014,2655.78,36,14.95,debt_consolidation,2023-02-05,0.598,0,0
2773,1795,17724.28,36,15.59,debt_consolidation,2023-02-05,0.693,0,0
2774,2231,13076.28,36,14.13,car,2023-02-05,0.417,0,0
2775,1106,9325.23,36,16.84,debt_consolidation,2023-02-06,0.564,0,0
2776,3238,18907.92,36,12.97,debt_consolidation,2023-02-06,0.545,0,0
2777,1492,8990.3,36,13.85,credit_card,2023-02-06,0.713,0,0
2778,3006,5029.01,36,14.43,other,2023-02-06,0.408,0,0
2779,1231,6789.34,36,11.67,credit_card,2023-02-06,0.6,0,0
2780,1940,5183.26,60,18.63,home_improvement,2023-02-06,0.505,1,1
2781,3342,6394.86,60,16.0,car,2023-02-07,0.287,0,0
2782,1970,7821.61,60,15.02,credit_card,2023-02-07,0.724,0,0
2783,474,7983.2,36,10.8,small_business,2023-02-07,0.356,0,0
2784,555,4474.1,36,14.16,car,2023-02-07,0.328,0,0
2785,552,5356.47,60,16.33,credit_card,2023-02-07,0.374,0,0
2786,1649,4720.3,60,16.34,home_improvement,2023-02-07,0.51,0,0
2787,2096,1564.75,36,11.99,credit_card,2023-02-07,0.463,1,0
2788,787,17903.03,36,15.36,credit_card,2023-02-07,0.839,0,0
2789,862,20648.16,36,15.36,home_improvement,2023-02-08,0.546,0,0
2790,704,36651.92,36,16.52,debt_consolidation,2023-02-08,0.946,1,0
2791,1061,12304.29,60,14.86,small_business,2023-02-08,0.495,0,1
2792,2105,22257.22,36,13.38,other,2023-02-08,0.52,0,0
2793,728,13948.96,36,17.33,debt_consolidation,2023-02-09,0.678,1,1
2794,688,17718.41,36,14.82,small_business,2023-02-09,0.962,0,0
2795,419,7741.91,36,15.26,home_improvement,2023-02-09,0.213,0,0
2796,3489,11599.99,60,17.01,debt_consolidation,2023-02-09,0.423,1,1
2797,3571,1669.31,36,20.27,car,2023-02-09,0.405,1,0
2798,1270,5502.64,36,15.0,car,2023-02-09,0.513,0,0
2799,3813,10526.25,60,14.85,medical,2023-02-09,0.471,2,0
2800,2169,2119.69,60,18.6,debt_consolidation,2023-02-09,0.436,0,0
2801,1044,3547.56,60,20.05,debt_consolidation,2023-02-09,0.282,0,1
2802,465,13806.29,36,12.5,car,2023-02-09,0.591,0,0
2803,3670,11780.67,36,11.52,home_improvement,2023-02-09,0.451,0,0
2804,1496,18722.83,60,14.37,home_improvement,2023-02-10,0.648,0,0
2805,1583,4700.22,36,16.61,home_improvement,2023-02-10,0.574,0,0
2806,1058,20315.38,36,15.08,debt_consolidation,2023-02-10,0.679,0,0
2807,3423,19556.72,60,14.85,small_business,2023-02-10,0.462,0,0
2808,1194,8426.44,60,15.39,home_improvement,2023-02-10,0.661,0,0
2809,2879,11640.94,60,17.28,debt_consolidation,2023-02-10,0.563,0,0
2810,2476,12302.33,36,15.41,debt_consolidation,2023-02-10,0.702,0,0
2811,680,6496.36,36,18.43,car,2023-02-10,0.266,1,0
2812,250,40000.0,36,14.3,debt_consolidation,2023-02-10,0.655,0,0
2813,2144,7505.06,36,15.5,home_improvement,2023-02-11,0.504,0,1
2814,616,12480.09,36,10.39,debt_consolidation,2023-02-11,0.658,0,0
2815,605,10684.15,36,14.99,credit_card,2023-02-11,0.68,0,0
2816,1402,2499.52,36,19.29,credit_card,2023-02-11,0.487,1,0
2817,416,3071.9,36,15.11,other,2023-02-11,0.341,1,0
2818,3071,9490.27,36,11.24,credit_card,2023-02-11,0.884,0,0
2819,3068,4635.39,60,16.49,car,2023-02-11,0.379,0,0
2820,3312,14592.45,60,13.32,small_business,2023-02-11,0.248,0,0
2821,1604,12008.0,36,15.16,small_business,2023-02-11,0.679,0,0
2822,2765,9737.77,60,15.34,medical,2023-02-12,0.331,0,0
2823,3845,5659.84,36,13.33,car,2023-02-12,0.221,0,0
2824,1969,9873.69,36,14.41,car,2023-02-12,0.38,0,0
2825,1615,3164.42,36,14.77,debt_consolidation,2023-02-12,0.348,1,0
2826,3662,11890.19,36,17.9,home_improvement,2023-02-12,0.377,0,0
2827,3433,17875.75,36,11.07,debt_consolidation,2023-02-12,0.368,0,0
2828,1987,10587.56,36,13.63,small_business,2023-02-12,0.274,0,0
2829,2671,6955.49,36,16.22,small_business,2023-02-12,0.321,1,0
2830,3001,2213.74,36,16.04,small_business,2023-02-12,0.428,0,0
2831,3382,30046.89,36,15.91,debt_consolidation,2023-02-12,0.903,0,0
2832,352,19453.88,36,11.25,other,2023-02-12,0.816,0,0
2833,490,18762.68,36,19.93,debt_consolidation,2023-02-12,0.843,0,1
2834,2595,9989.15,36,13.92,home_improvement,2023-02-12,0.481,0,0
2835,2525,26499.62,36,11.59,home_improvement,2023-02-12,0.527,0,0
2836,3722,5729.46,36,13.59,debt_consolidation,2023-02-12,0.428,0,0
2837,1270,27904.73,60,17.31,credit_card,2023-02-13,1.116,0,0
2838,3485,4434.66,36,17.31,credit_card,2023-02-13,0.415,0,0
2839,3336,11076.74,60,15.64,credit_card,2023-02-13,0.286,0,0
2840,3247,4171.47,36,13.51,debt_consolidation,2023-02-13,0.564,0,0
2841,1989,3154.74,36,13.54,home_improvement,2023-02-13,0.569,0,0
2842,1245,18785.3,60,17.35,home_improvement,2023-02-13,0.759,0,0
2843,1374,3791.92,36,16.16,debt_consolidation,2023-02-13,0.169,1,0
2844,3917,40000.0,36,13.89,home_improvement,2023-02-13,1.671,0,0
2845,2911,10335.43,36,11.77,small_business,2023-02-13,0.23,0,0
2846,3049,2522.47,60,15.49,debt_consolidation,2023-02-14,0.081,0,0
2847,1813,17605.38,36,15.54,small_business,2023-02-14,0.476,0,1
2848,3098,4853.71,36,14.33,medical,2023-02-14,0.235,0,0
2849,3851,2140.93,36,12.68,credit_card,2023-02-14,0.092,0,0
2850,314,12186.56,60,16.55,debt_consolidation,2023-02-14,0.535,0,0
2851,1250,7725.88,60,18.48,other,2023-02-14,0.286,0,0
2852,663,2574.16,36,14.05,other,2023-02-14,0.286,0,1
2853,1818,3591.63,36,13.95,debt_consolidation,2023-02-14,0.248,0,0
2854,2129,3622.84,36,12.36,debt_consolidation,2023-02-14,0.348,0,0
2855,892,13653.64,36,18.83,debt_consolidation,2023-02-14,0.798,1,0
2856,3536,7714.2,36,15.71,small_business,2023-02-14,0.674,1,0
2857,1506,5125.44,36,11.11,small_business,2023-02-14,0.668,0,0
2858,1763,3143.7,36,14.39,medical,2023-02-14,0.277,0,0
2859,2262,2103.94,36,12.56,home_improvement,2023-02-15,0.058,1,0
2860,3343,22794.74,60,14.11,credit_card,2023-02-15,0.724,0,0
2861,1285,5875.83,60,17.72,debt_consolidation,2023-02-15,0.397,0,0
2862,2639,9323.56,36,17.67,debt_consolidation,2023-02-15,0.6,0,0
2863,2395,8250.03,60,16.28,home_improvement,2023-02-15,0.29,0,0
2864,111,7040.62,36,15.37,credit_card,2023-02-16,0.588,0,1
2865,1841,9177.49,36,19.4,home_improvement,2023-02-16,0.324,0,0
2866,3797,6770.07,60,19.29,debt_consolidation,2023-02-16,0.331,0,0
2867,3104,7411.08,36,15.23,home_improvement,2023-02-16,0.728,0,0
2868,3342,5972.83,60,17.74,debt_consolidation,2023-02-16,0.282,0,0
2869,2585,7369.67,36,15.13,small_business,2023-02-17,0.427,0,0
2870,1016,15928.03,36,12.87,home_improvement,2023-02-17,0.583,1,0
2871,1448,2619.66,60,14.7,small_business,2023-02-17,0.174,0,0
2872,2184,24265.02,36,15.35,debt_consolidation,2023-02-17,0.705,0,0
2873,2433,2013.36,36,11.04,credit_card,2023-02-17,0.285,0,0
2874,3687,4713.03,36,16.08,credit_card,2023-02-17,0.36,0,0
2875,2357,9633.86,36,15.85,debt_consolidation,2023-02-17,0.693,0,0
2876,1175,5432.26,36,15.48,home_improvement,2023-02-18,0.188,0,0
2877,2930,4845.28,60,19.03,other,2023-02-18,0.111,0,0
2878,3945,4904.83,60,15.21,debt_consolidation,2023-02-18,0.517,0,0
2879,1871,6221.38,36,13.15,credit_card,2023-02-18,0.341,0,0
2880,378,2977.02,36,13.39,debt_consolidation,2023-02-19,0.167,0,0
2881,3824,5896.57,36,13.44,debt_consolidation,2023-02-19,0.55,0,0
2882,1687,18763.84,60,11.77,home_improvement,2023-02-19,0.28,0,0
2883,1500,11357.29,60,20.42,debt_consolidation,2023-02-19,0.664,0,0
2884,2411,4522.64,36,10.79,medical,2023-02-19,0.288,0,0
2885,3454,16770.9,36,12.18,home_improvement,2023-02-20,1.362,0,0
2886,1931,7829.65,36,12.72,small_business,2023-02-20,0.35,0,0
2887,1664,4022.38,60,16.92,credit_card,2023-02-20,0.26,0,0
2888,1238,4284.99,36,17.55,debt_consolidation,2023-02-20,0.214,0,0
2889,1760,13114.75,36,12.73,debt_consolidation,2023-02-20,1.016,0,0
2890,2595,12155.73,36,13.52,home_improvement,2023-02-20,0.535,0,0
2891,2226,13273.35,60,18.1,debt_consolidation,2023-02-20,0.394,0,0
2892,1489,4017.25,36,14.39,home_improvement,2023-02-21,0.295,0,0
2893,1781,29557.35,36,12.84,debt_consolidation,2023-02-21,1.233,0,0
2894,2994,11137.04,36,11.17,home_improvement,2023-02-21,0.364,1,0
2895,1490,3910.17,60,13.6,debt_consolidation,2023-02-21,0.322,0,0
2896,1489,29416.7,60,14.94,other,2023-02-21,1.063,0,0
2897,721,2640.31,36,15.98,small_business,2023-02-21,0.397,0,0
2898,1903,3785.56,36,13.71,debt_consolidation,2023-02-21,0.333,0,0
2899,3213,4702.91,36,12.38,debt_consolidation,2023-02-21,0.14,0,0
2900,243,18095.87,60,17.71,credit_card,2023-02-22,0.696,0,0
2901,2453,4447.65,36,18.69,debt_consolidation,2023-02-22,0.278,0,1
2902,778,1410.21,36,16.75,debt_consolidation,2023-02-22,0.544,2,0
2903,2013,1730.39,36,10.41,other,2023-02-22,0.136,0,0
2904,2991,13677.38,60,19.76,debt_consolidation,2023-02-22,0.379,0,1
2905,644,11037.8,60,12.57,car,2023-02-22,0.242,0,0
2906,3666,18890.02,36,13.23,debt_consolidation,2023-02-23,0.663,0,0
2907,673,4490.92,36,12.3,car,2023-02-23,0.146,1,0
2908,1634,7892.26,36,12.76,small_business,2023-02-23,0.206,0,0
2909,3207,5684.15,36,12.88,credit_card,2023-02-24,0.499,0,0
2910,3303,5955.53,60,15.35,debt_consolidation,2023-02-24,0.351,1,0
2911,2886,6718.64,60,15.3,debt_consolidation,2023-02-24,0.466,0,0
2912,1117,6817.24,36,14.9,debt_consolidation,2023-02-24,0.343,0,0
2913,1961,11424.33,36,12.38,debt_consolidation,2023-02-24,0.633,0,0
2914,2465,9868.22,36,14.34,debt_consolidation,2023-02-24,0.38,0,0
2915,3220,9795.82,36,14.02,medical,2023-02-24,0.573,0,0
2916,3304,3026.09,36,11.68,home_improvement,2023-02-24,0.531,0,0
2917,2204,11577.44,36,15.17,credit_card,2023-02-25,0.58,0,0
2918,1362,8107.49,60,14.53,credit_card,2023-02-25,0.504,0,0
2919,2732,11509.96,36,16.4,small_business,2023-02-25,0.412,1,0
2920,2911,4058.24,60,18.7,debt_consolidation,2023-02-25,0.145,0,0
2921,1305,11594.92,36,13.69,debt_consolidation,2023-02-25,0.334,0,0
2922,1006,13742.34,36,16.66,home_improvement,2023-02-25,0.587,0,0
2923,469,15613.09,36,13.15,small_business,2023-02-25,0.584,0,0
2924,2684,4787.17,36,14.79,debt_consolidation,2023-02-25,0.344,0,0
2925,2761,6333.24,36,12.03,debt_consolidation,2023-02-25,0.567,0,0
2926,2417,17288.3,36,14.23,debt_consolidation,2023-02-26,0.23,0,0
2927,3714,3996.69,36,14.4,credit_card,2023-02-26,0.137,0,0
2928,1612,10854.36,36,17.05,medical,2023-02-26,0.49,0,0
2929,2707,4394.51,36,12.53,credit_card,2023-02-26,0.39,0,0
2930,2737,3400.19,36,14.59,debt_consolidation,2023-02-26,0.268,0,0
2931,1271,3876.76,60,13.2,debt_consolidation,2023-02-26,0.723,0,0
2932,2747,9281.56,60,13.62,debt_consolidation,2023-02-26,0.441,0,0
2933,3776,16051.82,36,12.38,home_improvement,2023-02-26,0.641,0,0
2934,3855,11607.24,36,14.7,home_improvement,2023-02-27,0.509,0,0
2935,1771,9425.4,36,9.93,car,2023-02-27,0.412,0,0
2936,2337,7285.5,36,13.47,credit_card,2023-02-27,0.591,0,0
2937,355,8523.85,36,9.56,credit_card,2023-02-27,0.396,0,0
2938,1260,16435.91,60,14.49,other,2023-02-27,0.42,1,0
2939,3558,29903.63,36,16.73,home_improvement,2023-02-27,0.52,0,0
2940,2914,3074.59,60,12.2,debt_consolidation,2023-02-28,0.489,0,0
2941,3855,3773.69,60,12.22,debt_consolidation,2023-02-28,0.334,0,0
2942,181,2360.29,36,15.22,home_improvement,2023-02-28,0.536,0,0
2943,2848,1426.05,60,19.09,credit_card,2023-02-28,0.61,2,0
2944,3617,6589.54,36,14.08,debt_consolidation,2023-02-28,0.47,0,0
2945,2323,13329.97,36,16.5,other,2023-02-28,0.259,2,0
2946,202,3423.27,36,17.64,home_improvement,2023-02-28,0.58,0,0
2947,208,5083.92,60,16.57,debt_consolidation,2023-02-28,0.631,0,0
2948,1058,4734.89,36,13.88,credit_card,2023-03-01,0.329,0,0
2949,3622,9628.66,60,16.12,home_improvement,2023-03-01,0.765,0,0
2950,2204,14302.68,60,16.72,home_improvement,2023-03-01,0.635,0,0
2951,2497,6645.86,36,14.39,debt_consolidation,2023-03-01,0.396,0,0
2952,3689,6190.93,60,15.0,other,2023-03-02,0.565,0,0
2953,1491,13327.01,36,12.9,credit_card,2023-03-02,0.542,0,1
2954,2706,9733.77,36,12.86,credit_card,2023-03-02,0.727,0,0
2955,3764,15336.88,36,15.84,debt_consolidation,2023-03-02,0.533,0,0
2956,8,15690.93,36,12.77,credit_card,2023-03-02,0.706,0,0
2957,2241,4219.02,36,10.77,small_business,2023-03-02,0.362,0,0
2958,3954,27277.55,60,19.16,debt_consolidation,2023-03-02,1.058,0,0
2959,2147,8827.54,36,12.08,car,2023-03-02,0.508,0,0
2960,1586,5696.3,36,11.57,home_improvement,2023-03-02,0.425,0,0
2961,2473,11844.23,36,11.96,car,2023-03-03,0.373,0,0
2962,1512,8625.94,60,20.34,car,2023-03-03,0.48,0,0
2963,3910,10216.41,60,18.3,car,2023-03-03,1.05,0,1
2964,998,2937.99,36,13.7,medical,2023-03-04,0.291,0,0
2965,1970,8055.97,36,14.53,other,2023-03-04,0.726,0,0
2966,3261,3186.25,60,18.91,car,2023-03-04,0.316,0,0
2967,3768,7589.22,60,17.61,small_business,2023-03-04,0.457,0,0
2968,390,11801.97,36,13.35,home_improvement,2023-03-04,0.319,0,0
2969,947,14017.97,36,13.43,debt_consolidation,2023-03-04,0.88,0,0
2970,3610,2621.3,60,17.05,debt_consolidation,2023-03-04,0.294,1,0
2971,3427,11878.27,36,11.83,medical,2023-03-05,0.432,0,0
2972,3864,4564.47,36,14.41,car,2023-03-05,0.365,0,0
2973,1767,5098.2,36,12.43,credit_card,2023-03-05,0.237,0,0
2974,2359,1863.28,60,14.28,debt_consolidation,2023-03-05,0.553,0,0
2975,339,7398.81,36,14.1,debt_consolidation,2023-03-05,0.676,0,0
2976,3403,28560.09,36,16.35,car,2023-03-05,1.36,0,0
2977,584,7254.42,36,10.22,debt_consolidation,2023-03-05,0.32,0,0
2978,3541,4083.97,36,17.44,credit_card,2023-03-05,0.733,0,0
2979,2300,20507.88,60,12.41,credit_card,2023-03-06,0.842,0,0
2980,1966,9753.69,60,17.89,home_improvement,2023-03-06,0.212,0,0
2981,1484,17215.02,60,14.93,debt_consolidation,2023-03-06,0.558,0,0
2982,2876,9036.41,36,17.62,credit_card,2023-03-06,0.36,0,0
2983,3614,9354.25,36,15.87,small_business,2023-03-06,0.592,0,0
2984,3294,11008.71,60,15.17,small_business,2023-03-06,0.644,1,0
2985,3279,12226.52,36,8.8,credit_card,2023-03-06,0.503,0,0
2986,2095,11052.3,36,14.02,debt_consolidation,2023-03-07,0.308,0,0
2987,3154,17859.35,36,15.86,debt_consolidation,2023-03-07,0.698,2,1
2988,2324,9446.47,36,13.73,credit_card,2023-03-08,0.312,0,0
2989,3927,5420.17,36,17.74,home_improvement,2023-03-08,0.244,0,0
2990,1111,13223.78,36,14.56,car,2023-03-08,0.856,0,0
2991,3578,8700.29,36,17.26,debt_consolidation,2023-03-08,0.295,0,1
2992,3011,12300.59,60,14.58,car,2023-03-08,1.032,0,0
2993,2532,10690.41,60,15.16,home_improvement,2023-03-08,0.708,0,0
2994,2384,3799.55,36,14.96,medical,2023-03-08,0.541,1,0
2995,3428,20699.66,36,15.3,debt_consolidation,2023-03-09,0.905,0,0
2996,2090,2112.76,36,15.71,credit_card,2023-03-09,0.125,0,0
2997,1214,5393.3,60,16.93,debt_consolidation,2023-03-10,0.314,0,1
2998,1652,7217.68,36,14.93,debt_consolidation,2023-03-10,0.672,0,0
2999,434,9347.59,36,15.24,credit_card,2023-03-10,0.181,0,0
3000,4,22406.28,36,11.26,small_business,2023-03-10,0.616,0,0
3001,2854,4383.03,36,11.11,debt_consolidation,2023-03-10,0.283,1,0
3002,843,9462.31,60,14.94,credit_card,2023-03-10,0.508,0,1
3003,1964,4322.48,36,13.83,debt_consolidation,2023-03-10,0.59,0,0
3004,460,8602.76,36,14.4,debt_consolidation,2023-03-11,0.281,0,0
3005,2319,9004.07,36,17.62,home_improvement,2023-03-11,0.517,0,0
3006,3026,4030.64,36,15.5,home_improvement,2023-03-11,0.17,0,0
3007,1971,5886.66,36,13.2,home_improvement,2023-03-11,0.457,0,0
3008,2304,24192.58,36,13.05,small_business,2023-03-11,0.799,0,0
3009,1734,18689.98,36,15.58,credit_card,2023-03-11,0.702,0,0
3010,2522,9697.43,36,14.14,medical,2023-03-11,0.651,0,0
3011,2560,9432.59,36,18.11,debt_consolidation,2023-03-12,0.469,0,0
3012,2661,8313.62,36,12.92,car,2023-03-12,0.391,1,0
3013,153,18234.87,36,15.1,debt_consolidation,2023-03-12,0.557,0,0
3014,366,4591.09,36,13.49,small_business,2023-03-13,0.392,0,0
3015,595,7193.1,36,11.06,home_improvement,2023-03-13,0.204,0,0
3016,385,22450.55,36,16.39,debt_consolidation,2023-03-13,0.889,1,0
3017,2900,4552.57,36,13.26,debt_consolidation,2023-03-13,0.242,0,0
3018,2481,14427.87,36,11.12,debt_consolidation,2023-03-13,0.426,0,0
3019,2612,2645.26,36,15.24,debt_consolidation,2023-03-13,0.785,0,0
3020,2264,17285.09,60,21.22,home_improvement,2023-03-13,0.603,0,0
3021,1246,4170.13,36,17.6,small_business,2023-03-13,0.317,1,0
3022,1624,3516.7,36,13.79,car,2023-03-13,0.327,0,0
3023,729,9052.41,36,12.15,small_business,2023-03-13,0.291,0,0
3024,2906,9117.62,36,10.83,credit_card,2023-03-13,0.56,1,0
3025,2077,6167.42,36,15.25,debt_consolidation,2023-03-14,0.309,0,0
3026,3324,3796.78,60,16.66,debt_consolidation,2023-03-14,0.315,0,0
3027,3025,4682.21,36,14.95,home_improvement,2023-03-14,0.331,0,0
3028,2190,12977.27,36,15.22,credit_card,2023-03-14,0.435,0,0
3029,811,6155.7,36,15.03,debt_consolidation,2023-03-14,0.532,0,0
3030,3633,5941.74,36,12.86,debt_consolidation,2023-03-15,0.295,1,0
3031,496,6636.87,60,19.57,car,2023-03-15,0.55,2,0
3032,1221,8341.73,36,16.71,debt_consolidation,2023-03-15,0.189,0,0
3033,2389,3238.72,36,14.44,credit_card,2023-03-15,0.491,0,0
3034,990,1926.73,60,16.97,debt_consolidation,2023-03-15,0.333,0,0
3035,2199,12738.36,36,19.56,credit_card,2023-03-15,0.503,0,0
3036,168,13111.39,36,10.64,home_improvement,2023-03-15,0.693,0,0
3037,2808,4562.38,60,15.48,home_improvement,2023-03-16,0.582,0,0
3038,2975,4883.61,36,12.47,debt_consolidation,2023-03-16,0.081,0,0
3039,2637,14512.29,60,17.13,credit_card,2023-03-16,0.629,1,0
3040,3167,4503.13,36,14.15,credit_card,2023-03-16,0.224,0,0
3041,71,5710.69,36,11.27,credit_card,2023-03-16,0.412,0,0
3042,2444,15844.48,36,13.6,debt_consolidation,2023-03-16,0.334,0,0
3043,1598,5812.08,60,16.12,medical,2023-03-16,0.212,0,1
3044,3948,8150.21,36,17.52,other,2023-03-16,0.543,0,0
3045,2426,34262.66,36,13.33,debt_consolidation,2023-03-17,0.599,0,0
3046,1414,4596.92,36,12.57,credit_card,2023-03-17,0.258,0,0
3047,2579,2662.54,36,16.14,debt_consolidation,2023-03-17,0.803,0,0
3048,1746,32606.29,36,14.85,credit_card,2023-03-17,0.699,0,0
3049,3175,5666.29,36,13.66,small_business,2023-03-17,0.286,1,1
3050,520,6144.47,36,12.07,car,2023-03-17,0.917,0,0
3051,3604,5906.57,36,16.29,debt_consolidation,2023-03-18,0.439,1,0
3052,2954,1583.55,36,15.02,home_improvement,2023-03-18,0.263,0,0
3053,1493,7632.24,36,13.6,debt_consolidation,2023-03-18,0.419,0,0
3054,3751,7912.69,36,16.23,credit_card,2023-03-19,0.385,2,0
3055,2526,7854.82,60,16.14,debt_consolidation,2023-03-19,0.091,0,0
3056,2923,15899.97,36,11.36,car,2023-03-19,0.408,0,0
3057,2588,17703.1,36,16.59,debt_consolidation,2023-03-19,0.452,0,0
3058,2253,9571.34,60,17.64,debt_consolidation,2023-03-19,0.422,0,1
3059,1484,5049.66,36,12.55,home_improvement,2023-03-19,0.448,1,0
3060,1477,16029.3,36,13.89,other,2023-03-20,0.752,0,0
3061,909,10123.43,36,15.01,credit_card,2023-03-20,0.381,0,0
3062,1924,4841.9,36,13.64,debt_consolidation,2023-03-20,0.574,0,0
3063,288,8609.44,36,13.7,car,2023-03-20,0.496,1,0
3064,1232,3048.9,36,14.16,debt_consolidation,2023-03-20,0.633,0,0
3065,2235,7990.6,36,14.59,credit_card,2023-03-20,0.383,0,0
3066,1215,18099.82,60,14.48,car,2023-03-20,0.461,0,0
3067,2508,9370.63,36,17.1,debt_consolidation,2023-03-21,0.759,0,0
3068,3599,4099.35,36,15.3,debt_consolidation,2023-03-21,0.244,0,0
3069,668,9693.29,36,13.94,credit_card,2023-03-21,0.645,0,0
3070,401,9325.72,36,14.17,debt_consolidation,2023-03-21,0.706,1,0
3071,1734,13771.48,36,15.61,debt_consolidation,2023-03-21,0.613,0,0
3072,1462,8500.59,36,14.09,debt_consolidation,2023-03-21,0.449,0,0
3073,2574,18903.65,60,13.54,debt_consolidation,2023-03-21,1.021,0,0
3074,123,7941.2,60,14.69,debt_consolidation,2023-03-21,0.301,1,0
3075,2339,2373.26,60,15.82,credit_card,2023-03-21,0.612,0,0
3076,1527,10020.93,36,12.38,credit_card,2023-03-21,0.411,0,0
3077,688,10287.48,60,14.77,home_improvement,2023-03-22,0.671,0,0
3078,2697,18702.06,60,16.92,debt_consolidation,2023-03-22,0.676,0,0
3079,2486,7587.12,36,13.08,car,2023-03-22,0.625,0,0
3080,1292,15418.65,36,12.39,medical,2023-03-22,0.985,0,0
3081,366,2467.98,36,14.02,credit_card,2023-03-23,0.368,1,0
3082,148,22154.32,36,15.32,debt_consolidation,2023-03-23,0.842,0,0
3083,1641,12924.64,60,13.98,small_business,2023-03-23,0.499,0,0
3084,1486,5842.87,36,12.85,debt_consolidation,2023-03-23,0.186,0,0
3085,2567,40000.0,36,11.83,debt_consolidation,2023-03-24,0.582,0,0
3086,3358,4937.91,36,16.19,home_improvement,2023-03-24,0.442,0,0
3087,2317,6348.53,36,12.98,home_improvement,2023-03-24,0.489,0,0
3088,1574,9924.8,36,15.08,credit_card,2023-03-24,0.223,1,0
3089,3852,12499.6,36,11.1,debt_consolidation,2023-03-24,0.461,0,0
3090,312,4188.96,60,13.49,debt_consolidation,2023-03-24,0.34,0,0
3091,580,2431.88,36,12.36,medical,2023-03-25,0.079,0,0
3092,3147,17237.97,60,18.13,home_improvement,2023-03-25,0.235,1,0
3093,2855,5129.23,36,17.45,car,2023-03-25,0.451,1,1
3094,587,7141.93,36,11.74,debt_consolidation,2023-03-25,0.528,0,0
3095,1054,2526.41,36,15.3,other,2023-03-25,0.423,0,0
3096,458,26413.81,36,13.58,home_improvement,2023-03-25,0.613,0,0
3097,1031,6808.33,36,14.03,credit_card,2023-03-26,0.228,1,0
3098,3049,18252.91,36,15.08,debt_consolidation,2023-03-26,0.334,0,0
3099,2675,9879.56,36,13.72,credit_card,2023-03-26,0.412,0,0
3100,3574,2712.25,60,17.64,credit_card,2023-03-26,0.243,0,0
3101,2682,5243.9,36,14.82,credit_card,2023-03-26,0.342,1,0
3102,1964,32311.7,36,15.7,home_improvement,2023-03-26,1.124,0,0
3103,2078,5749.79,36,13.63,small_business,2023-03-26,0.723,0,0
3104,2291,4057.93,36,18.66,medical,2023-03-26,0.232,3,0
3105,2285,14106.9,60,16.72,small_business,2023-03-26,0.688,0,0
3106,1005,4557.28,60,15.59,debt_consolidation,2023-03-26,0.251,0,0
3107,663,11375.69,60,18.46,credit_card,2023-03-26,0.409,0,0
3108,1598,6993.76,60,16.17,credit_card,2023-03-26,0.244,0,0
3109,1157,8392.21,36,14.97,debt_consolidation,2023-03-26,0.543,0,0
3110,1593,12862.49,36,12.8,debt_consolidation,2023-03-27,0.44,0,0
3111,2654,3907.05,36,15.95,car,2023-03-27,0.316,0,0
3112,3332,13423.04,36,14.03,home_improvement,2023-03-27,0.489,0,0
3113,527,22325.55,36,16.62,medical,2023-03-27,0.832,0,0
3114,1004,3817.82,60,18.34,small_business,2023-03-28,0.182,0,1
3115,1322,16348.92,36,15.13,home_improvement,2023-03-28,0.845,0,0
3116,3199,7272.31,36,14.97,debt_consolidation,2023-03-28,0.485,0,0
3117,3610,10315.94,60,16.84,debt_consolidation,2023-03-28,0.437,2,0
3118,723,15598.92,36,16.39,credit_card,2023-03-28,0.721,0,1
3119,3239,13374.36,60,18.09,debt_consolidation,2023-03-29,0.258,1,0
3120,3149,4032.59,36,13.44,debt_consolidation,2023-03-29,0.238,0,0
3121,950,6794.41,36,15.49,debt_consolidation,2023-03-29,0.366,0,0
3122,143,7619.49,36,12.93,credit_card,2023-03-29,0.179,0,0
3123,1943,5586.36,36,14.31,debt_consolidation,2023-03-29,0.449,0,0
3124,2519,4856.09,60,13.33,credit_card,2023-03-29,0.322,0,0
3125,1753,11165.4,36,14.32,debt_consolidation,2023-03-29,0.64,0,0
3126,1993,8852.74,36,17.38,home_improvement,2023-03-30,0.652,0,0
3127,1300,9214.05,60,15.19,debt_consolidation,2023-03-30,0.171,0,0
3128,948,2766.72,36,11.64,other,2023-03-30,0.4,0,0
3129,795,3462.48,36,12.11,debt_consolidation,2023-03-30,0.234,0,0
3130,3139,10890.72,36,11.34,car,2023-03-30,0.107,0,0
3131,1085,12751.31,36,19.79,credit_card,2023-03-31,0.396,1,0
3132,2818,7419.99,60,14.24,other,2023-03-31,0.217,0,0
3133,351,6499.91,36,17.78,medical,2023-03-31,0.609,1,1
3134,3429,6405.03,36,11.16,credit_card,2023-03-31,0.457,0,0
3135,1688,14252.81,60,12.84,debt_consolidation,2023-03-31,0.281,0,1
3136,3149,12412.85,36,11.68,credit_card,2023-03-31,0.333,0,0
3137,2845,6155.93,36,17.79,home_improvement,2023-03-31,0.403,1,0
3138,1897,3787.64,36,14.42,debt_consolidation,2023-03-31,0.334,0,0
3139,1807,7458.09,60,14.19,small_business,2023-04-01,0.677,0,0
3140,1076,30608.13,36,16.02,small_business,2023-04-01,0.594,0,0
3141,1994,16504.75,36,16.11,car,2023-04-01,0.778,0,0
3142,3497,2135.16,60,16.47,credit_card,2023-04-01,0.362,0,0
3143,102,4311.78,36,15.99,debt_consolidation,2023-04-01,0.469,0,0
3144,3888,9326.7,36,16.83,home_improvement,2023-04-01,0.508,0,0
3145,2907,14000.12,36,11.1,debt_consolidation,2023-04-01,0.742,0,0
3146,1271,16346.06,36,14.31,medical,2023-04-02,0.872,0,0
3147,3146,2615.32,60,12.26,home_improvement,2023-04-02,0.359,0,0
3148,56,4288.21,36,13.41,home_improvement,2023-04-02,0.346,0,0
3149,2235,2398.87,36,13.38,debt_consolidation,2023-04-02,0.271,0,0
3150,2243,11344.47,60,17.64,home_improvement,2023-04-02,0.464,0,0
3151,86,10099.0,36,15.62,debt_consolidation,2023-04-02,0.655,0,0
3152,1388,30530.39,36,13.43,debt_consolidation,2023-04-02,0.705,0,0
3153,1160,8674.56,36,13.27,car,2023-04-02,0.535,0,0
3154,3735,12656.97,60,12.76,other,2023-04-02,0.554,0,0
3155,2636,6142.48,60,13.88,debt_consolidation,2023-04-03,0.664,1,0
3156,1157,4213.24,36,14.44,medical,2023-04-03,0.437,0,0
3157,457,14720.02,36,12.14,small_business,2023-04-03,0.854,0,0
3158,2200,20195.07,60,19.64,car,2023-04-04,0.397,0,0
3159,1446,12011.67,60,16.7,debt_consolidation,2023-04-04,0.661,0,0
3160,2151,7815.5,36,13.45,home_improvement,2023-04-04,0.335,0,0
3161,810,3207.08,36,13.58,credit_card,2023-04-04,0.356,0,0
3162,3895,7993.73,60,15.89,car,2023-04-04,0.578,1,0
3163,2752,2871.74,36,15.57,debt_consolidation,2023-04-05,0.436,1,0
3164,3510,16524.52,60,14.44,other,2023-04-05,0.628,0,0
3165,2380,8871.65,36,12.32,small_business,2023-04-05,0.349,0,0
3166,1498,4042.53,36,12.1,car,2023-04-05,0.364,0,0
3167,2916,8597.93,60,15.88,debt_consolidation,2023-04-05,0.475,0,0
3168,3170,6736.38,60,13.6,credit_card,2023-04-05,0.121,1,0
3169,615,1809.14,60,17.88,debt_consolidation,2023-04-05,0.397,1,0
3170,3851,8415.77,36,14.72,debt_consolidation,2023-04-05,0.177,0,0
3171,1965,8509.94,36,15.7,debt_consolidation,2023-04-05,0.384,0,0
3172,778,16513.64,60,17.37,car,2023-04-06,1.08,1,1
3173,3718,2728.18,36,15.83,medical,2023-04-06,0.155,0,0
3174,1614,32502.54,36,12.16,debt_consolidation,2023-04-06,0.847,0,0
3175,3673,6211.66,36,15.05,debt_consolidation,2023-04-06,0.464,0,0
3176,3363,11783.08,36,15.93,small_business,2023-04-06,0.456,0,0
3177,1237,14583.51,60,14.18,debt_consolidation,2023-04-06,0.725,0,0
3178,2711,3858.62,36,14.04,credit_card,2023-04-06,0.542,0,0
3179,523,2562.44,36,16.95,credit_card,2023-04-06,0.316,0,0
3180,3999,8290.43,60,17.67,medical,2023-04-06,0.254,0,0
3181,380,6026.64,36,16.03,home_improvement,2023-04-07,0.564,0,0
3182,3207,12917.9,36,17.04,home_improvement,2023-04-07,0.569,0,0
3183,39,1751.75,36,14.9,debt_consolidation,2023-04-07,0.389,0,0
3184,1832,13353.38,36,13.59,other,2023-04-07,0.327,1,0
3185,2802,5226.52,36,14.8,credit_card,2023-04-07,0.242,0,0
3186,2292,13470.05,36,13.09,debt_consolidation,2023-04-07,0.189,0,0
3187,3938,6485.45,36,13.17,credit_card,2023-04-07,0.416,0,0
3188,3870,14945.22,36,10.31,debt_consolidation,2023-04-07,0.534,0,0
3189,3037,10993.12,36,10.41,home_improvement,2023-04-07,0.508,0,0
3190,863,4583.1,36,12.49,debt_consolidation,2023-04-08,0.132,0,0
3191,3573,4440.58,36,14.86,debt_consolidation,2023-04-08,0.123,0,0
3192,2777,7192.59,36,16.23,credit_card,2023-04-08,0.23,0,1
3193,2042,12354.87,36,17.9,debt_consolidation,2023-04-08,0.745,0,0
3194,337,29044.23,36,10.4,debt_consolidation,2023-04-08,0.692,0,0
3195,2231,6398.14,36,13.08,credit_card,2023-04-08,0.294,0,0
3196,752,6042.88,36,13.1,small_business,2023-04-09,0.305,0,0
3197,1016,5912.06,36,14.59,other,2023-04-09,0.355,0,0
3198,3308,3330.9,36,18.02,debt_consolidation,2023-04-09,0.268,0,0
3199,2876,6001.47,36,14.52,debt_consolidation,2023-04-10,0.322,0,0
3200,828,20128.66,36,11.97,credit_card,2023-04-10,0.686,0,0
3201,3650,9651.31,60,16.2,car,2023-04-10,0.881,1,0
3202,3478,1631.8,36,16.23,small_business,2023-04-10,0.355,0,0
3203,3423,9274.71,36,13.15,medical,2023-04-10,0.317,0,0
3204,2089,6810.59,36,9.97,credit_card,2023-04-10,0.088,0,0
3205,138,7076.89,36,16.28,medical,2023-04-11,0.482,2,0
3206,2159,9875.2,60,13.43,home_improvement,2023-04-11,0.512,0,0
3207,3153,3830.88,36,15.88,home_improvement,2023-04-11,0.318,0,0
3208,1074,1083.63,36,11.64,debt_consolidation,2023-04-11,0.186,0,0
3209,2077,16534.87,36,12.67,other,2023-04-11,0.377,0,0
3210,2262,25165.27,36,13.01,debt_consolidation,2023-04-11,0.393,0,0
3211,694,9020.3,36,13.42,credit_card,2023-04-11,0.405,0,0
3212,1203,17267.34,36,14.41,credit_card,2023-04-11,0.798,0,0
3213,2129,3604.84,60,16.29,debt_consolidation,2023-04-11,0.347,0,0
3214,3328,4831.55,36,18.16,debt_consolidation,2023-04-11,0.448,1,0
3215,683,6035.72,36,13.92,medical,2023-04-11,0.284,0,0
3216,887,7628.4,60,18.18,debt_consolidation,2023-04-11,0.44,1,0
3217,3166,15904.84,36,12.81,credit_card,2023-04-12,0.655,1,0
3218,3337,1429.04,36,16.92,debt_consolidation,2023-04-12,0.224,0,0
3219,472,11264.24,36,14.87,debt_consolidation,2023-04-12,0.566,0,0
3220,2645,9828.42,36,11.71,small_business,2023-04-12,0.25,0,0
3221,390,5493.51,36,15.04,debt_consolidation,2023-04-13,0.267,0,0
3222,3175,5213.06,60,17.16,credit_card,2023-04-13,0.282,1,0
3223,1384,4465.65,36,16.21,car,2023-04-13,0.184,1,0
3224,2474,14402.83,36,14.78,credit_card,2023-04-13,0.794,1,0
3225,541,17142.41,60,13.15,debt_consolidation,2023-04-13,0.4,0,1
3226,266,10551.16,36,19.79,medical,2023-04-13,0.651,1,0
3227,3504,3723.67,36,14.3,small_business,2023-04-13,0.357,0,0
3228,432,38287.81,60,14.2,credit_card,2023-04-13,1.72,0,0
3229,1140,12727.81,36,15.61,credit_card,2023-04-14,0.786,1,0
3230,3182,3127.6,60,19.35,car,2023-04-14,0.124,0,0
3231,2362,11442.67,36,14.15,debt_consolidation,2023-04-14,0.286,0,0
3232,3252,2723.53,36,17.75,credit_card,2023-04-14,0.333,0,0
3233,96,12610.42,60,21.08,debt_consolidation,2023-04-15,0.824,0,1
3234,3988,4486.07,36,12.8,small_business,2023-04-15,0.474,0,0
3235,3760,6442.63,36,14.23,debt_consolidation,2023-04-15,0.559,0,0
3236,3574,15583.93,36,17.97,debt_consolidation,2023-04-15,0.433,0,0
3237,3180,5981.49,36,17.21,credit_card,2023-04-15,0.286,0,0
3238,1999,10803.79,36,14.27,car,2023-04-15,0.54,0,0
3239,1918,9360.37,36,15.08,debt_consolidation,2023-04-16,0.387,0,0
3240,986,2893.89,36,13.31,debt_consolidation,2023-04-16,0.223,0,0
3241,3399,7922.82,36,14.39,car,2023-04-16,0.275,2,0
3242,3636,5309.69,60,18.5,debt_consolidation,2023-04-16,0.428,0,0
3243,1639,18553.25,36,12.16,debt_consolidation,2023-04-16,0.836,0,0
3244,1007,8197.79,36,12.15,credit_card,2023-04-16,0.532,0,0
3245,3899,1485.4,60,13.84,home_improvement,2023-04-16,0.301,0,0
3246,728,7445.05,60,16.97,debt_consolidation,2023-04-16,0.474,0,0
3247,3934,13286.88,36,19.25,debt_consolidation,2023-04-16,0.573,1,0
3248,109,5103.47,36,15.89,debt_consolidation,2023-04-16,0.412,1,1
3249,2899,6583.0,60,16.06,small_business,2023-04-17,0.564,0,0
3250,286,11877.88,60,16.73,credit_card,2023-04-17,0.484,0,1
3251,824,5084.35,36,15.3,debt_consolidation,2023-04-17,0.187,0,0
3252,474,10088.22,36,12.75,car,2023-04-17,0.381,0,0
3253,3547,3767.1,36,13.41,debt_consolidation,2023-04-17,0.263,0,0
3254,144,3577.84,60,15.86,debt_consolidation,2023-04-17,0.344,0,0
3255,3271,10215.01,60,14.6,debt_consolidation,2023-04-17,0.457,0,0
3256,562,21032.49,36,16.4,credit_card,2023-04-17,0.813,1,1
3257,1305,11523.45,36,11.04,medical,2023-04-17,0.333,0,0
3258,1870,4541.17,60,15.09,debt_consolidation,2023-04-18,0.581,0,0
3259,556,6129.75,36,14.06,small_business,2023-04-18,0.66,0,0
3260,3132,6874.59,36,15.67,car,2023-04-18,0.643,0,0
3261,2047,7119.83,36,15.95,home_improvement,2023-04-18,0.223,2,0
3262,1905,14631.75,36,14.44,small_business,2023-04-18,0.324,0,0
3263,1233,4192.12,36,15.1,debt_consolidation,2023-04-18,0.413,0,0
3264,3381,40000.0,36,15.37,small_business,2023-04-18,1.004,0,0
3265,2257,6755.61,36,13.53,debt_consolidation,2023-04-19,0.524,1,0
3266,3981,13221.99,36,13.12,debt_consolidation,2023-04-19,0.986,0,0
3267,725,6375.81,36,8.59,debt_consolidation,2023-04-19,0.371,0,1
3268,2318,16978.71,36,16.17,medical,2023-04-19,1.147,0,0
3269,1942,12432.13,36,15.22,credit_card,2023-04-19,0.995,1,0
3270,100,4941.61,36,13.14,debt_consolidation,2023-04-19,0.647,0,0
3271,673,3440.51,36,16.71,home_improvement,2023-04-19,0.132,0,0
3272,917,2669.64,36,14.8,debt_consolidation,2023-04-20,0.544,0,0
3273,1423,16715.23,36,17.86,home_improvement,2023-04-20,0.706,0,0
3274,2741,7732.77,36,12.89,credit_card,2023-04-20,0.641,0,0
3275,2745,5438.35,36,17.09,credit_card,2023-04-20,0.484,0,0
3276,2811,2723.87,36,14.17,debt_consolidation,2023-04-20,0.15,0,0
3277,1382,11408.79,36,17.78,debt_consolidation,2023-04-20,0.998,0,0
3278,1907,12441.14,36,15.04,credit_card,2023-04-21,0.706,0,0
3279,3058,7607.49,36,14.64,debt_consolidation,2023-04-21,0.453,0,0
3280,310,7597.69,36,15.05,credit_card,2023-04-21,0.519,0,0
3281,2713,5907.08,36,12.74,credit_card,2023-04-21,0.57,2,0
3282,301,13338.94,60,17.8,debt_consolidation,2023-04-21,0.699,0,0
3283,900,8886.36,36,15.65,home_improvement,2023-04-22,0.852,0,0
3284,511,8458.82,36,14.33,debt_consolidation,2023-04-22,0.286,0,0
3285,191,10631.8,36,15.78,credit_card,2023-04-22,0.649,0,0
3286,1159,5046.73,60,14.58,debt_consolidation,2023-04-22,0.298,0,0
3287,1581,4699.95,36,17.54,home_improvement,2023-04-22,0.191,0,0
3288,3256,5935.76,60,19.57,credit_card,2023-04-22,0.165,0,0
3289,3334,8047.69,36,12.5,debt_consolidation,2023-04-22,0.315,0,0
3290,740,8835.87,36,12.48,medical,2023-04-22,0.551,0,0
3291,1299,1698.56,36,15.67,credit_card,2023-04-23,0.584,0,0
3292,837,4910.26,36,14.09,credit_card,2023-04-23,0.391,0,0
3293,1881,10684.11,36,14.73,debt_consolidation,2023-04-23,0.435,0,0
3294,1338,4819.15,36,15.88,other,2023-04-24,0.386,0,0
3295,1744,3814.4,36,12.38,debt_consolidation,2023-04-24,0.675,0,0
3296,2455,4012.95,36,13.73,credit_card,2023-04-24,0.308,0,0
3297,1900,6455.87,36,17.07,medical,2023-04-24,0.489,0,0
3298,2833,8518.28,60,15.61,debt_consolidation,2023-04-24,0.261,0,0
3299,231,7311.39,36,14.44,debt_consolidation,2023-04-24,0.351,0,0
3300,2995,3185.31,60,16.11,credit_card,2023-04-24,0.21,0,0
3301,2090,5508.23,36,17.19,car,2023-04-24,0.213,1,0
3302,3720,4336.16,36,14.72,debt_consolidation,2023-04-25,0.528,0,0
3303,379,1494.25,60,15.35,car,2023-04-25,0.278,0,0
3304,935,6443.82,36,11.75,home_improvement,2023-04-25,0.431,0,0
3305,117,13983.46,60,17.38,debt_consolidation,2023-04-25,0.433,0,1
3306,635,9187.37,60,15.76,credit_card,2023-04-25,0.401,0,1
3307,2547,3692.17,36,17.03,debt_consolidation,2023-04-25,0.372,0,0
3308,488,3769.18,36,11.18,small_business,2023-04-26,0.274,1,0
3309,574,17603.19,36,14.04,home_improvement,2023-04-26,0.467,0,0
3310,2010,9020.61,60,16.39,car,2023-04-26,0.48,0,0
3311,425,26119.51,36,15.44,debt_consolidation,2023-04-26,1.109,1,0
3312,3969,10992.08,36,19.24,debt_consolidation,2023-04-27,0.622,1,1
3313,2518,9798.49,36,16.62,home_improvement,2023-04-27,0.33,1,0
3314,1371,8198.83,36,14.38,debt_consolidation,2023-04-27,0.596,0,0
3315,1447,2443.8,36,15.43,home_improvement,2023-04-27,0.256,0,0
3316,2850,5818.69,36,15.63,home_improvement,2023-04-27,0.216,0,0
3317,928,12001.87,60,15.58,debt_consolidation,2023-04-27,0.32,1,0
3318,65,7090.51,36,11.87,debt_consolidation,2023-04-28,0.333,0,0
3319,2198,1302.36,36,13.15,car,2023-04-28,0.172,0,0
3320,3888,4959.11,36,15.96,debt_consolidation,2023-04-28,0.347,0,0
3321,923,7825.99,60,16.65,car,2023-04-28,0.603,0,0
3322,13,14911.98,36,13.68,debt_consolidation,2023-04-28,0.586,1,0
3323,2061,2892.2,36,16.46,car,2023-04-29,0.187,0,0
3324,170,12495.01,60,16.19,credit_card,2023-04-29,0.606,0,0
3325,3434,21391.83,36,16.26,car,2023-04-29,0.404,1,0
3326,3238,4909.01,36,15.47,debt_consolidation,2023-04-29,0.292,1,0
3327,830,7359.57,60,14.42,debt_consolidation,2023-04-29,0.811,1,0
3328,557,26872.77,36,16.03,debt_consolidation,2023-04-29,0.676,1,0
3329,2785,8247.51,36,12.21,credit_card,2023-04-30,0.563,0,0
3330,1440,12698.32,36,10.01,credit_card,2023-04-30,0.388,0,0
3331,1914,2674.05,36,15.91,debt_consolidation,2023-04-30,0.722,0,1
3332,1242,4341.99,36,14.91,debt_consolidation,2023-04-30,0.533,0,0
3333,1092,5829.31,60,13.68,medical,2023-04-30,0.14,0,1
3334,1861,38759.64,60,18.38,other,2023-05-01,0.704,1,0
3335,750,7446.71,36,12.67,car,2023-05-01,0.374,0,0
3336,3694,18757.32,36,11.05,debt_consolidation,2023-05-01,0.537,0,0
3337,10,5857.02,36,12.45,debt_consolidation,2023-05-01,0.231,0,0
3338,1344,3901.29,36,15.52,car,2023-05-01,0.278,0,0
3339,2203,8770.89,60,16.24,small_business,2023-05-01,0.602,1,0
3340,3922,20224.19,60,16.03,debt_consolidation,2023-05-01,0.764,0,1
3341,1463,5280.67,60,16.78,debt_consolidation,2023-05-01,0.543,2,0
3342,969,6070.05,60,17.95,debt_consolidation,2023-05-02,0.278,0,0
3343,765,13231.12,36,12.49,debt_consolidation,2023-05-02,0.278,1,0
3344,1798,4081.47,60,13.47,credit_card,2023-05-02,0.58,0,0
3345,190,10560.15,60,17.49,debt_consolidation,2023-05-02,0.466,0,0
3346,971,4812.19,60,16.47,home_improvement,2023-05-03,0.209,0,0
3347,3575,12989.63,60,16.08,credit_card,2023-05-03,0.736,0,1
3348,2251,11659.57,36,13.96,small_business,2023-05-03,0.796,0,0
3349,3058,15236.64,60,16.05,credit_card,2023-05-03,0.641,0,0
3350,1690,12929.08,36,12.9,debt_consolidation,2023-05-03,0.425,0,0
3351,3460,5056.02,60,17.15,debt_consolidation,2023-05-04,0.156,0,0
3352,1375,8623.12,36,15.01,medical,2023-05-04,0.307,0,0
3353,1277,20445.35,36,14.14,other,2023-05-04,0.457,0,0
3354,3793,5383.52,36,15.52,car,2023-05-04,0.381,0,0
3355,2989,2806.1,60,14.75,credit_card,2023-05-04,0.191,0,0
3356,1112,3228.06,36,17.12,medical,2023-05-04,0.228,0,0
3357,3492,5972.53,36,14.5,credit_card,2023-05-05,0.396,0,0
3358,586,13489.52,60,14.13,small_business,2023-05-05,0.594,0,0
3359,1962,14579.15,36,13.28,debt_consolidation,2023-05-05,0.89,1,0
3360,1970,16755.31,36,12.07,debt_consolidation,2023-05-05,0.801,0,0
3361,2878,19091.77,60,21.41,debt_consolidation,2023-05-05,0.627,1,0
3362,1301,6134.72,36,17.31,medical,2023-05-06,0.339,0,0
3363,734,5945.67,36,13.51,debt_consolidation,2023-05-06,0.597,0,0
3364,3050,15652.74,60,19.22,medical,2023-05-06,0.661,0,0
3365,3745,11929.11,36,12.63,credit_card,2023-05-06,0.894,0,0
3366,3259,8236.79,36,16.46,other,2023-05-06,0.348,0,0
3367,168,21072.81,36,11.72,debt_consolidation,2023-05-06,0.938,0,0
3368,2897,8665.24,36,15.73,small_business,2023-05-06,0.175,1,0
3369,1156,5257.83,36,14.07,debt_consolidation,2023-05-06,0.497,1,0
3370,26,17022.52,60,13.21,debt_consolidation,2023-05-06,0.975,0,0
3371,3378,3491.99,36,15.43,credit_card,2023-05-07,0.415,0,0
3372,2466,7504.69,60,19.76,debt_consolidation,2023-05-07,0.668,0,0
3373,3608,2460.96,60,16.2,home_improvement,2023-05-07,0.109,0,0
3374,1084,6945.42,60,16.8,credit_card,2023-05-07,0.219,0,0
3375,3045,8796.84,36,12.8,medical,2023-05-07,0.304,0,0
3376,732,3758.93,36,13.65,home_improvement,2023-05-07,0.204,0,0
3377,3109,6091.51,36,13.88,debt_consolidation,2023-05-07,0.361,0,0
3378,3268,20424.7,60,14.18,credit_card,2023-05-08,0.525,0,0
3379,1462,532.88,36,15.89,credit_card,2023-05-08,0.289,0,0
3380,3183,4466.72,60,16.91,home_improvement,2023-05-08,0.354,0,0
3381,3307,7911.2,36,14.35,small_business,2023-05-08,0.616,0,0
3382,638,4955.83,60,17.29,debt_consolidation,2023-05-08,0.419,0,0
3383,2042,13176.08,60,19.84,car,2023-05-08,0.761,0,0
3384,1145,18053.17,36,15.84,debt_consolidation,2023-05-08,0.917,2,0
3385,3001,7172.81,36,16.15,credit_card,2023-05-08,0.618,0,0
3386,3558,10575.7,36,16.48,debt_consolidation,2023-05-08,0.354,0,0
3387,3111,10375.63,36,16.43,other,2023-05-08,0.657,0,0
3388,2067,3474.67,60,17.37,debt_consolidation,2023-05-09,0.46,0,0
3389,1875,13598.58,36,16.14,debt_consolidation,2023-05-09,0.995,0,0
3390,3917,2701.75,36,14.07,debt_consolidation,2023-05-09,0.707,0,0
3391,308,9794.11,60,17.07,home_improvement,2023-05-09,0.495,0,0
3392,1653,7482.97,60,14.62,home_improvement,2023-05-09,0.333,0,0
3393,561,11494.55,36,11.74,debt_consolidation,2023-05-09,0.729,0,0
3394,2155,18788.27,36,15.92,credit_card,2023-05-09,0.47,0,0
3395,1708,6841.77,36,13.7,credit_card,2023-05-09,0.438,1,0
3396,3897,6083.51,36,15.5,debt_consolidation,2023-05-09,0.361,0,0
3397,1649,9689.32,60,15.45,credit_card,2023-05-09,0.713,0,0
3398,2141,8697.68,36,14.53,debt_consolidation,2023-05-09,0.504,0,0
3399,1224,4308.73,36,16.49,credit_card,2023-05-10,0.432,0,1
3400,3084,20396.18,36,15.18,credit_card,2023-05-10,0.631,0,0
3401,3992,6528.89,36,17.09,credit_card,2023-05-10,0.336,0,0
3402,640,3196.37,60,19.42,car,2023-05-10,0.412,0,0
3403,1186,3489.72,36,16.99,small_business,2023-05-10,0.39,1,0
3404,2988,17083.12,36,9.81,debt_consolidation,2023-05-11,0.496,0,0
3405,3894,7772.01,36,16.11,small_business,2023-05-11,0.226,0,0
3406,290,6612.54,36,14.32,debt_consolidation,2023-05-11,0.724,0,0
3407,3711,8577.54,60,17.78,debt_consolidation,2023-05-11,0.25,1,0
3408,1911,11468.91,60,12.35,debt_consolidation,2023-05-11,0.312,0,0
3409,1058,7455.98,60,15.33,debt_consolidation,2023-05-11,0.39,0,0
3410,2725,2946.72,36,13.46,small_business,2023-05-11,0.451,0,0
3411,3953,13553.73,36,19.16,debt_consolidation,2023-05-12,0.598,0,0
3412,3474,6575.69,60,14.6,other,2023-05-12,0.304,0,0
3413,1309,7766.02,36,16.23,other,2023-05-12,0.368,1,1
3414,1348,14861.92,60,17.61,medical,2023-05-12,0.38,0,0
3415,251,10820.22,36,13.7,car,2023-05-12,0.278,0,0
3416,201,5308.74,36,15.89,debt_consolidation,2023-05-13,0.616,0,0
3417,436,4162.58,36,12.68,home_improvement,2023-05-13,0.357,0,1
3418,2483,2310.43,60,15.58,home_improvement,2023-05-13,0.229,0,0
3419,3670,9947.64,60,12.91,debt_consolidation,2023-05-13,0.44,0,0
3420,1098,10538.56,36,9.29,credit_card,2023-05-13,0.412,0,0
3421,1765,6294.35,60,13.39,debt_consolidation,2023-05-13,0.459,0,1
3422,80,7025.44,36,12.73,debt_consolidation,2023-05-14,0.392,1,0
3423,169,35028.91,36,19.17,credit_card,2023-05-14,0.887,2,0
3424,3536,14452.34,36,18.96,debt_consolidation,2023-05-14,0.773,1,1
3425,2978,40000.0,36,17.75,small_business,2023-05-14,0.868,0,0
3426,3170,4831.59,36,11.99,debt_consolidation,2023-05-14,0.107,0,0
3427,3638,1928.18,36,15.96,small_business,2023-05-14,0.134,0,0
3428,1298,9790.54,36,11.84,debt_consolidation,2023-05-15,0.573,0,0
3429,3934,9663.77,60,18.4,debt_consolidation,2023-05-15,0.477,0,0
3430,118,5478.62,60,18.78,debt_consolidation,2023-05-15,0.082,2,0
3431,2792,2398.4,36,12.03,credit_card,2023-05-15,0.341,0,0
3432,1222,30754.26,60,16.84,medical,2023-05-15,2.072,0,0
3433,2890,7211.7,60,15.38,debt_consolidation,2023-05-15,0.329,0,0
3434,3187,13969.45,36,14.14,home_improvement,2023-05-16,0.491,0,0
3435,2557,8845.35,36,10.47,car,2023-05-16,0.238,0,0
3436,2932,20182.62,36,13.54,car,2023-05-16,0.505,1,0
3437,1517,7271.64,36,13.79,debt_consolidation,2023-05-16,0.614,0,0
3438,225,1425.96,36,14.84,small_business,2023-05-16,0.182,0,0
3439,2443,15066.09,36,15.64,debt_consolidation,2023-05-17,0.457,1,0
3440,2494,5945.12,60,18.43,home_improvement,2023-05-17,0.29,1,0
3441,2341,29011.36,60,17.25,small_business,2023-05-17,1.212,0,0
3442,3275,13678.23,36,14.58,small_business,2023-05-17,0.709,0,0
3443,812,18351.63,60,19.68,home_improvement,2023-05-18,0.884,0,1
3444,2107,24200.1,36,13.0,car,2023-05-18,0.728,0,0
3445,1983,12691.8,60,15.37,credit_card,2023-05-18,0.845,0,0
3446,3610,11759.34,36,16.3,other,2023-05-18,0.464,0,0
3447,336,9275.72,36,18.27,debt_consolidation,2023-05-18,0.327,2,0
3448,2933,8262.72,60,12.14,debt_consolidation,2023-05-18,0.59,0,0
3449,165,12643.64,36,11.27,home_improvement,2023-05-18,0.376,0,0
3450,728,8309.6,36,19.58,credit_card,2023-05-18,0.501,0,1
3451,1180,6333.53,36,12.73,debt_consolidation,2023-05-19,0.595,0,0
3452,3829,10725.78,36,15.7,medical,2023-05-19,0.146,0,0
3453,1332,3752.52,60,19.88,debt_consolidation,2023-05-19,0.382,1,0
3454,1110,11299.59,60,16.2,debt_consolidation,2023-05-19,0.63,1,0
3455,2969,8695.56,36,14.93,small_business,2023-05-19,0.682,0,0
3456,3574,12830.7,36,17.95,credit_card,2023-05-19,0.392,0,0
3457,2476,7784.99,60,17.08,small_business,2023-05-19,0.573,0,0
3458,3016,15894.97,36,11.46,home_improvement,2023-05-19,0.688,0,0
3459,1746,10332.62,36,12.95,debt_consolidation,2023-05-19,0.433,0,0
3460,2471,3001.02,36,12.16,debt_consolidation,2023-05-19,0.611,0,0
3461,2143,4599.13,36,13.4,other,2023-05-20,0.411,0,0
3462,3255,4305.02,60,13.26,credit_card,2023-05-20,0.179,0,0
3463,109,12494.81,60,15.47,debt_consolidation,2023-05-20,0.477,1,0
3464,770,40000.0,36,8.68,medical,2023-05-20,0.396,0,0
3465,1360,5291.01,36,15.54,debt_consolidation,2023-05-20,0.397,1,0
3466,1882,17515.64,36,11.99,debt_consolidation,2023-05-20,0.547,0,0
3467,2655,33306.08,60,14.91,debt_consolidation,2023-05-20,0.514,0,0
3468,2822,6961.13,36,14.68,credit_card,2023-05-20,0.319,0,0
3469,2718,6986.68,36,15.75,home_improvement,2023-05-21,0.335,0,0
3470,3368,9830.74,60,15.06,credit_card,2023-05-21,0.287,0,0
3471,949,7246.23,36,14.68,debt_consolidation,2023-05-21,0.332,0,0
3472,2973,26373.98,36,18.35,small_business,2023-05-22,1.226,0,0
3473,2903,30854.35,36,13.66,small_business,2023-05-22,1.498,1,0
3474,2282,1836.71,36,11.36,home_improvement,2023-05-22,0.206,0,0
3475,452,5979.35,60,16.83,other,2023-05-22,0.678,0,0
3476,2407,5872.81,60,16.84,credit_card,2023-05-22,0.208,1,0
3477,1434,4121.4,36,11.09,debt_consolidation,2023-05-22,0.291,0,0
3478,2206,11235.31,36,14.13,other,2023-05-22,0.633,0,0
3479,1638,8274.26,36,11.36,medical,2023-05-22,0.416,0,0
3480,1700,7646.95,60,18.98,debt_consolidation,2023-05-23,0.802,1,0
3481,945,3613.79,36,12.46,credit_card,2023-05-23,0.374,0,0
3482,300,23447.18,60,16.75,debt_consolidation,2023-05-23,0.868,1,1
3483,2240,4736.36,36,13.86,debt_consolidation,2023-05-23,0.293,0,0
3484,2005,17639.25,36,15.29,credit_card,2023-05-23,1.387,0,0
3485,1290,18550.98,36,14.11,debt_consolidation,2023-05-24,0.233,0,0
3486,2437,21232.42,36,12.28,debt_consolidation,2023-05-24,0.755,0,0
3487,1515,10694.01,36,16.08,debt_consolidation,2023-05-24,0.408,1,0
3488,1171,3377.38,60,16.77,other,2023-05-24,0.476,0,0
3489,1124,23972.5,36,13.83,debt_consolidation,2023-05-25,0.72,0,0
3490,1368,2226.1,36,13.22,car,2023-05-25,0.23,0,0
3491,2789,10232.23,36,17.9,debt_consolidation,2023-05-25,0.642,1,1
3492,1083,40000.0,36,14.2,medical,2023-05-25,0.968,0,0
3493,2552,8105.34,36,16.05,debt_consolidation,2023-05-25,0.4,0,0
3494,298,5791.89,36,17.57,credit_card,2023-05-25,0.404,0,0
3495,3496,3973.33,36,13.4,medical,2023-05-25,0.242,1,1
3496,3540,6862.48,36,12.68,other,2023-05-26,0.652,0,0
3497,3216,12491.48,36,14.98,debt_consolidation,2023-05-26,0.937,0,0
3498,1770,5914.12,36,13.57,debt_consolidation,2023-05-26,0.584,0,0
3499,678,8382.23,60,13.87,car,2023-05-26,0.376,1,0
3500,2387,6617.71,36,16.19,home_improvement,2023-05-26,0.244,0,0
3501,952,10057.45,36,12.21,credit_card,2023-05-26,0.336,0,0
3502,2813,15094.05,36,12.34,credit_card,2023-05-26,0.559,0,0
3503,581,6755.78,36,13.45,credit_card,2023-05-26,0.622,0,0
3504,1357,2282.84,36,15.88,small_business,2023-05-27,0.582,0,0
3505,2808,1672.98,36,12.28,debt_consolidation,2023-05-27,0.504,0,0
3506,3428,4592.44,36,14.8,medical,2023-05-27,0.554,0,0
3507,955,5652.98,36,15.62,debt_consolidation,2023-05-28,0.227,0,0
3508,2516,14626.74,36,16.37,medical,2023-05-28,0.64,0,0
3509,3205,7693.46,36,13.71,debt_consolidation,2023-05-28,0.473,0,0
3510,276,7262.06,60,15.15,debt_consolidation,2023-05-28,0.568,0,0
3511,867,9399.52,36,15.47,debt_consolidation,2023-05-28,0.54,0,0
3512,2151,10966.04,60,15.82,car,2023-05-28,0.415,0,0
3513,408,5430.05,36,8.25,debt_consolidation,2023-05-28,0.296,0,0
3514,117,21900.75,36,15.72,debt_consolidation,2023-05-29,0.516,0,0
3515,3978,17828.17,36,17.73,debt_consolidation,2023-05-29,0.491,0,0
3516,2923,4599.95,36,14.48,debt_consolidation,2023-05-29,0.177,0,0
3517,2573,17670.47,36,10.72,credit_card,2023-05-29,0.32,0,0
3518,1112,8851.73,60,13.74,debt_consolidation,2023-05-29,0.345,0,0
3519,536,27617.27,36,10.38,debt_consolidation,2023-05-29,0.497,0,0
3520,3553,5054.2,36,14.19,debt_consolidation,2023-05-29,0.845,0,0
3521,1013,24257.48,36,15.18,debt_consolidation,2023-05-29,1.197,0,0
3522,194,1119.86,36,15.73,credit_card,2023-05-29,0.3,0,0
3523,1827,5766.65,60,17.69,debt_consolidation,2023-05-29,0.172,0,0
3524,3298,8553.81,36,13.87,debt_consolidation,2023-05-29,0.77,0,0
3525,3541,1641.08,36,15.31,credit_card,2023-05-29,0.66,0,1
3526,2369,4099.37,36,15.74,credit_card,2023-05-29,0.634,0,0
3527,1659,17340.43,36,13.25,credit_card,2023-05-29,0.543,2,0
3528,3099,12431.88,36,12.8,debt_consolidation,2023-05-29,0.372,0,0
3529,2324,4306.8,36,11.73,car,2023-05-29,0.19,0,0
3530,352,15038.93,60,16.93,small_business,2023-05-30,0.671,1,0
3531,947,32244.89,36,14.68,debt_consolidation,2023-05-30,1.049,1,0
3532,1405,9727.54,60,15.14,debt_consolidation,2023-05-30,1.038,0,0
3533,126,9299.96,36,15.4,medical,2023-05-30,0.328,0,0
3534,1011,5032.2,36,15.21,credit_card,2023-05-30,0.765,0,0
3535,2251,8011.52,60,16.32,credit_card,2023-05-30,0.72,0,0
3536,3901,6548.86,36,13.66,debt_consolidation,2023-05-31,0.429,0,0
3537,3529,4059.47,60,13.48,debt_consolidation,2023-05-31,0.168,0,0
3538,3315,3600.87,60,10.96,credit_card,2023-05-31,0.976,0,0
3539,2881,3623.51,36,14.07,car,2023-05-31,0.277,0,0
3540,596,8990.01,36,16.91,credit_card,2023-05-31,0.563,0,0
3541,2887,8222.35,60,14.45,small_business,2023-06-01,0.208,0,0
3542,1865,9468.69,36,12.75,debt_consolidation,2023-06-01,0.51,0,0
3543,448,10120.01,60,15.1,debt_consolidation,2023-06-01,0.382,0,0
3544,3914,7610.26,36,15.11,home_improvement,2023-06-01,0.411,0,0
3545,2787,12422.68,36,17.74,credit_card,2023-06-01,0.606,2,1
3546,1248,10680.79,36,11.22,car,2023-06-02,0.183,0,0
3547,2001,6831.55,60,17.33,debt_consolidation,2023-06-02,0.163,0,0
3548,3883,23668.96,60,13.64,debt_consolidation,2023-06-02,0.709,1,0
3549,85,25023.51,36,13.11,home_improvement,2023-06-02,0.332,0,0
3550,2656,8890.99,36,13.88,credit_card,2023-06-03,0.37,0,0
3551,1894,6412.77,36,12.9,medical,2023-06-03,0.345,1,0
3552,1122,4312.25,60,17.0,medical,2023-06-03,0.216,0,0
3553,2903,10885.44,36,16.75,car,2023-06-03,0.966,0,0
3554,1994,2187.81,36,14.77,medical,2023-06-03,0.469,1,0
3555,425,36413.29,36,13.22,debt_consolidation,2023-06-03,1.423,0,0
3556,474,12658.42,36,11.05,debt_consolidation,2023-06-03,0.412,1,0
3557,3647,8160.74,60,14.34,credit_card,2023-06-03,1.006,0,0
3558,3927,40000.0,36,17.89,debt_consolidation,2023-06-03,0.877,1,1
3559,3651,4417.19,36,16.04,other,2023-06-03,0.466,0,0
3560,1508,6146.77,36,15.82,credit_card,2023-06-04,0.481,0,0
3561,3762,25388.07,36,14.19,debt_consolidation,2023-06-04,1.157,0,0
3562,1328,22646.78,36,11.29,debt_consolidation,2023-06-04,0.784,0,0
3563,1579,9192.86,36,12.63,home_improvement,2023-06-04,0.368,0,0
3564,2679,3352.23,36,18.31,credit_card,2023-06-04,0.108,0,0
3565,1445,7793.89,36,9.07,other,2023-06-04,0.756,0,0
3566,2125,4731.29,36,15.13,small_business,2023-06-04,0.377,1,0
3567,3013,2745.37,36,13.68,debt_consolidation,2023-06-04,0.524,1,0
3568,481,5618.43,36,15.26,debt_consolidation,2023-06-05,0.437,0,0
3569,3640,9428.54,36,15.27,debt_consolidation,2023-06-05,0.531,0,0
3570,646,4098.46,60,11.2,small_business,2023-06-05,0.446,1,0
3571,3173,2173.21,36,17.55,debt_consolidation,2023-06-05,0.258,0,0
3572,3432,5744.78,36,14.24,home_improvement,2023-06-05,0.339,0,1
3573,645,5650.94,36,15.41,credit_card,2023-06-05,0.411,0,0
3574,3359,11185.57,36,16.29,credit_card,2023-06-05,0.525,0,0
3575,856,8210.56,36,16.5,small_business,2023-06-06,0.307,1,0
3576,2800,16883.73,36,15.33,credit_card,2023-06-06,0.161,0,0
3577,796,14744.99,36,15.22,home_improvement,2023-06-06,0.743,1,0
3578,1813,10565.04,36,16.27,home_improvement,2023-06-06,0.379,0,0
3579,2785,6835.07,36,11.09,car,2023-06-06,0.532,0,0
3580,3208,14362.1,36,13.65,small_business,2023-06-06,0.701,0,0
3581,3315,3254.37,36,14.05,credit_card,2023-06-07,0.968,0,0
3582,2451,9575.92,36,15.79,debt_consolidation,2023-06-07,0.641,0,0
3583,3906,14993.28,36,11.49,home_improvement,2023-06-07,0.68,0,0
3584,1149,14963.95,36,17.64,small_business,2023-06-07,0.783,2,0
3585,340,9387.12,36,16.49,debt_consolidation,2023-06-07,0.447,1,0
3586,886,2662.08,60,17.34,car,2023-06-07,0.175,1,0
3587,1146,8507.44,36,16.39,debt_consolidation,2023-06-07,0.432,0,0
3588,517,10034.22,36,12.41,car,2023-06-08,0.533,0,0
3589,927,40000.0,60,18.6,credit_card,2023-06-08,0.926,2,0
3590,1976,2139.45,36,16.47,credit_card,2023-06-08,0.528,1,0
3591,2412,7231.54,36,14.66,car,2023-06-08,0.428,0,0
3592,3948,24424.76,60,14.6,home_improvement,2023-06-08,0.837,0,0
3593,2000,6889.4,60,16.81,credit_card,2023-06-09,0.846,0,1
3594,88,8508.77,60,16.23,debt_consolidation,2023-06-09,0.621,0,0
3595,266,5386.09,36,16.81,car,2023-06-09,0.53,0,0
3596,2902,13750.39,36,15.22,other,2023-06-09,0.681,0,0
3597,2533,17830.42,60,14.93,medical,2023-06-10,0.347,0,0
3598,159,8286.7,60,15.32,debt_consolidation,2023-06-10,0.311,0,0
3599,1783,12871.73,36,14.46,debt_consolidation,2023-06-10,0.523,1,0
3600,183,13545.76,60,16.09,medical,2023-06-10,0.667,0,1
3601,141,11577.88,60,17.97,credit_card,2023-06-11,0.614,0,1
3602,3562,5170.54,60,16.15,home_improvement,2023-06-11,0.306,1,0
3603,1854,15376.93,36,14.94,debt_consolidation,2023-06-11,0.983,2,1
3604,1583,5496.76,60,16.87,home_improvement,2023-06-11,0.581,0,0
3605,779,10042.6,36,15.52,credit_card,2023-06-11,0.991,0,0
3606,2861,3139.15,36,14.58,debt_consolidation,2023-06-11,0.616,0,0
3607,1976,4800.03,36,16.58,debt_consolidation,2023-06-11,0.577,0,0
3608,3059,7271.05,60,16.07,debt_consolidation,2023-06-12,0.28,1,0
3609,1173,12800.26,36,14.31,car,2023-06-12,0.589,0,0
3610,2505,1873.41,60,17.4,car,2023-06-12,0.061,0,1
3611,34,14995.04,60,13.29,car,2023-06-12,0.364,0,0
3612,3101,13976.99,36,15.73,medical,2023-06-12,0.578,0,0
3613,2265,8500.26,36,14.74,home_improvement,2023-06-12,0.33,1,0
3614,443,15865.58,36,11.94,credit_card,2023-06-12,0.647,0,0
3615,3674,8100.49,36,14.21,credit_card,2023-06-12,0.42,2,1
3616,104,6959.37,60,15.76,home_improvement,2023-06-12,0.154,0,0
3617,3984,4478.18,36,13.75,credit_card,2023-06-12,0.625,0,0
3618,1325,14259.37,36,15.6,debt_consolidation,2023-06-12,0.743,0,0
3619,3113,21537.49,36,12.88,debt_consolidation,2023-06-13,0.66,0,0
3620,1004,5005.3,36,14.53,debt_consolidation,2023-06-13,0.2,0,0
3621,2811,3987.57,36,14.32,debt_consolidation,2023-06-13,0.17,0,0
3622,1215,8943.15,60,12.45,home_improvement,2023-06-13,0.332,0,0
3623,2108,6040.61,60,19.17,debt_consolidation,2023-06-13,0.39,1,0
3624,1674,16242.3,36,15.53,credit_card,2023-06-14,0.642,0,0
3625,2375,11475.09,36,13.84,credit_card,2023-06-14,0.415,0,0
3626,1681,1523.53,36,15.5,credit_card,2023-06-14,0.241,0,0
3627,2778,25187.53,36,18.24,debt_consolidation,2023-06-14,0.982,1,0
3628,2205,14091.86,36,15.22,car,2023-06-14,0.706,0,0
3629,3224,7983.22,36,13.77,debt_consolidation,2023-06-14,0.593,0,0
3630,586,9198.73,36,12.69,home_improvement,2023-06-14,0.532,0,0
3631,3869,29972.95,36,16.17,car,2023-06-14,0.74,0,0
3632,234,8087.79,36,15.66,credit_card,2023-06-15,0.269,0,1
3633,1968,16678.56,36,14.7,credit_card,2023-06-15,0.463,0,0
3634,2239,24118.43,36,19.52,medical,2023-06-15,0.834,0,0
3635,440,3981.5,36,14.82,credit_card,2023-06-15,0.495,0,0
3636,2091,9308.9,60,11.85,medical,2023-06-15,0.381,0,0
3637,3309,2690.25,36,13.3,car,2023-06-15,0.579,0,0
3638,100,4731.2,60,16.26,small_business,2023-06-16,0.643,0,0
3639,3769,6319.37,36,14.24,debt_consolidation,2023-06-16,0.267,0,0
3640,3339,5010.1,60,17.46,credit_card,2023-06-16,0.377,0,0
3641,224,3918.59,60,18.96,debt_consolidation,2023-06-16,0.257,0,0
3642,1799,8003.31,36,12.97,debt_consolidation,2023-06-16,0.675,0,0
3643,2296,10235.46,60,16.71,credit_card,2023-06-16,0.625,1,0
3644,2051,21131.16,36,18.29,debt_consolidation,2023-06-16,0.733,0,0
3645,3966,12801.74,60,17.45,debt_consolidation,2023-06-17,0.613,1,0
3646,1402,11814.06,36,14.34,small_business,2023-06-17,0.606,0,0
3647,47,14722.68,60,16.98,home_improvement,2023-06-17,0.869,0,0
3648,1382,21656.09,36,16.72,medical,2023-06-17,1.262,0,0
3649,3013,8576.02,36,14.69,credit_card,2023-06-17,0.655,0,0
3650,1527,40000.0,60,16.22,home_improvement,2023-06-17,0.852,0,0
3651,688,8498.41,36,15.92,credit_card,2023-06-17,0.602,0,0
3652,1927,2793.98,36,13.88,home_improvement,2023-06-18,0.611,0,0
3653,1102,2761.83,36,13.6,home_improvement,2023-06-18,0.337,1,0
3654,516,3607.06,36,10.6,debt_consolidation,2023-06-18,0.172,0,0
3655,2810,12868.67,36,13.51,credit_card,2023-06-18,0.485,0,0
3656,2125,5183.92,36,18.74,credit_card,2023-06-19,0.386,0,0
3657,3609,3053.16,60,16.95,credit_card,2023-06-19,0.171,0,0
3658,563,7841.94,60,15.67,car,2023-06-19,0.235,0,0
3659,1129,18350.0,60,13.23,car,2023-06-19,0.437,2,0
3660,558,6148.5,60,17.27,small_business,2023-06-19,0.449,0,1
3661,2511,18771.9,60,16.77,small_business,2023-06-20,0.712,0,1
3662,723,3718.39,36,15.43,small_business,2023-06-20,0.496,1,0
3663,2703,10781.84,60,17.43,debt_consolidation,2023-06-20,0.488,0,0
3664,1054,5310.93,36,15.24,credit_card,2023-06-20,0.497,0,0
3665,890,21776.22,36,14.55,debt_consolidation,2023-06-20,0.741,0,0
3666,3864,11680.06,36,15.39,small_business,2023-06-20,0.522,1,0
3667,746,6291.37,60,14.38,home_improvement,2023-06-21,0.898,0,0
3668,3423,7912.76,36,13.28,debt_consolidation,2023-06-21,0.298,0,0
3669,2834,18204.97,36,15.93,debt_consolidation,2023-06-21,1.061,0,0
3670,2764,9366.16,60,17.86,credit_card,2023-06-21,0.411,1,0
3671,3860,35629.4,36,15.51,other,2023-06-21,0.646,0,0
3672,2826,10986.19,60,13.74,medical,2023-06-22,0.256,0,0
3673,719,3646.91,36,11.84,debt_consolidation,2023-06-22,0.122,0,0
3674,2861,10564.59,36,14.14,debt_consolidation,2023-06-22,0.754,0,0
3675,2553,21639.46,36,12.38,medical,2023-06-22,0.553,0,0
3676,282,15522.24,36,17.67,home_improvement,2023-06-22,1.458,2,1
3677,3497,18894.16,36,17.2,credit_card,2023-06-22,0.716,0,0
3678,2283,15059.77,36,14.39,debt_consolidation,2023-06-22,0.444,0,0
3679,3887,22957.11,36,13.29,credit_card,2023-06-22,0.592,0,0
3680,2219,3358.15,36,12.21,credit_card,2023-06-22,0.086,1,0
3681,3191,2900.38,36,15.42,debt_consolidation,2023-06-22,0.565,0,0
3682,1168,6948.76,60,16.81,debt_consolidation,2023-06-22,0.527,0,0
3683,212,9808.19,36,11.01,car,2023-06-23,0.594,0,0
3684,633,10105.84,60,16.25,home_improvement,2023-06-23,0.454,0,0
3685,778,16168.0,36,15.72,car,2023-06-23,1.067,0,1
3686,245,5832.57,36,20.94,medical,2023-06-23,0.474,2,1
3687,3495,16101.16,60,20.54,credit_card,2023-06-23,0.705,1,1
3688,3657,4610.36,36,13.85,credit_card,2023-06-23,0.382,1,1
3689,1358,2585.61,36,17.57,credit_card,2023-06-23,0.114,0,0
3690,260,8079.78,36,12.54,small_business,2023-06-23,0.796,0,0
3691,1317,3898.43,36,16.19,credit_card,2023-06-23,0.19,1,0
3692,3649,1839.58,36,14.53,other,2023-06-24,0.341,0,0
3693,1266,3171.42,36,16.22,credit_card,2023-06-24,0.254,1,0
3694,1564,5599.03,36,14.89,debt_consolidation,2023-06-24,0.251,0,0
3695,2282,3474.16,60,12.43,credit_card,2023-06-24,0.214,0,0
3696,347,21716.76,60,15.57,car,2023-06-24,0.776,1,0
3697,1380,10648.65,60,13.58,small_business,2023-06-24,0.646,0,0
3698,1997,16727.75,36,10.67,home_improvement,2023-06-25,0.605,1,1
3699,1392,9666.98,36,15.59,debt_consolidation,2023-06-25,0.514,0,0
3700,3518,2884.28,60,15.51,home_improvement,2023-06-25,0.109,0,0
3701,440,3503.16,60,13.52,debt_consolidation,2023-06-25,0.481,0,0
3702,709,11827.78,36,15.05,home_improvement,2023-06-25,0.4,2,0
3703,3060,7227.51,60,16.05,credit_card,2023-06-25,0.459,0,0
3704,3103,5846.39,36,16.3,credit_card,2023-06-25,0.347,1,1
3705,1542,10630.04,36,13.31,credit_card,2023-06-25,0.271,1,0
3706,1712,18109.62,36,16.92,credit_card,2023-06-25,1.672,0,0
3707,1979,9523.37,36,12.66,debt_consolidation,2023-06-25,0.578,0,0
3708,744,8524.73,36,14.58,debt_consolidation,2023-06-25,0.591,0,0
3709,2650,13811.74,60,15.81,credit_card,2023-06-25,0.875,0,0
3710,345,1629.31,36,14.71,debt_consolidation,2023-06-26,0.086,0,0
3711,1869,3826.0,36,15.69,debt_consolidation,2023-06-26,0.353,0,0
3712,1615,19180.49,36,15.92,debt_consolidation,2023-06-26,0.549,0,1
3713,1372,7588.61,36,16.46,debt_consolidation,2023-06-26,0.272,0,0
3714,3780,5924.64,60,16.5,credit_card,2023-06-26,0.678,0,0
3715,2676,2482.49,36,10.95,home_improvement,2023-06-26,0.079,0,0
3716,2367,5911.08,36,15.05,home_improvement,2023-06-26,0.409,0,0
3717,3262,5388.23,36,13.82,debt_consolidation,2023-06-27,0.27,0,0
3718,3128,4860.45,36,14.44,credit_card,2023-06-27,0.327,0,0
3719,3196,14037.94,60,18.02,car,2023-06-27,0.592,0,0
3720,1489,7956.68,60,19.23,credit_card,2023-06-27,0.414,0,0
3721,2177,40000.0,36,12.71,debt_consolidation,2023-06-27,1.227,0,0
3722,1096,24534.2,60,16.69,debt_consolidation,2023-06-28,0.88,0,1
3723,170,10647.76,36,12.81,debt_consolidation,2023-06-28,0.58,0,0
3724,1135,4428.85,36,15.72,debt_consolidation,2023-06-28,0.48,0,0
3725,3751,4635.57,36,15.71,home_improvement,2023-06-28,0.3,0,0
3726,959,17311.68,60,14.3,debt_consolidation,2023-06-28,0.271,0,0
3727,2473,3821.79,60,12.9,small_business,2023-06-28,0.237,0,0
3728,3436,11403.31,36,16.05,car,2023-06-28,0.951,0,0
3729,219,23741.86,36,14.33,debt_consolidation,2023-06-28,0.38,0,0
3730,198,8522.05,60,15.4,credit_card,2023-06-28,0.604,0,1
3731,2616,13393.96,36,17.42,car,2023-06-29,0.364,2,1
3732,2130,8544.09,36,13.47,debt_consolidation,2023-06-29,0.494,0,0
3733,1168,20386.22,60,17.44,other,2023-06-29,0.956,0,0
3734,3046,6720.62,36,15.56,home_improvement,2023-06-29,0.72,0,0
3735,1144,11647.51,60,13.65,debt_consolidation,2023-06-29,0.289,0,0
3736,415,15887.57,36,11.83,credit_card,2023-06-29,0.696,0,0
3737,77,17335.73,36,17.0,home_improvement,2023-06-29,1.286,0,0
3738,1674,8696.99,60,17.78,medical,2023-06-29,0.48,1,0
3739,978,7830.33,36,11.92,debt_consolidation,2023-06-30,0.485,0,0
3740,2302,8238.28,60,19.02,debt_consolidation,2023-06-30,0.371,1,0
3741,1023,10077.72,36,13.76,small_business,2023-06-30,0.429,0,0
3742,1993,6295.41,60,17.74,other,2023-06-30,0.611,1,1
3743,1984,15374.22,36,12.24,medical,2023-07-01,0.948,0,0
3744,59,9989.59,36,16.69,medical,2023-07-01,0.673,0,0
3745,2998,6738.47,36,14.54,debt_consolidation,2023-07-01,0.248,0,0
3746,3303,14205.64,36,14.04,other,2023-07-01,0.552,0,0
3747,517,3259.09,36,14.37,medical,2023-07-01,0.449,0,0
3748,441,21422.47,60,16.47,home_improvement,2023-07-01,0.85,0,0
3749,2274,5062.02,36,14.15,debt_consolidation,2023-07-01,0.093,0,0
3750,3344,7609.1,36,16.06,debt_consolidation,2023-07-02,0.524,0,1
3751,3257,4122.22,36,15.57,other,2023-07-02,0.226,0,0
3752,463,17342.46,60,14.75,debt_consolidation,2023-07-02,0.617,0,0
3753,1736,16084.31,36,15.68,small_business,2023-07-02,1.015,0,1
3754,2550,5286.29,36,14.69,debt_consolidation,2023-07-02,0.451,0,0
3755,771,11791.63,36,13.44,debt_consolidation,2023-07-02,0.364,0,1
3756,2968,6698.12,36,14.11,home_improvement,2023-07-03,0.499,0,0
3757,2433,14576.78,36,13.36,credit_card,2023-07-03,0.542,1,0
3758,1805,2787.01,36,15.32,small_business,2023-07-03,0.18,0,0
3759,1264,2563.88,36,11.13,debt_consolidation,2023-07-04,0.292,0,0
3760,2495,23679.08,36,13.34,credit_card,2023-07-04,0.561,0,0
3761,1205,5815.07,60,16.07,home_improvement,2023-07-04,0.423,0,0
3762,1437,12383.22,36,12.38,small_business,2023-07-04,0.347,0,0
3763,2013,21514.81,36,11.45,debt_consolidation,2023-07-04,0.386,0,0
3764,1863,3435.61,36,16.95,medical,2023-07-05,0.321,0,1
3765,1846,9288.51,36,11.75,debt_consolidation,2023-07-05,0.924,0,0
3766,3394,3548.23,36,14.16,credit_card,2023-07-05,0.484,0,0
3767,1599,11862.41,36,13.49,debt_consolidation,2023-07-05,0.263,0,0
3768,3833,7814.35,60,15.63,credit_card,2023-07-05,0.26,0,0
3769,3285,8002.46,36,12.75,other,2023-07-05,0.527,0,0
3770,3524,4196.91,36,14.91,debt_consolidation,2023-07-06,0.271,0,0
3771,2828,5811.97,60,14.02,car,2023-07-06,0.601,0,0
3772,1143,8718.61,36,13.57,credit_card,2023-07-06,0.256,0,0
3773,1858,1756.4,60,17.55,medical,2023-07-06,0.332,0,0
3774,7,9926.24,36,15.79,other,2023-07-06,0.384,1,0
3775,2335,4367.86,36,17.01,debt_consolidation,2023-07-06,0.286,2,0
3776,1307,8757.82,36,14.96,credit_card,2023-07-07,0.599,1,0
3777,890,7251.38,60,18.99,medical,2023-07-07,0.592,0,0
3778,2839,2194.34,36,10.95,small_business,2023-07-07,0.546,0,0
3779,3526,2083.71,36,13.55,car,2023-07-07,0.402,0,0
3780,1474,9280.62,36,19.22,debt_consolidation,2023-07-07,0.395,0,0
3781,1147,16567.38,60,14.02,credit_card,2023-07-07,0.669,0,0
3782,3440,6493.66,36,14.36,small_business,2023-07-08,0.438,0,0
3783,3533,7240.31,36,15.55,other,2023-07-08,0.404,0,0
3784,1327,4504.69,60,15.93,home_improvement,2023-07-08,0.335,0,0
3785,3837,8492.87,36,16.85,debt_consolidation,2023-07-08,0.567,0,0
3786,1956,15097.98,36,12.8,debt_consolidation,2023-07-08,0.403,1,0
3787,1704,7003.21,36,12.85,medical,2023-07-08,0.358,0,0
3788,2708,5754.79,36,11.98,other,2023-07-08,0.225,0,0
3789,2969,14182.82,36,13.23,debt_consolidation,2023-07-09,0.712,1,0
3790,3325,8639.56,36,16.78,credit_card,2023-07-09,0.257,0,0
3791,1181,9897.92,36,15.07,car,2023-07-09,0.845,0,0
3792,1014,40000.0,36,11.91,car,2023-07-09,0.63,0,0
3793,1235,13968.49,36,16.31,credit_card,2023-07-09,0.859,1,0
3794,1776,5653.25,36,19.28,credit_card,2023-07-09,0.18,1,0
3795,2650,7760.25,36,14.97,credit_card,2023-07-10,0.619,0,0
3796,1606,3951.13,36,9.96,credit_card,2023-07-10,0.343,0,0
3797,913,9583.65,36,17.0,debt_consolidation,2023-07-10,0.665,0,0
3798,7,2114.89,36,17.22,credit_card,2023-07-10,0.215,0,0
3799,756,9540.7,36,14.55,debt_consolidation,2023-07-10,0.318,0,0
3800,2347,3847.28,60,9.58,debt_consolidation,2023-07-10,0.238,0,0
3801,1610,7886.48,36,12.49,car,2023-07-10,0.271,0,0
3802,2655,5279.53,36,15.04,home_improvement,2023-07-10,0.095,0,0
3803,2809,6924.75,60,14.1,home_improvement,2023-07-10,0.474,0,0
3804,2043,6615.88,36,18.8,debt_consolidation,2023-07-10,0.464,0,1
3805,2066,5083.56,36,14.59,car,2023-07-11,0.141,0,0
3806,3075,8382.61,36,17.38,car,2023-07-11,0.17,0,0
3807,1963,6715.51,36,21.8,credit_card,2023-07-11,0.287,0,0
3808,2078,2581.05,36,13.9,debt_consolidation,2023-07-12,0.632,1,0
3809,271,11195.0,36,13.64,debt_consolidation,2023-07-12,0.58,0,0
3810,42,40000.0,60,17.19,credit_card,2023-07-12,0.844,0,1
3811,2752,15094.97,36,14.41,debt_consolidation,2023-07-12,0.679,0,0
3812,3648,5435.63,60,18.49,debt_consolidation,2023-07-12,0.061,0,0
3813,1920,15347.36,60,11.85,debt_consolidation,2023-07-12,0.549,0,0
3814,283,8528.07,60,18.14,debt_consolidation,2023-07-12,0.195,0,0
3815,3748,5736.57,36,11.05,small_business,2023-07-12,0.51,0,0
3816,726,3358.87,36,12.42,debt_consolidation,2023-07-12,0.322,0,0
3817,3297,11500.85,60,17.69,car,2023-07-12,0.751,0,0
3818,3588,27088.72,36,19.12,car,2023-07-13,1.105,0,1
3819,2218,4174.3,36,11.86,small_business,2023-07-13,0.555,0,0
3820,3108,11511.27,36,16.65,car,2023-07-13,0.254,0,0
3821,2327,14581.86,60,19.67,debt_consolidation,2023-07-13,0.613,1,0
3822,3502,21468.84,36,17.66,debt_consolidation,2023-07-13,1.386,0,0
3823,1149,19382.89,36,15.4,debt_consolidation,2023-07-13,0.864,0,1
3824,1852,13570.28,60,20.41,debt_consolidation,2023-07-13,0.247,0,0
3825,1035,2126.41,36,12.29,credit_card,2023-07-13,0.145,0,0
3826,2899,14701.25,36,13.91,home_improvement,2023-07-13,0.815,0,0
3827,794,13318.47,60,17.6,debt_consolidation,2023-07-14,0.682,1,0
3828,3478,4385.96,36,12.51,debt_consolidation,2023-07-14,0.402,0,0
3829,1277,12691.97,36,14.66,debt_consolidation,2023-07-14,0.322,0,0
3830,1205,22188.66,36,14.6,other,2023-07-14,1.113,0,0
3831,940,6509.69,60,17.67,credit_card,2023-07-14,0.355,0,1
3832,1378,5293.53,36,14.43,debt_consolidation,2023-07-14,0.371,0,0
3833,1383,3000.79,36,15.12,debt_consolidation,2023-07-15,0.312,0,0
3834,3630,6062.77,36,14.42,car,2023-07-15,0.33,0,0
3835,1215,6526.56,60,15.07,debt_consolidation,2023-07-15,0.298,0,0
3836,3679,15651.95,36,14.87,home_improvement,2023-07-15,0.465,0,0
3837,3530,6883.89,36,17.11,debt_consolidation,2023-07-15,0.123,0,0
3838,761,40000.0,36,15.28,debt_consolidation,2023-07-15,0.765,0,0
3839,3473,5316.27,36,11.37,car,2023-07-15,0.303,0,0
3840,2550,6049.66,36,15.04,home_improvement,2023-07-15,0.474,0,0
3841,3831,24828.96,36,10.39,small_business,2023-07-15,0.323,1,0
3842,1658,7637.8,36,15.42,debt_consolidation,2023-07-15,0.391,4,0
3843,2558,8479.21,36,15.19,debt_consolidation,2023-07-15,0.358,1,0
3844,958,2688.02,36,16.35,other,2023-07-16,0.292,0,0
3845,251,7456.18,60,15.66,debt_consolidation,2023-07-16,0.207,0,0
3846,1709,7407.64,60,13.02,debt_consolidation,2023-07-16,0.293,0,0
3847,2377,14143.05,36,14.33,credit_card,2023-07-16,0.773,0,0
3848,156,13253.97,60,18.76,debt_consolidation,2023-07-16,0.478,0,1
3849,3634,10503.54,60,17.37,credit_card,2023-07-16,0.82,0,0
3850,1881,10969.79,60,16.82,medical,2023-07-16,0.438,0,1
3851,1965,13486.99,36,13.61,medical,2023-07-17,0.42,0,0
3852,3393,10903.3,36,13.61,home_improvement,2023-07-17,0.599,1,0
3853,2388,11862.66,36,13.83,debt_consolidation,2023-07-17,0.589,0,0
3854,2214,10539.7,36,13.14,debt_consolidation,2023-07-17,0.376,0,0
3855,659,10181.97,36,17.65,credit_card,2023-07-17,0.725,1,1
3856,2574,9705.71,60,14.11,debt_consolidation,2023-07-17,0.72,0,0
3857,751,4880.87,36,12.47,debt_consolidation,2023-07-17,0.45,0,0
3858,216,4858.82,36,15.36,credit_card,2023-07-18,0.154,0,0
3859,1335,7967.13,60,15.37,debt_consolidation,2023-07-18,0.148,0,0
3860,1157,6625.27,36,17.85,debt_consolidation,2023-07-18,0.498,1,0
3861,956,8626.37,36,11.45,home_improvement,2023-07-18,0.539,0,0
3862,1290,5030.27,36,14.92,debt_consolidation,2023-07-18,0.13,0,0
3863,642,12175.55,36,15.85,debt_consolidation,2023-07-18,0.98,1,0
3864,2297,12676.33,36,13.36,debt_consolidation,2023-07-18,0.779,0,0
3865,2221,3922.1,36,14.54,credit_card,2023-07-18,0.603,0,0
3866,3127,3880.05,36,16.29,debt_consolidation,2023-07-19,0.506,0,0
3867,2071,9032.4,36,18.81,medical,2023-07-19,0.746,1,0
3868,2791,2015.05,36,14.78,credit_card,2023-07-19,0.43,0,0
3869,1901,10146.85,36,13.37,debt_consolidation,2023-07-19,0.507,0,0
3870,1787,5964.79,36,10.88,debt_consolidation,2023-07-19,0.336,0,0
3871,189,7042.86,60,16.3,credit_card,2023-07-19,0.269,2,0
3872,2523,23663.33,36,16.51,debt_consolidation,2023-07-19,0.63,0,0
3873,3537,10422.2,60,13.63,medical,2023-07-19,0.294,2,0
3874,2229,24996.94,36,16.65,home_improvement,2023-07-19,1.02,2,1
3875,1355,5473.36,36,14.05,debt_consolidation,2023-07-19,0.209,1,0
3876,2103,23893.56,60,13.43,small_business,2023-07-20,1.297,0,0
3877,3909,6674.08,36,16.08,home_improvement,2023-07-20,0.384,0,0
3878,133,6506.22,36,15.06,credit_card,2023-07-20,0.254,0,0
3879,669,4436.38,60,18.67,debt_consolidation,2023-07-20,0.112,1,0
3880,1953,9253.27,36,14.93,debt_consolidation,2023-07-20,0.717,1,0
3881,1369,9647.5,36,11.84,home_improvement,2023-07-20,0.3,0,0
3882,236,6711.27,36,14.43,debt_consolidation,2023-07-20,0.34,0,0
3883,2344,12399.9,36,14.19,debt_consolidation,2023-07-21,0.601,1,0
3884,2433,8143.44,36,11.27,debt_consolidation,2023-07-21,0.41,0,0
3885,111,8337.9,36,13.23,credit_card,2023-07-21,0.606,0,0
3886,3461,7999.19,36,16.05,debt_consolidation,2023-07-22,0.382,0,0
3887,1026,7717.65,36,15.88,credit_card,2023-07-22,0.6,1,0
3888,3845,10777.74,36,13.62,home_improvement,2023-07-22,0.281,0,0
3889,1086,6540.98,36,17.09,car,2023-07-22,0.174,0,0
3890,2088,5701.97,36,14.99,debt_consolidation,2023-07-22,0.6,0,0
3891,3632,8590.21,60,16.04,small_business,2023-07-23,0.807,0,0
3892,1129,9357.03,60,14.11,home_improvement,2023-07-23,0.292,0,0
3893,852,13487.78,36,15.56,small_business,2023-07-23,0.589,0,0
3894,1821,6255.46,60,13.17,home_improvement,2023-07-23,0.557,0,0
3895,1872,21072.08,36,15.73,medical,2023-07-23,0.543,0,0
3896,43,11220.02,36,13.65,debt_consolidation,2023-07-23,0.342,0,0
3897,3944,14324.04,36,13.23,small_business,2023-07-23,0.36,0,0
3898,894,18747.69,36,14.25,car,2023-07-23,0.785,2,0
3899,1051,8501.58,36,10.59,credit_card,2023-07-23,0.24,0,0
3900,1104,10942.77,60,16.94,medical,2023-07-23,0.233,0,0
3901,262,8531.03,60,20.0,debt_consolidation,2023-07-23,0.585,0,0
3902,3445,6187.85,36,19.0,other,2023-07-24,0.257,1,0
3903,3844,6649.12,60,16.51,other,2023-07-24,0.26,0,0
3904,48,5638.67,60,15.65,debt_consolidation,2023-07-24,0.162,0,0
3905,783,8860.5,36,18.1,debt_consolidation,2023-07-24,0.324,0,0
3906,3073,2116.77,36,14.96,home_improvement,2023-07-24,0.147,0,0
3907,1462,14036.68,36,13.36,credit_card,2023-07-25,0.559,0,0
3908,647,9033.29,36,14.93,car,2023-07-25,0.185,0,0
3909,2233,15833.72,36,14.07,home_improvement,2023-07-25,0.506,0,0
3910,3786,3222.99,60,17.24,home_improvement,2023-07-25,0.081,0,0
3911,662,3333.79,36,14.43,debt_consolidation,2023-07-25,0.343,1,0
3912,3491,4443.77,36,14.8,credit_card,2023-07-25,0.523,0,0
3913,3643,6199.41,36,14.14,credit_card,2023-07-25,0.479,0,0
3914,117,22520.39,36,15.74,credit_card,2023-07-26,0.523,0,0
3915,2374,8067.29,36,16.75,medical,2023-07-26,0.571,1,0
3916,544,24528.44,36,17.42,credit_card,2023-07-26,1.133,0,0
3917,3326,13445.95,36,13.62,other,2023-07-27,0.323,0,0
3918,3507,10449.9,36,19.66,debt_consolidation,2023-07-27,0.672,0,0
3919,2893,6864.12,36,14.09,credit_card,2023-07-27,0.639,0,0
3920,2874,15063.65,36,15.58,debt_consolidation,2023-07-27,0.35,0,0
3921,315,4196.83,36,17.49,home_improvement,2023-07-27,0.215,2,0
3922,649,8353.9,36,11.9,debt_consolidation,2023-07-27,0.245,1,0
3923,387,4584.87,36,16.15,home_improvement,2023-07-27,0.424,0,0
3924,562,9364.61,60,15.7,debt_consolidation,2023-07-27,0.502,2,0
3925,2569,3674.93,36,15.61,home_improvement,2023-07-28,0.29,0,0
3926,3050,10783.96,60,17.08,debt_consolidation,2023-07-28,0.607,1,0
3927,3948,7280.81,36,15.25,debt_consolidation,2023-07-28,0.527,0,0
3928,434,7060.95,36,16.86,home_improvement,2023-07-28,0.146,0,0
3929,1743,9018.47,36,16.38,credit_card,2023-07-28,0.272,0,0
3930,331,9035.31,36,15.34,debt_consolidation,2023-07-29,0.485,0,0
3931,2365,9981.93,60,11.57,debt_consolidation,2023-07-29,0.547,0,0
3932,1366,12542.17,60,14.11,car,2023-07-29,0.509,0,0
3933,1774,5527.02,36,13.36,home_improvement,2023-07-29,0.362,0,1
3934,765,5513.55,36,13.23,home_improvement,2023-07-29,0.2,0,0
3935,323,12372.47,36,17.17,home_improvement,2023-07-29,0.804,1,0
3936,3056,8642.92,36,17.15,credit_card,2023-07-30,0.525,0,0
3937,2814,4941.54,36,14.4,debt_consolidation,2023-07-30,0.384,0,0
3938,1222,11022.93,36,19.44,other,2023-07-30,1.093,1,0
3939,1976,35868.9,60,20.61,debt_consolidation,2023-07-30,1.15,0,0
3940,3424,3684.92,36,14.38,credit_card,2023-07-30,0.231,0,0
3941,200,12565.56,60,15.76,debt_consolidation,2023-07-30,0.654,1,0
3942,2302,23932.37,36,16.22,debt_consolidation,2023-07-30,0.785,0,0
3943,668,1602.23,36,11.16,credit_card,2023-07-30,0.545,0,0
3944,3193,3282.84,36,13.44,car,2023-07-31,0.332,0,0
3945,835,5975.22,60,18.03,credit_card,2023-07-31,0.585,1,0
3946,2938,7387.76,36,14.01,home_improvement,2023-07-31,0.481,0,0
3947,1224,7197.08,36,15.81,credit_card,2023-07-31,0.476,0,0
3948,3618,5641.91,36,18.21,other,2023-07-31,0.348,0,1
3949,1504,18936.09,36,10.79,credit_card,2023-08-01,0.709,0,0
3950,1637,18343.71,36,15.56,credit_card,2023-08-01,0.444,0,0
3951,3299,10186.57,36,15.51,debt_consolidation,2023-08-01,0.611,0,0
3952,3769,8213.25,36,16.56,credit_card,2023-08-01,0.298,0,0
3953,2704,7290.68,36,13.9,credit_card,2023-08-01,0.629,0,0
3954,1964,3532.37,36,14.35,credit_card,2023-08-01,0.575,0,0
3955,2075,9247.0,36,15.18,small_business,2023-08-01,0.372,0,0
3956,345,3579.78,36,16.22,small_business,2023-08-01,0.134,1,0
3957,2622,5824.86,36,20.5,debt_consolidation,2023-08-02,0.609,0,0
3958,1247,4063.21,60,13.11,debt_consolidation,2023-08-02,0.313,0,0
3959,2327,6135.37,36,20.8,debt_consolidation,2023-08-02,0.447,0,1
3960,3899,6994.39,60,16.79,credit_card,2023-08-02,0.414,0,0
3961,97,5764.14,36,11.48,small_business,2023-08-02,0.324,0,0
3962,331,6243.81,36,14.57,debt_consolidation,2023-08-02,0.465,0,0
3963,1631,3037.3,36,16.42,home_improvement,2023-08-03,0.26,0,0
3964,2633,9504.33,36,13.75,home_improvement,2023-08-03,0.359,0,0
3965,2405,16676.98,36,13.79,debt_consolidation,2023-08-03,0.477,0,0
3966,1882,1936.03,60,13.84,car,2023-08-03,0.202,0,0
3967,359,4492.05,36,16.84,debt_consolidation,2023-08-03,0.555,2,0
3968,1471,2876.38,36,13.13,medical,2023-08-03,0.39,0,0
3969,3538,11852.49,60,15.54,debt_consolidation,2023-08-03,0.575,0,0
3970,282,13701.18,60,15.8,debt_consolidation,2023-08-03,1.338,0,0
3971,1506,11194.86,36,13.12,debt_consolidation,2023-08-04,0.847,0,0
3972,494,9781.22,60,16.73,debt_consolidation,2023-08-04,0.561,0,0
3973,723,3777.13,36,17.72,credit_card,2023-08-04,0.497,0,0
3974,2080,18384.32,36,15.92,debt_consolidation,2023-08-04,1.101,0,0
3975,591,32765.27,36,15.12,credit_card,2023-08-04,0.963,0,0
3976,2864,7223.22,36,14.19,debt_consolidation,2023-08-04,0.501,0,0
3977,60,7292.81,60,18.09,debt_consolidation,2023-08-04,0.694,0,0
3978,912,2889.46,60,15.36,debt_consolidation,2023-08-04,0.14,0,1
3979,3207,16060.87,60,18.33,small_business,2023-08-04,0.599,0,1
3980,1818,15809.02,36,12.61,car,2023-08-04,0.506,0,0
3981,310,5636.11,36,18.11,small_business,2023-08-04,0.4,0,0
3982,2251,20691.82,36,13.89,debt_consolidation,2023-08-04,0.987,0,0
3983,313,25482.44,36,12.92,home_improvement,2023-08-05,0.899,0,0
3984,3010,7613.52,36,17.06,debt_consolidation,2023-08-05,0.477,0,0
3985,2115,40000.0,36,15.85,debt_consolidation,2023-08-05,0.966,0,0
3986,1192,8160.8,60,18.17,credit_card,2023-08-05,0.29,1,0
3987,2215,4679.43,60,15.28,car,2023-08-05,0.14,0,0
3988,750,6116.6,36,11.25,home_improvement,2023-08-05,0.315,0,0
3989,2569,12903.41,36,15.11,debt_consolidation,2023-08-05,0.495,1,0
3990,1992,16186.36,36,15.01,debt_consolidation,2023-08-05,0.853,0,0
3991,3785,16672.28,36,15.11,car,2023-08-05,0.586,0,0
3992,1179,4697.78,36,17.29,small_business,2023-08-05,0.97,0,0
3993,3938,9995.84,60,16.94,home_improvement,2023-08-05,0.471,2,0
3994,1520,2133.54,60,14.28,credit_card,2023-08-05,0.287,0,0
3995,1970,4607.97,60,15.55,debt_consolidation,2023-08-05,0.696,0,0
3996,894,9981.51,36,14.54,small_business,2023-08-06,0.539,2,0
3997,476,3414.14,36,10.55,credit_card,2023-08-06,0.581,0,0
3998,365,4133.8,60,16.22,debt_consolidation,2023-08-06,0.302,0,0
3999,2252,11104.09,60,17.17,debt_consolidation,2023-08-06,0.333,0,0
4000,2048,8316.31,36,12.63,debt_consolidation,2023-08-06,0.768,0,0
4001,5,5467.1,36,12.59,debt_consolidation,2023-08-06,0.698,0,0
4002,962,2688.07,60,14.59,credit_card,2023-08-07,0.531,0,1
4003,3692,27098.06,36,14.88,medical,2023-08-07,1.133,0,0
4004,3607,9819.93,60,15.16,debt_consolidation,2023-08-07,0.552,1,0
4005,3375,5521.82,36,12.14,debt_consolidation,2023-08-07,0.644,0,0
4006,302,14020.73,36,14.0,debt_consolidation,2023-08-07,0.658,0,0
4007,2259,9671.96,60,14.03,other,2023-08-07,0.522,0,0
4008,1581,40000.0,60,19.14,home_improvement,2023-08-08,0.728,0,0
4009,603,12044.1,36,15.23,debt_consolidation,2023-08-08,0.453,0,0
4010,3533,7107.36,60,14.91,small_business,2023-08-08,0.398,1,0
4011,3819,6065.0,36,12.99,home_improvement,2023-08-08,0.496,0,0
4012,2287,10458.02,36,15.37,credit_card,2023-08-08,0.153,1,0
4013,1290,3413.47,36,12.65,car,2023-08-08,0.118,0,0
4014,3906,5736.63,36,15.74,debt_consolidation,2023-08-08,0.563,0,0
4015,3774,8720.38,60,15.8,debt_consolidation,2023-08-08,0.191,0,0
4016,569,4435.58,36,13.03,car,2023-08-08,0.545,0,0
4017,1453,28417.65,60,14.33,debt_consolidation,2023-08-08,0.38,0,0
4018,901,5460.63,36,10.78,credit_card,2023-08-09,0.68,0,0
4019,449,7579.81,36,12.97,home_improvement,2023-08-09,0.496,1,0
4020,2416,2395.98,36,13.56,credit_card,2023-08-09,0.329,0,0
4021,878,9414.12,60,17.74,small_business,2023-08-09,0.365,2,0
4022,3188,6454.88,36,14.61,credit_card,2023-08-09,0.53,0,0
4023,104,9486.03,36,15.98,debt_consolidation,2023-08-10,0.172,0,0
4024,1581,6103.67,36,15.93,medical,2023-08-10,0.212,0,0
4025,3767,10626.43,36,14.35,credit_card,2023-08-10,0.751,0,0
4026,3575,40000.0,36,14.92,car,2023-08-10,1.238,0,0
4027,3063,6076.88,36,16.23,credit_card,2023-08-10,0.568,1,0
4028,650,13923.14,36,16.07,home_improvement,2023-08-10,0.38,0,0
4029,1130,7427.97,60,15.87,debt_consolidation,2023-08-10,0.302,1,0
4030,959,25466.19,36,13.71,credit_card,2023-08-10,0.382,0,0
4031,3991,14433.56,36,17.67,home_improvement,2023-08-10,0.366,0,0
4032,2935,9488.62,60,17.22,medical,2023-08-11,0.797,2,1
4033,3167,6653.6,36,13.98,debt_consolidation,2023-08-11,0.253,0,0
4034,2133,7055.79,60,15.3,debt_consolidation,2023-08-12,0.454,0,1
4035,1780,5123.94,60,18.01,car,2023-08-12,0.183,1,0
4036,2872,6690.69,36,12.71,credit_card,2023-08-12,0.668,0,0
4037,3343,7939.7,36,15.43,credit_card,2023-08-12,0.421,0,0
4038,2372,7397.29,60,14.4,home_improvement,2023-08-12,0.396,0,0
4039,3433,4204.43,36,11.06,credit_card,2023-08-12,0.245,0,0
4040,1465,17786.9,36,14.45,credit_card,2023-08-12,0.97,0,0
4041,2345,21606.79,36,9.17,home_improvement,2023-08-12,0.912,0,0
4042,2921,20100.91,36,12.82,credit_card,2023-08-12,0.273,0,0
4043,2546,11285.96,36,14.62,credit_card,2023-08-12,0.375,0,0
4044,874,4005.68,36,14.73,credit_card,2023-08-13,0.566,0,0
4045,368,6779.55,36,13.58,debt_consolidation,2023-08-13,0.41,0,0
4046,3769,6701.0,36,15.26,home_improvement,2023-08-13,0.273,0,0
4047,3956,13549.08,60,16.16,debt_consolidation,2023-08-13,1.107,2,1
4048,65,10923.46,36,14.51,credit_card,2023-08-13,0.398,0,0
4049,3754,11350.83,36,11.77,debt_consolidation,2023-08-13,0.309,0,0
4050,1435,5009.64,60,17.88,debt_consolidation,2023-08-14,0.255,0,0
4051,728,4071.93,60,21.7,home_improvement,2023-08-14,0.369,0,0
4052,2013,9228.0,36,10.63,home_improvement,2023-08-14,0.231,0,0
4053,339,17305.62,36,13.36,home_improvement,2023-08-14,0.856,0,0
4054,2552,8125.91,36,15.58,small_business,2023-08-14,0.4,0,0
4055,952,1383.66,36,11.29,credit_card,2023-08-14,0.094,0,0
4056,31,6068.18,36,16.3,home_improvement,2023-08-14,0.39,0,0
4057,3363,3801.47,36,15.67,medical,2023-08-14,0.271,0,0
4058,2137,10838.72,60,17.62,credit_card,2023-08-14,0.876,0,0
4059,2191,3963.18,36,15.88,other,2023-08-15,0.535,0,1
4060,2236,19657.17,36,16.33,credit_card,2023-08-15,0.611,0,0
4061,1926,5036.41,36,11.56,debt_consolidation,2023-08-15,0.609,0,0
4062,2306,11664.33,36,13.92,home_improvement,2023-08-15,0.223,0,0
4063,3914,8297.27,36,15.64,home_improvement,2023-08-15,0.441,0,0
4064,1166,3793.88,60,16.12,debt_consolidation,2023-08-15,0.226,0,0
4065,2281,14206.65,36,16.27,debt_consolidation,2023-08-15,0.545,0,0
4066,2237,2842.32,36,11.03,car,2023-08-15,0.193,0,0
4067,1613,16944.44,60,15.47,debt_consolidation,2023-08-15,0.504,0,0
4068,207,9397.55,60,16.99,debt_consolidation,2023-08-15,0.411,0,1
4069,571,13296.64,60,15.11,debt_consolidation,2023-08-16,0.594,0,0
4070,3916,6328.92,36,13.75,home_improvement,2023-08-16,0.498,0,1
4071,2669,7748.58,36,19.1,debt_consolidation,2023-08-16,0.296,0,0
4072,2140,3055.8,36,12.72,credit_card,2023-08-16,0.292,0,0
4073,1648,5349.11,36,12.46,credit_card,2023-08-16,0.61,0,0
4074,413,4188.61,60,18.3,credit_card,2023-08-16,0.394,0,0
4075,2221,20232.38,60,15.45,car,2023-08-17,0.746,0,0
4076,940,10179.13,60,18.41,small_business,2023-08-17,0.464,0,0
4077,1204,8568.44,36,12.06,car,2023-08-17,0.485,0,0
4078,3573,6310.13,36,14.32,credit_card,2023-08-17,0.169,0,0
4079,3961,18956.58,60,19.01,debt_consolidation,2023-08-17,1.251,1,1
4080,2465,5334.82,36,13.79,credit_card,2023-08-18,0.299,0,0
4081,3389,3693.54,36,13.57,debt_consolidation,2023-08-18,0.693,0,0
4082,1456,5738.67,36,11.65,car,2023-08-18,0.169,0,0
4083,1072,1288.68,36,18.03,credit_card,2023-08-18,0.54,0,0
4084,1064,10702.69,36,17.07,debt_consolidation,2023-08-18,0.761,0,0
4085,1559,25113.37,36,14.09,home_improvement,2023-08-18,1.206,0,0
4086,324,14498.88,60,15.14,other,2023-08-18,0.623,0,0
4087,2033,4416.22,36,12.22,car,2023-08-18,0.095,3,0
4088,1976,10108.62,60,19.9,debt_consolidation,2023-08-18,0.675,1,1
4089,2450,7396.26,60,14.0,debt_consolidation,2023-08-19,0.528,0,0
4090,382,21152.51,60,16.69,medical,2023-08-19,0.697,2,1
4091,2066,9420.29,36,15.13,debt_consolidation,2023-08-19,0.209,0,0
4092,936,9838.2,36,14.41,car,2023-08-19,0.721,2,0
4093,431,5679.83,60,12.97,credit_card,2023-08-20,0.422,0,0
4094,922,6916.45,60,19.51,debt_consolidation,2023-08-20,0.273,0,0
4095,1205,5673.07,60,16.7,car,2023-08-20,0.417,0,0
4096,23,7608.7,36,14.24,debt_consolidation,2023-08-20,0.52,0,0
4097,2153,7670.08,60,14.03,medical,2023-08-20,0.532,0,0
4098,1715,7491.62,36,15.04,medical,2023-08-20,0.828,0,0
4099,198,6212.25,36,15.39,credit_card,2023-08-20,0.507,0,0
4100,2489,7563.12,60,12.82,debt_consolidation,2023-08-21,0.272,0,0
4101,2951,6898.68,60,16.51,debt_consolidation,2023-08-21,0.114,0,0
4102,3609,6209.98,36,14.57,home_improvement,2023-08-21,0.195,0,0
4103,296,18240.66,36,14.03,other,2023-08-21,0.4,0,0
4104,2909,5536.39,60,15.08,credit_card,2023-08-21,0.639,0,0
4105,353,9151.51,36,13.16,debt_consolidation,2023-08-21,0.224,0,0
4106,569,3281.1,36,12.57,home_improvement,2023-08-21,0.53,0,0
4107,54,5601.76,36,8.46,debt_consolidation,2023-08-21,0.211,0,0
4108,1752,10843.58,60,14.02,small_business,2023-08-21,0.274,0,0
4109,2374,2547.52,36,14.96,debt_consolidation,2023-08-21,0.475,2,0
4110,129,9913.67,36,14.46,debt_consolidation,2023-08-21,0.344,0,0
4111,860,11175.14,36,13.62,medical,2023-08-21,0.672,0,0
4112,2973,3815.65,36,15.69,credit_card,2023-08-21,0.479,1,0
4113,564,3003.06,36,16.01,other,2023-08-22,0.692,0,1
4114,1949,7387.24,60,16.61,debt_consolidation,2023-08-22,0.534,0,0
4115,2934,7085.6,60,18.51,debt_consolidation,2023-08-22,0.703,0,0
4116,1418,14031.45,60,15.19,debt_consolidation,2023-08-22,0.296,0,0
4117,2187,7389.69,36,15.15,debt_consolidation,2023-08-22,0.335,0,0
4118,1961,10656.48,36,15.71,debt_consolidation,2023-08-22,0.615,0,0
4119,2859,4711.4,36,12.36,medical,2023-08-22,0.654,0,0
4120,3439,27301.66,36,14.58,debt_consolidation,2023-08-22,0.993,0,0
4121,1037,18765.53,60,16.62,debt_consolidation,2023-08-22,0.822,0,0
4122,2719,10235.93,60,19.78,debt_consolidation,2023-08-22,0.92,2,1
4123,3714,27761.01,60,18.24,debt_consolidation,2023-08-23,0.759,0,0
4124,1147,10432.37,36,13.52,debt_consolidation,2023-08-23,0.618,0,0
4125,1088,18425.31,36,14.15,debt_consolidation,2023-08-23,1.038,0,0
4126,3486,4761.24,60,18.46,small_business,2023-08-23,0.136,0,1
4127,1785,7311.34,36,11.28,other,2023-08-23,0.252,1,0
4128,3003,5604.26,36,14.69,home_improvement,2023-08-23,0.334,0,0
4129,1947,7214.66,36,11.35,credit_card,2023-08-24,0.279,0,0
4130,2851,3208.98,36,13.81,small_business,2023-08-24,0.189,0,0
4131,1719,6825.74,60,16.26,debt_consolidation,2023-08-24,0.764,0,0
4132,1972,21826.65,36,13.97,home_improvement,2023-08-24,0.583,0,0
4133,206,11672.41,36,16.45,debt_consolidation,2023-08-24,0.464,0,0
4134,355,11941.93,36,10.82,debt_consolidation,2023-08-24,0.501,0,0
4135,732,5029.22,36,18.95,other,2023-08-24,0.231,1,0
4136,1000,5132.28,60,15.57,car,2023-08-24,0.35,0,0
4137,112,25102.14,36,15.01,car,2023-08-25,0.504,0,0
4138,3745,24141.15,36,13.92,home_improvement,2023-08-25,1.668,0,0
4139,3611,1233.21,36,14.35,medical,2023-08-25,0.157,0,0
4140,3633,17377.8,36,17.57,medical,2023-08-25,0.55,1,0
4141,648,8191.41,36,16.95,debt_consolidation,2023-08-26,0.3,1,1
4142,158,9066.0,36,13.76,debt_consolidation,2023-08-26,0.599,0,0
4143,2205,10649.1,60,13.64,debt_consolidation,2023-08-26,0.64,1,0
4144,1534,33846.86,60,14.92,small_business,2023-08-26,0.945,0,0
4145,1708,6416.86,36,11.94,credit_card,2023-08-26,0.431,1,0
4146,2851,14189.07,36,13.19,credit_card,2023-08-26,0.299,0,0
4147,3772,8083.93,36,19.44,medical,2023-08-26,0.575,0,1
4148,613,5041.33,36,16.58,medical,2023-08-27,0.41,0,0
4149,1918,16830.04,60,19.22,debt_consolidation,2023-08-27,0.516,0,0
4150,1011,21607.02,36,15.34,debt_consolidation,2023-08-27,0.972,0,0
4151,2318,4550.1,36,17.68,debt_consolidation,2023-08-27,0.848,0,0
4152,2610,6207.55,36,19.25,debt_consolidation,2023-08-28,0.341,0,0
4153,1043,10309.8,60,17.3,car,2023-08-28,0.684,0,0
4154,149,10371.82,60,15.27,home_improvement,2023-08-28,0.325,0,0
4155,533,4602.4,36,12.28,debt_consolidation,2023-08-28,0.259,0,0
4156,2834,6428.22,36,15.75,small_business,2023-08-28,0.677,1,0
4157,3891,11726.0,36,16.43,credit_card,2023-08-28,0.591,1,0
4158,725,24846.79,36,12.73,credit_card,2023-08-29,0.672,0,0
4159,441,4121.33,60,13.9,home_improvement,2023-08-29,0.58,0,0
4160,1922,19835.98,36,15.35,credit_card,2023-08-29,0.538,0,0
4161,1433,6799.48,36,16.04,debt_consolidation,2023-08-29,0.722,0,0
4162,142,4408.85,36,16.63,debt_consolidation,2023-08-29,0.149,0,0
4163,1874,21180.42,36,16.12,debt_consolidation,2023-08-29,0.674,0,0
4164,1186,11293.77,36,14.05,credit_card,2023-08-29,0.518,1,0
4165,678,10235.12,60,17.12,credit_card,2023-08-29,0.398,0,0
4166,3869,2450.92,36,14.18,other,2023-08-29,0.412,0,0
4167,3412,8899.85,36,15.92,debt_consolidation,2023-08-30,0.513,0,1
4168,3639,10200.65,36,16.65,debt_consolidation,2023-08-30,0.315,2,0
4169,3589,4883.72,36,14.63,medical,2023-08-30,0.563,1,0
4170,3394,16192.77,60,14.54,car,2023-08-30,0.677,0,0
4171,3795,15599.46,36,14.23,debt_consolidation,2023-08-30,0.569,0,0
4172,2185,6588.25,60,14.42,medical,2023-08-30,0.378,0,0
4173,2697,4828.74,36,13.78,credit_card,2023-08-30,0.38,0,0
4174,807,7714.69,36,14.01,debt_consolidation,2023-08-30,0.177,1,0
4175,2300,20373.53,36,13.88,debt_consolidation,2023-08-30,0.839,0,0
4176,461,25066.29,36,15.0,debt_consolidation,2023-08-30,0.456,0,0
4177,2672,31258.82,36,17.17,debt_consolidation,2023-08-30,0.715,1,0
4178,2160,5690.1,36,14.1,debt_consolidation,2023-08-30,0.253,1,0
4179,3843,8877.05,60,17.41,credit_card,2023-08-31,0.285,0,0
4180,1150,19580.65,36,14.68,debt_consolidation,2023-08-31,1.203,0,0
4181,3586,3590.15,36,14.98,small_business,2023-09-01,0.149,1,0
4182,1102,6226.08,60,15.59,debt_consolidation,2023-09-01,0.365,0,0
4183,3324,19025.84,36,19.01,home_improvement,2023-09-01,0.501,0,0
4184,1797,39467.03,36,12.48,medical,2023-09-01,0.5,0,0
4185,1423,1035.55,36,18.95,debt_consolidation,2023-09-01,0.39,0,1
4186,2144,9309.86,60,15.16,debt_consolidation,2023-09-02,0.538,0,0
4187,3636,22769.13,36,16.5,car,2023-09-02,0.757,0,0
4188,1959,40000.0,60,18.69,medical,2023-09-02,1.847,1,0
4189,3655,2764.85,36,13.54,debt_consolidation,2023-09-02,0.586,0,0
4190,913,8818.58,60,15.96,credit_card,2023-09-02,0.653,1,0
4191,2713,5993.45,36,13.16,debt_consolidation,2023-09-02,0.572,0,0
4192,1775,12585.33,60,17.08,credit_card,2023-09-02,0.916,0,0
4193,2622,11490.22,36,16.78,credit_card,2023-09-02,0.789,0,1
4194,227,2370.63,36,13.7,small_business,2023-09-02,0.565,1,1
4195,858,4895.8,36,12.89,credit_card,2023-09-02,0.509,0,0
4196,597,4083.52,60,15.86,other,2023-09-02,0.146,0,0
4197,759,9867.84,36,13.19,debt_consolidation,2023-09-02,0.761,0,0
4198,2020,9564.44,60,16.99,home_improvement,2023-09-02,0.288,0,0
4199,1596,14512.26,36,14.06,debt_consolidation,2023-09-02,0.399,0,0
4200,340,6125.48,60,14.29,debt_consolidation,2023-09-03,0.379,0,0
4201,926,8003.45,60,16.74,home_improvement,2023-09-03,0.144,0,0
4202,2883,11750.28,60,16.33,debt_consolidation,2023-09-03,0.356,0,0
4203,3647,13035.34,36,13.53,home_improvement,2023-09-03,1.277,0,0
4204,1670,13732.49,36,17.58,credit_card,2023-09-03,0.658,0,0
4205,1356,15836.82,36,16.82,credit_card,2023-09-03,0.381,0,0
4206,494,5015.04,36,13.18,debt_consolidation,2023-09-04,0.418,0,0
4207,1966,14538.95,36,16.76,debt_consolidation,2023-09-04,0.26,0,0
4208,3615,3923.34,36,13.79,credit_card,2023-09-04,0.375,0,0
4209,784,5498.71,60,19.75,credit_card,2023-09-04,0.296,0,0
4210,2659,11606.04,36,11.54,debt_consolidation,2023-09-05,0.427,0,0
4211,1604,5654.36,36,17.18,debt_consolidation,2023-09-05,0.582,0,0
4212,820,3510.69,36,10.41,home_improvement,2023-09-05,0.424,1,0
4213,1937,4829.59,36,17.68,debt_consolidation,2023-09-05,0.521,0,0
4214,3211,1529.17,60,18.36,debt_consolidation,2023-09-05,0.168,0,0
4215,3790,14711.12,60,14.92,home_improvement,2023-09-05,0.587,0,0
4216,1709,13239.68,36,9.93,car,2023-09-06,0.392,1,0
4217,487,2567.73,36,8.36,debt_consolidation,2023-09-06,0.411,0,0
4218,2675,4073.79,60,13.78,debt_consolidation,2023-09-06,0.373,0,0
4219,1204,6850.2,60,19.1,debt_consolidation,2023-09-06,0.427,0,0
4220,918,5735.47,36,14.99,debt_consolidation,2023-09-06,0.511,0,0
4221,857,16396.18,36,15.09,debt_consolidation,2023-09-06,1.06,0,0
4222,2297,8862.79,60,15.84,credit_card,2023-09-06,0.647,1,0
4223,1082,17406.08,36,15.73,home_improvement,2023-09-06,0.96,0,0
4224,917,12590.66,36,15.97,car,2023-09-07,0.978,1,0
4225,1225,7855.79,36,12.37,credit_card,2023-09-07,0.143,0,0
4226,3240,20799.87,60,16.43,debt_consolidation,2023-09-07,0.597,0,0
4227,714,3946.63,36,14.92,debt_consolidation,2023-09-07,0.368,0,0
4228,2407,4668.06,36,14.16,debt_consolidation,2023-09-08,0.18,0,0
4229,2619,2140.86,36,15.9,small_business,2023-09-08,0.722,0,0
4230,2841,3295.4,60,14.04,debt_consolidation,2023-09-08,0.293,0,0
4231,69,16516.41,36,14.71,debt_consolidation,2023-09-08,0.406,1,0
4232,1115,12100.9,60,11.51,debt_consolidation,2023-09-08,0.235,1,0
4233,3246,15954.49,36,12.65,medical,2023-09-08,0.595,1,0
4234,2802,3196.63,60,15.96,debt_consolidation,2023-09-08,0.22,0,0
4235,725,23229.63,36,10.45,home_improvement,2023-09-08,0.646,0,0
4236,2416,3567.12,36,14.47,debt_consolidation,2023-09-09,0.365,0,0
4237,2477,6421.2,36,12.27,debt_consolidation,2023-09-09,0.225,0,0
4238,3019,5271.85,36,13.59,credit_card,2023-09-09,0.444,0,0
4239,984,10887.45,36,10.91,credit_card,2023-09-09,0.396,0,0
4240,335,2983.82,36,14.16,debt_consolidation,2023-09-09,0.255,0,0
4241,299,4025.11,36,15.67,debt_consolidation,2023-09-09,0.386,1,0
4242,3567,8643.24,60,16.08,car,2023-09-09,0.534,0,0
4243,2080,6357.06,36,13.46,credit_card,2023-09-09,0.643,0,0
4244,3709,15685.87,36,14.86,home_improvement,2023-09-09,1.01,0,0
4245,1932,6480.61,36,14.71,credit_card,2023-09-09,0.396,1,0
4246,1971,11631.2,36,11.74,medical,2023-09-09,0.542,0,0
4247,1818,7281.76,36,14.27,medical,2023-09-10,0.326,0,0
4248,427,4745.24,36,14.42,home_improvement,2023-09-10,0.294,0,0
4249,3500,8537.54,60,17.4,car,2023-09-10,0.831,0,0
4250,1735,24589.85,36,16.64,other,2023-09-10,0.776,0,1
4251,437,12153.41,60,16.35,car,2023-09-11,0.526,1,1
4252,3630,16239.69,36,15.86,credit_card,2023-09-11,0.548,0,0
4253,1829,5484.3,60,12.71,car,2023-09-11,0.465,0,1
4254,2720,7145.22,36,12.77,debt_consolidation,2023-09-11,0.187,0,0
4255,847,31414.25,60,15.15,credit_card,2023-09-11,0.524,0,0
4256,1066,5554.15,36,14.42,other,2023-09-11,0.231,0,0
4257,3953,3096.68,36,15.57,car,2023-09-12,0.403,0,0
4258,1407,13774.79,36,13.75,home_improvement,2023-09-12,1.158,0,0
4259,1790,12957.16,60,15.23,other,2023-09-12,0.297,0,0
4260,3301,6646.05,36,15.36,debt_consolidation,2023-09-12,0.231,1,1
4261,432,13757.22,36,15.45,home_improvement,2023-09-12,0.684,0,0
4262,2668,2543.46,36,16.34,debt_consolidation,2023-09-12,0.318,0,0
4263,1519,7583.69,60,14.83,debt_consolidation,2023-09-13,0.208,0,0
4264,2779,5011.01,36,11.97,home_improvement,2023-09-13,0.459,0,0
4265,2322,2543.13,36,14.48,debt_consolidation,2023-09-13,0.267,0,0
4266,822,11471.93,36,14.72,debt_consolidation,2023-09-13,0.5,0,0
4267,559,3525.7,36,12.67,other,2023-09-13,0.236,1,0
4268,1487,11592.45,36,11.99,small_business,2023-09-13,0.429,0,0
4269,2199,9065.3,60,18.29,debt_consolidation,2023-09-13,0.405,1,0
4270,71,14798.45,60,14.52,debt_consolidation,2023-09-13,0.599,0,0
4271,3290,12320.49,36,16.28,debt_consolidation,2023-09-14,0.272,0,0
4272,2771,9180.31,36,12.87,debt_consolidation,2023-09-14,0.29,0,0
4273,3437,6631.33,36,13.08,debt_consolidation,2023-09-14,0.432,0,0
4274,3871,3610.68,36,11.66,credit_card,2023-09-14,0.396,1,0
4275,1802,5207.47,36,17.32,home_improvement,2023-09-14,0.489,0,1
4276,3938,15069.69,36,11.24,credit_card,2023-09-14,0.55,0,0
4277,3863,12746.66,36,12.35,medical,2023-09-14,0.72,0,0
4278,816,20319.51,36,10.24,home_improvement,2023-09-15,1.358,0,0
4279,2739,2540.33,36,14.98,credit_card,2023-09-15,0.397,1,0
4280,2185,3882.14,36,15.48,home_improvement,2023-09-16,0.347,0,0
4281,1960,19994.96,60,14.18,small_business,2023-09-16,0.765,0,0
4282,1733,2873.65,60,15.36,debt_consolidation,2023-09-16,0.289,0,0
4283,1338,4224.7,36,18.08,debt_consolidation,2023-09-16,0.379,2,0
4284,2424,22158.85,36,13.65,debt_consolidation,2023-09-16,0.638,0,0
4285,2093,11020.16,36,16.74,debt_consolidation,2023-09-16,0.38,0,0
4286,3870,18554.43,36,11.66,small_business,2023-09-16,0.603,1,0
4287,531,13396.48,60,17.53,home_improvement,2023-09-16,0.698,0,0
4288,3005,9526.24,36,13.53,debt_consolidation,2023-09-16,0.542,0,0
4289,3926,4938.91,36,13.35,medical,2023-09-16,0.367,0,0
4290,140,3363.21,60,22.44,small_business,2023-09-17,0.282,1,1
4291,2068,17655.74,36,12.06,credit_card,2023-09-17,0.338,0,0
4292,801,5368.35,36,13.66,small_business,2023-09-17,0.221,0,1
4293,615,2817.26,60,16.34,medical,2023-09-17,0.422,0,0
4294,383,8580.5,36,14.93,medical,2023-09-17,0.328,0,0
4295,557,7048.54,36,15.38,debt_consolidation,2023-09-18,0.37,2,0
4296,1789,6560.07,60,15.22,debt_consolidation,2023-09-18,0.6,0,0
4297,1664,4543.82,36,14.51,debt_consolidation,2023-09-18,0.269,0,0
4298,2676,13123.37,36,13.39,credit_card,2023-09-18,0.35,0,0
4299,1746,17604.82,36,15.57,home_improvement,2023-09-18,0.52,0,0
4300,2881,4337.88,36,12.75,home_improvement,2023-09-18,0.308,0,0
4301,838,1479.64,36,13.53,debt_consolidation,2023-09-19,0.139,0,0
4302,1817,34328.98,36,13.39,debt_consolidation,2023-09-19,0.589,1,0
4303,3142,2291.72,36,12.54,small_business,2023-09-19,0.462,0,0
4304,3772,39400.54,36,17.1,debt_consolidation,2023-09-19,1.332,0,1
4305,1256,6395.08,36,15.72,home_improvement,2023-09-19,0.541,0,0
4306,2270,10011.35,36,13.47,credit_card,2023-09-19,0.761,0,0
4307,241,7571.62,36,14.46,debt_consolidation,2023-09-19,0.33,0,0
4308,1933,11496.22,36,17.0,debt_consolidation,2023-09-20,0.914,0,0
4309,205,4591.43,60,15.85,credit_card,2023-09-20,0.298,0,0
4310,2435,14912.22,36,15.64,credit_card,2023-09-20,0.658,1,0
4311,176,5105.43,36,14.72,small_business,2023-09-20,0.41,1,0
4312,3170,12462.69,36,9.87,debt_consolidation,2023-09-20,0.165,1,0
4313,107,18492.18,36,18.86,small_business,2023-09-20,1.251,0,0
4314,3210,2506.97,60,18.81,home_improvement,2023-09-21,0.256,0,1
4315,980,8213.13,60,13.65,debt_consolidation,2023-09-21,0.552,0,0
4316,993,14338.21,36,14.43,medical,2023-09-21,0.677,0,0
4317,2839,24586.86,36,9.25,debt_consolidation,2023-09-21,0.753,0,0
4318,2404,4413.38,36,18.39,debt_consolidation,2023-09-21,0.46,0,0
4319,2413,4332.28,36,13.3,debt_consolidation,2023-09-21,0.259,0,0
4320,1510,11786.4,36,14.22,debt_consolidation,2023-09-21,0.341,1,1
4321,2470,11011.0,36,14.02,debt_consolidation,2023-09-22,0.446,1,0
4322,3873,21615.48,36,16.09,home_improvement,2023-09-22,0.667,0,0
4323,714,9739.44,36,12.0,small_business,2023-09-22,0.534,0,0
4324,3266,13395.52,36,12.16,debt_consolidation,2023-09-22,0.581,0,0
4325,3109,2908.07,36,12.36,debt_consolidation,2023-09-22,0.318,1,0
4326,2149,4449.31,36,17.45,credit_card,2023-09-22,0.447,0,1
4327,69,13776.51,36,13.44,car,2023-09-23,0.353,0,0
4328,1534,15045.31,36,13.41,credit_card,2023-09-23,0.626,0,0
4329,2511,4162.66,36,16.42,credit_card,2023-09-23,0.339,0,0
4330,2561,7443.56,36,18.2,car,2023-09-23,0.208,0,0
4331,814,11643.71,36,19.97,car,2023-09-23,0.476,0,0
4332,3824,10705.01,36,15.37,credit_card,2023-09-23,0.591,1,0
4333,3203,6497.98,60,18.06,home_improvement,2023-09-24,0.255,0,0
4334,2919,9294.2,36,15.18,home_improvement,2023-09-24,0.574,0,0
4335,3735,1977.38,60,12.05,debt_consolidation,2023-09-24,0.461,0,0
4336,3349,6608.3,36,9.96,credit_card,2023-09-24,0.391,0,0
4337,1731,2097.58,60,18.9,debt_consolidation,2023-09-24,0.234,2,1
4338,1088,40000.0,60,17.95,car,2023-09-24,1.613,0,0
4339,137,7883.35,36,15.1,medical,2023-09-25,0.15,0,0
4340,433,40000.0,60,15.77,small_business,2023-09-25,0.818,2,0
4341,407,14343.12,36,14.16,debt_consolidation,2023-09-25,0.717,0,0
4342,3453,10716.53,60,17.7,debt_consolidation,2023-09-25,0.351,0,0
4343,3863,8946.61,60,14.18,credit_card,2023-09-25,0.603,0,0
4344,631,6374.11,36,14.55,home_improvement,2023-09-26,0.572,0,0
4345,1741,11142.17,36,15.9,debt_consolidation,2023-09-26,0.676,0,0
4346,1246,11585.54,36,14.9,credit_card,2023-09-26,0.444,0,0
4347,3767,7962.2,60,16.79,debt_consolidation,2023-09-26,0.714,0,0
4348,2422,5206.87,36,12.44,debt_consolidation,2023-09-26,0.199,0,0
4349,2435,5095.07,60,20.07,debt_consolidation,2023-09-26,0.505,0,0
4350,3774,1403.11,36,14.79,small_business,2023-09-26,0.112,1,0
4351,2702,18752.91,36,13.99,home_improvement,2023-09-26,0.363,0,0
4352,1733,2005.74,36,12.12,credit_card,2023-09-26,0.281,0,0
4353,3502,11943.02,60,16.63,car,2023-09-26,0.865,0,0
4354,3684,14523.6,60,17.78,home_improvement,2023-09-27,0.997,0,1
4355,3881,8320.64,60,14.22,medical,2023-09-27,0.28,0,0
4356,2515,6034.72,36,18.85,debt_consolidation,2023-09-27,0.37,0,0
4357,2592,21057.03,36,13.83,debt_consolidation,2023-09-27,0.373,0,0
4358,917,3544.61,36,15.68,credit_card,2023-09-27,0.582,0,0
4359,1146,11292.45,36,17.88,small_business,2023-09-27,0.48,0,0
4360,541,6972.67,36,14.15,medical,2023-09-27,0.289,0,0
4361,1895,12315.24,60,15.34,other,2023-09-28,0.626,0,0
4362,601,8975.99,60,20.46,medical,2023-09-28,0.609,0,1
4363,1561,6301.82,36,15.63,debt_consolidation,2023-09-28,0.46,0,0
4364,2091,10335.67,36,13.8,credit_card,2023-09-28,0.398,0,1
4365,1273,6671.79,36,15.02,small_business,2023-09-28,0.504,0,0
4366,1325,3492.55,36,14.29,credit_card,2023-09-28,0.546,0,0
4367,1976,4873.55,36,17.8,debt_consolidation,2023-09-29,0.579,1,1
4368,729,3113.46,36,13.13,medical,2023-09-29,0.198,0,0
4369,1384,7175.94,36,15.5,debt_consolidation,2023-09-29,0.226,0,0
4370,1472,5048.41,36,15.36,debt_consolidation,2023-09-29,0.178,0,0
4371,1041,16487.75,36,13.99,debt_consolidation,2023-09-29,0.696,0,0
4372,2218,12723.7,36,12.76,home_improvement,2023-09-29,0.775,0,0
4373,533,19158.84,36,11.5,credit_card,2023-09-30,0.369,0,0
4374,2352,9503.18,36,13.48,small_business,2023-09-30,0.527,1,0
4375,3973,8411.38,36,17.76,home_improvement,2023-09-30,0.771,0,0
4376,2616,8305.99,36,18.21,debt_consolidation,2023-09-30,0.294,1,1
4377,2549,10290.48,36,18.29,home_improvement,2023-10-01,1.035,2,1
4378,3077,8031.44,36,14.77,debt_consolidation,2023-10-01,0.32,0,0
4379,826,4626.11,36,16.38,debt_consolidation,2023-10-01,0.255,0,0
4380,32,4703.54,36,13.64,credit_card,2023-10-01,0.237,0,0
4381,3801,7709.69,60,16.35,home_improvement,2023-10-02,0.46,1,0
4382,2632,4401.51,36,14.98,home_improvement,2023-10-02,0.201,2,0
4383,1217,14581.98,36,17.22,home_improvement,2023-10-03,0.736,0,1
4384,1539,1971.7,36,15.6,car,2023-10-03,0.11,0,0
4385,3257,35592.25,36,12.45,debt_consolidation,2023-10-03,0.478,0,0
4386,928,21441.17,36,16.49,small_business,2023-10-03,0.468,0,0
4387,727,4500.74,60,17.41,car,2023-10-03,0.391,0,0
4388,248,9924.73,36,13.55,debt_consolidation,2023-10-03,0.269,0,0
4389,2096,40000.0,36,15.64,car,2023-10-03,0.89,0,0
4390,2455,2400.91,36,11.86,car,2023-10-03,0.278,0,0
4391,3405,18857.1,36,11.62,credit_card,2023-10-03,0.314,0,0
4392,3127,7589.43,36,15.93,debt_consolidation,2023-10-04,0.589,0,0
4393,1174,4968.21,36,15.29,home_improvement,2023-10-04,0.474,0,0
4394,3273,3211.11,36,15.48,other,2023-10-04,0.645,0,0
4395,3130,16961.96,60,15.02,debt_consolidation,2023-10-04,0.924,0,0
4396,1792,4281.58,36,16.75,home_improvement,2023-10-04,0.284,0,0
4397,1466,39803.81,60,14.78,car,2023-10-04,1.101,0,0
4398,3248,5386.65,36,13.5,home_improvement,2023-10-04,0.488,0,0
4399,3576,12775.31,36,16.94,debt_consolidation,2023-10-04,0.322,0,0
4400,3877,10641.58,36,18.05,debt_consolidation,2023-10-05,0.513,3,0
4401,1218,7389.23,36,12.09,debt_consolidation,2023-10-05,0.239,0,0
4402,1160,7530.66,60,14.09,credit_card,2023-10-05,0.474,0,0
4403,2123,4244.54,36,13.8,other,2023-10-05,0.483,0,0
4404,1887,39731.5,60,13.43,home_improvement,2023-10-05,0.685,0,0
4405,3744,7241.69,36,15.49,home_improvement,2023-10-06,0.742,0,0
4406,1562,18829.24,36,14.46,credit_card,2023-10-06,0.524,0,0
4407,3213,13918.09,36,13.74,home_improvement,2023-10-06,0.296,0,0
4408,2770,1669.17,36,18.16,credit_card,2023-10-07,0.127,0,0
4409,1478,4550.67,36,12.53,debt_consolidation,2023-10-07,0.174,0,0
4410,3572,10582.61,36,16.28,home_improvement,2023-10-07,0.396,0,0
4411,2946,24599.84,36,13.0,home_improvement,2023-10-07,0.401,0,0
4412,2646,5827.56,36,11.73,home_improvement,2023-10-07,0.298,0,0
4413,3930,5346.25,36,12.06,home_improvement,2023-10-07,0.256,0,0
4414,2467,7774.9,36,14.29,credit_card,2023-10-08,0.22,0,0
4415,2132,7272.0,36,13.06,car,2023-10-08,0.375,0,0
4416,1182,6223.7,60,10.79,home_improvement,2023-10-08,0.661,0,0
4417,2752,10587.96,36,16.86,credit_card,2023-10-08,0.589,0,0
4418,633,1675.69,60,16.49,credit_card,2023-10-08,0.21,0,0
4419,1567,6812.38,60,14.79,medical,2023-10-08,0.643,0,0
4420,687,13056.07,60,22.86,small_business,2023-10-08,0.835,2,1
4421,528,22315.22,36,10.07,debt_consolidation,2023-10-08,0.424,0,0
4422,624,8464.73,60,15.92,home_improvement,2023-10-08,0.427,0,0
4423,950,3010.05,36,16.28,home_improvement,2023-10-09,0.32,1,0
4424,2364,11081.79,36,13.73,small_business,2023-10-09,0.617,0,0
4425,2974,9745.08,36,8.82,credit_card,2023-10-09,0.32,0,0
4426,357,3645.34,60,16.1,debt_consolidation,2023-10-09,0.182,0,0
4427,3349,3069.92,36,14.34,debt_consolidation,2023-10-09,0.341,0,0
4428,2031,9412.67,36,13.35,debt_consolidation,2023-10-09,0.24,0,0
4429,682,40000.0,36,17.5,credit_card,2023-10-09,1.011,0,0
4430,2931,4636.46,60,20.0,car,2023-10-10,0.574,0,0
4431,1833,5031.44,36,9.13,debt_consolidation,2023-10-10,0.757,0,0
4432,2804,16487.05,60,14.29,debt_consolidation,2023-10-10,0.296,1,0
4433,2028,9608.09,36,15.92,small_business,2023-10-10,0.99,0,0
4434,3763,29111.91,36,14.72,credit_card,2023-10-10,1.264,0,0
4435,3902,9431.78,36,11.75,debt_consolidation,2023-10-10,0.388,0,0
4436,391,6449.07,36,16.79,other,2023-10-10,0.281,0,1
4437,890,9888.82,36,15.59,debt_consolidation,2023-10-10,0.619,0,0
4438,2199,2679.17,60,14.33,credit_card,2023-10-11,0.233,2,0
4439,2911,2441.66,36,13.85,debt_consolidation,2023-10-11,0.123,0,0
4440,167,12458.9,36,13.44,credit_card,2023-10-11,0.855,0,0
4441,1253,8343.23,36,13.52,debt_consolidation,2023-10-11,0.221,0,0
4442,2638,13919.6,60,14.02,car,2023-10-11,0.319,0,0
4443,2444,2981.09,36,15.61,debt_consolidation,2023-10-11,0.086,1,0
4444,2328,2368.24,36,16.9,debt_consolidation,2023-10-11,0.296,0,0
4445,3797,5631.26,36,14.17,credit_card,2023-10-12,0.303,1,0
4446,742,3667.84,36,12.89,home_improvement,2023-10-12,0.667,0,0
4447,612,13482.88,36,11.11,debt_consolidation,2023-10-12,0.529,0,0
4448,2,9889.94,60,18.68,debt_consolidation,2023-10-12,0.579,0,0
4449,2730,22954.19,36,17.37,home_improvement,2023-10-12,1.08,0,1
4450,448,21475.17,36,13.59,debt_consolidation,2023-10-12,0.589,0,0
4451,2626,11837.89,36,14.0,home_improvement,2023-10-13,0.482,0,0
4452,52,13038.47,60,17.28,credit_card,2023-10-13,0.814,1,0
4453,138,11320.98,36,16.74,car,2023-10-13,0.552,0,0
4454,2376,5496.74,60,19.96,debt_consolidation,2023-10-13,0.418,0,0
4455,2248,4107.7,36,15.09,home_improvement,2023-10-13,0.65,0,0
4456,2923,7268.49,36,13.04,debt_consolidation,2023-10-13,0.232,0,0
4457,3984,2484.35,60,15.54,credit_card,2023-10-13,0.569,0,0
4458,3811,3452.41,36,11.93,credit_card,2023-10-13,0.144,0,0
4459,3333,3797.63,60,15.55,car,2023-10-14,0.105,0,0
4460,707,4532.19,36,14.19,home_improvement,2023-10-14,0.445,1,0
4461,1240,2892.79,36,15.15,other,2023-10-14,0.459,1,0
4462,855,8777.28,36,15.74,debt_consolidation,2023-10-15,0.6,0,0
4463,2330,40000.0,60,14.44,home_improvement,2023-10-15,0.797,0,0
4464,3217,7921.45,60,13.7,car,2023-10-15,0.455,0,0
4465,3569,5956.34,36,14.99,debt_consolidation,2023-10-15,0.382,0,0
4466,2648,9506.52,36,12.91,medical,2023-10-16,0.337,1,0
4467,834,28377.52,60,16.39,debt_consolidation,2023-10-16,1.076,0,1
4468,2980,15610.85,36,13.78,home_improvement,2023-10-16,0.923,1,0
4469,1050,30203.86,36,16.03,debt_consolidation,2023-10-16,0.831,0,0
4470,974,10738.9,36,14.26,car,2023-10-16,0.893,1,0
4471,31,40000.0,36,15.7,other,2023-10-16,1.545,1,0
4472,2406,2454.13,36,16.44,debt_consolidation,2023-10-16,0.303,1,0
4473,3427,19920.0,36,13.76,debt_consolidation,2023-10-16,0.548,0,0
4474,3158,8074.66,36,15.27,credit_card,2023-10-16,0.548,0,0
4475,1132,24581.93,36,15.0,debt_consolidation,2023-10-16,0.78,0,0
4476,3113,11142.75,60,15.46,debt_consolidation,2023-10-17,0.553,0,0
4477,619,17587.0,36,13.94,credit_card,2023-10-17,0.541,0,0
4478,2708,8809.25,60,14.48,medical,2023-10-17,0.292,0,0
4479,2477,13159.21,60,14.36,car,2023-10-17,0.353,0,0
4480,2676,11712.77,36,14.42,medical,2023-10-17,0.314,0,0
4481,1605,2145.98,60,13.86,debt_consolidation,2023-10-17,0.356,0,0
4482,3845,10757.67,60,15.02,car,2023-10-17,0.281,0,0
4483,2543,5092.77,36,17.07,debt_consolidation,2023-10-17,0.45,0,0
4484,703,5617.47,36,16.11,home_improvement,2023-10-18,0.497,2,0
4485,1080,1925.62,36,12.08,car,2023-10-18,0.22,0,0
4486,451,4913.4,36,16.15,home_improvement,2023-10-18,0.454,0,0
4487,3787,27747.39,36,14.84,car,2023-10-18,0.841,0,0
4488,3276,19661.35,60,15.65,small_business,2023-10-18,0.614,1,0
4489,3016,11172.19,36,10.09,medical,2023-10-18,0.566,0,0
4490,358,18446.09,60,18.36,home_improvement,2023-10-19,0.908,1,0
4491,3090,11024.61,36,12.11,debt_consolidation,2023-10-19,0.311,0,0
4492,1034,2976.05,36,15.42,credit_card,2023-10-19,0.399,0,0
4493,2539,3218.2,36,12.96,medical,2023-10-19,0.624,0,0
4494,35,11067.54,60,19.1,debt_consolidation,2023-10-19,0.605,0,1
4495,1593,6753.08,36,14.98,debt_consolidation,2023-10-19,0.369,1,0
4496,3278,2371.76,36,14.28,debt_consolidation,2023-10-19,0.137,1,1
4497,2202,12509.44,36,14.45,debt_consolidation,2023-10-20,0.47,0,0
4498,24,9154.42,36,13.59,medical,2023-10-20,0.863,0,0
4499,1823,31315.41,36,14.45,car,2023-10-20,0.803,0,0
4500,3397,12363.35,36,12.79,car,2023-10-20,0.291,0,0
4501,1045,19975.89,60,14.41,other,2023-10-20,1.479,0,0
4502,330,5589.21,36,14.13,car,2023-10-20,0.341,1,0
4503,82,25596.66,36,12.34,debt_consolidation,2023-10-20,0.634,0,0
4504,2940,12961.17,36,15.15,car,2023-10-21,0.755,0,0
4505,1797,23752.59,36,16.68,car,2023-10-21,0.407,1,0
4506,3814,8415.96,36,13.93,debt_consolidation,2023-10-21,0.612,0,0
4507,3387,35980.0,36,14.59,credit_card,2023-10-21,0.849,0,0
4508,2018,10067.03,60,14.2,credit_card,2023-10-21,1.145,0,0
4509,3442,28618.65,36,12.73,medical,2023-10-21,0.843,0,0
4510,347,5491.7,36,12.15,debt_consolidation,2023-10-21,0.308,0,0
4511,2681,38369.76,36,16.13,credit_card,2023-10-21,0.807,0,0
4512,3548,5186.56,36,14.87,debt_consolidation,2023-10-21,0.467,0,0
4513,1117,19533.45,36,16.85,credit_card,2023-10-22,0.5,0,0
4514,1192,5428.29,60,17.58,debt_consolidation,2023-10-22,0.251,1,0
4515,1985,3302.34,60,17.11,home_improvement,2023-10-22,0.716,0,1
4516,968,4712.93,36,14.49,debt_consolidation,2023-10-22,0.384,0,0
4517,1699,2789.4,60,18.41,debt_consolidation,2023-10-22,0.493,0,0
4518,315,40000.0,36,19.34,credit_card,2023-10-22,0.885,1,1
4519,520,3994.63,36,12.8,debt_consolidation,2023-10-23,0.823,0,0
4520,2150,17871.39,60,19.26,small_business,2023-10-23,0.233,0,1
4521,1342,16677.78,36,11.7,debt_consolidation,2023-10-23,0.46,0,0
4522,3354,5923.0,36,16.32,debt_consolidation,2023-10-23,0.219,0,0
4523,2363,22093.66,36,11.65,debt_consolidation,2023-10-24,0.914,0,0
4524,1116,20069.59,36,15.75,car,2023-10-24,0.587,0,0
4525,1032,7684.31,36,19.3,other,2023-10-24,0.467,2,0
4526,2995,6366.78,60,15.31,debt_consolidation,2023-10-24,0.251,0,0
4527,1780,9418.97,60,15.32,medical,2023-10-24,0.29,0,0
4528,1182,2164.07,36,12.94,other,2023-10-24,0.583,0,0
4529,2225,29970.14,36,16.6,debt_consolidation,2023-10-24,0.953,2,0
4530,471,4576.55,60,12.81,home_improvement,2023-10-25,0.117,0,0
4531,3567,14327.24,36,16.84,car,2023-10-25,0.68,0,0
4532,2623,3466.02,36,14.55,credit_card,2023-10-25,0.477,0,0
4533,1639,6563.0,36,9.02,debt_consolidation,2023-10-25,0.652,0,0
4534,1874,30392.44,36,14.76,debt_consolidation,2023-10-26,0.842,0,0
4535,2723,12548.02,36,14.34,debt_consolidation,2023-10-26,0.681,0,0
4536,2536,3802.68,36,12.2,credit_card,2023-10-26,0.388,0,0
4537,2070,40000.0,36,13.75,debt_consolidation,2023-10-26,1.408,0,0
4538,2219,8813.41,36,13.67,car,2023-10-26,0.151,0,0
4539,964,3448.17,36,14.47,small_business,2023-10-26,0.293,0,0
4540,1437,6320.33,36,11.55,home_improvement,2023-10-26,0.197,0,0
4541,2270,19605.18,60,16.42,credit_card,2023-10-26,0.957,0,0
4542,919,3800.71,60,13.35,home_improvement,2023-10-27,0.256,0,0
4543,1353,5324.05,36,14.3,debt_consolidation,2023-10-27,0.612,0,0
4544,2316,16246.21,36,13.2,other,2023-10-27,0.775,0,1
4545,1817,6592.65,60,16.27,debt_consolidation,2023-10-27,0.142,0,0
4546,2486,3329.39,36,10.68,debt_consolidation,2023-10-27,0.521,1,0
4547,89,2367.87,36,16.44,medical,2023-10-27,0.274,0,0
4548,714,5180.64,36,10.12,other,2023-10-27,0.403,0,0
4549,318,10800.74,60,16.94,credit_card,2023-10-27,0.376,0,0
4550,481,9976.96,36,13.59,credit_card,2023-10-27,0.509,0,0
4551,1746,2587.19,36,17.65,small_business,2023-10-27,0.34,0,0
4552,2653,10298.45,36,10.85,credit_card,2023-10-28,0.552,0,0
4553,704,5020.58,36,17.3,debt_consolidation,2023-10-28,0.436,1,0
4554,2687,6647.09,36,14.85,credit_card,2023-10-28,0.493,1,0
4555,3277,8291.14,60,16.91,debt_consolidation,2023-10-28,0.157,0,0
4556,399,28613.53,36,15.24,debt_consolidation,2023-10-29,1.255,0,0
4557,890,7247.28,36,16.68,credit_card,2023-10-29,0.592,0,0
4558,1795,5907.54,60,17.31,debt_consolidation,2023-10-29,0.335,2,0
4559,1556,11815.82,36,16.0,debt_consolidation,2023-10-29,0.448,0,0
4560,3305,8027.8,36,13.57,small_business,2023-10-30,0.488,0,0
4561,2928,16554.0,36,13.85,debt_consolidation,2023-10-30,0.594,0,0
4562,3586,12450.66,36,18.38,debt_consolidation,2023-10-30,0.354,0,0
4563,106,5411.57,36,13.0,credit_card,2023-10-30,0.473,1,0
4564,259,7881.68,36,14.6,debt_consolidation,2023-10-30,0.244,0,0
4565,625,15414.03,36,17.34,debt_consolidation,2023-10-31,0.348,1,0
4566,728,3707.5,60,19.67,home_improvement,2023-10-31,0.357,0,0
4567,3044,3682.84,36,13.96,debt_consolidation,2023-10-31,0.159,0,0
4568,1234,5789.62,36,14.31,debt_consolidation,2023-10-31,0.551,0,0
4569,3323,9325.18,60,15.08,home_improvement,2023-10-31,0.53,0,0
4570,2180,11170.29,36,11.83,credit_card,2023-10-31,0.744,1,0
4571,1579,15330.1,36,12.54,credit_card,2023-10-31,0.541,0,0
4572,183,4586.4,36,16.55,credit_card,2023-10-31,0.331,0,0
4573,2922,5099.5,60,17.56,home_improvement,2023-10-31,0.632,0,0
4574,17,9208.13,60,16.16,small_business,2023-11-01,0.175,1,0
4575,903,25146.92,60,18.56,debt_consolidation,2023-11-01,0.98,1,0
4576,2124,6977.59,60,14.38,car,2023-11-01,0.345,0,0
4577,3215,21801.51,60,14.09,credit_card,2023-11-02,0.857,0,0
4578,3829,3404.5,36,13.39,car,2023-11-02,0.07,0,0
4579,2966,19638.07,36,12.25,credit_card,2023-11-02,0.334,0,0
4580,3127,4385.84,36,14.16,debt_consolidation,2023-11-02,0.517,2,0
4581,3557,15424.45,36,19.38,other,2023-11-02,0.987,0,0
4582,3601,9596.03,36,16.45,home_improvement,2023-11-03,0.499,0,0
4583,2620,10198.82,36,15.9,home_improvement,2023-11-03,0.862,0,0
4584,1929,6167.61,60,15.1,debt_consolidation,2023-11-03,0.734,0,1
4585,653,5748.92,36,19.43,small_business,2023-11-03,0.482,0,0
4586,760,24339.3,60,13.34,debt_consolidation,2023-11-03,0.761,0,0
4587,945,5473.77,60,15.12,credit_card,2023-11-04,0.411,0,0
4588,947,3622.12,36,15.97,small_business,2023-11-04,0.784,0,0
4589,2957,6299.23,36,15.22,small_business,2023-11-04,0.74,0,0
4590,85,6066.23,60,17.3,debt_consolidation,2023-11-04,0.123,0,0
4591,3275,28818.02,36,13.42,credit_card,2023-11-04,1.174,0,0
4592,873,4465.7,36,14.15,debt_consolidation,2023-11-04,0.219,0,0
4593,2026,4801.19,36,15.19,debt_consolidation,2023-11-05,0.463,0,0
4594,2211,4213.97,36,12.06,debt_consolidation,2023-11-05,0.434,0,0
4595,1151,2505.35,36,15.5,debt_consolidation,2023-11-05,0.604,0,0
4596,1830,8752.48,36,15.6,credit_card,2023-11-05,0.31,0,0
4597,1272,11084.06,36,12.35,debt_consolidation,2023-11-05,0.318,0,0
4598,2334,7823.6,60,14.95,debt_consolidation,2023-11-05,0.41,0,0
4599,2601,8756.27,60,18.88,credit_card,2023-11-05,0.538,0,0
4600,1257,5018.68,60,16.9,credit_card,2023-11-06,0.375,0,0
4601,3105,25593.24,36,15.06,credit_card,2023-11-06,0.835,0,0
4602,3179,5387.78,36,16.01,car,2023-11-06,0.424,0,0
4603,2606,5859.21,60,16.9,debt_consolidation,2023-11-06,0.645,1,0
4604,2018,28087.69,36,13.61,car,2023-11-06,1.853,0,0
4605,3383,4329.27,36,12.84,credit_card,2023-11-06,0.163,1,0
4606,858,2854.08,36,13.21,debt_consolidation,2023-11-06,0.457,0,0
4607,3694,27754.54,36,15.43,home_improvement,2023-11-07,0.651,0,0
4608,2943,12646.0,60,16.47,debt_consolidation,2023-11-07,0.405,0,0
4609,2190,40000.0,36,15.76,debt_consolidation,2023-11-07,0.994,1,0
4610,591,12632.21,60,11.64,debt_consolidation,2023-11-08,0.72,0,0
4611,797,6911.64,36,11.8,medical,2023-11-08,0.292,0,1
4612,3146,14742.13,36,13.77,credit_card,2023-11-09,0.638,0,0
4613,2590,10118.55,60,14.12,debt_consolidation,2023-11-09,0.264,0,0
4614,1775,18142.66,36,17.35,small_business,2023-11-09,0.945,0,0
4615,480,2138.83,60,15.03,car,2023-11-09,0.277,0,0
4616,207,9339.96,36,18.56,medical,2023-11-09,0.41,0,0
4617,1701,5168.66,36,15.8,other,2023-11-09,0.24,0,0
4618,3107,5962.88,60,13.43,credit_card,2023-11-09,0.3,0,0
4619,3800,11515.78,36,15.29,debt_consolidation,2023-11-09,0.574,0,0
4620,3610,1193.15,60,16.69,debt_consolidation,2023-11-09,0.267,0,0
4621,2421,4232.84,60,14.92,other,2023-11-10,0.502,0,0
4622,3089,11052.58,36,15.21,other,2023-11-10,0.4,0,1
4623,318,3600.93,36,14.6,debt_consolidation,2023-11-10,0.202,0,0
4624,1039,38388.97,36,16.41,medical,2023-11-10,1.679,0,0
4625,3519,4897.96,36,15.69,small_business,2023-11-10,0.182,0,0
4626,3379,10665.05,36,15.47,credit_card,2023-11-10,0.965,0,0
4627,485,24031.83,60,14.45,credit_card,2023-11-10,0.671,0,0
4628,3374,17357.45,36,16.23,medical,2023-11-10,0.758,1,1
4629,2802,5695.82,60,15.01,debt_consolidation,2023-11-10,0.247,0,0
4630,2533,6610.02,60,12.83,home_improvement,2023-11-11,0.231,0,0
4631,1502,11598.66,36,15.56,debt_consolidation,2023-11-11,1.143,0,0
4632,752,10215.71,60,17.26,home_improvement,2023-11-11,0.373,0,0
4633,2530,4255.0,36,16.24,debt_consolidation,2023-11-11,0.401,1,0
4634,1054,21493.54,60,15.85,home_improvement,2023-11-11,0.928,0,0
4635,3015,4397.38,36,14.37,debt_consolidation,2023-11-11,0.474,0,0
4636,504,8578.06,36,15.07,car,2023-11-11,0.836,0,0
4637,2501,6565.75,36,15.07,credit_card,2023-11-11,0.415,0,0
4638,3400,10454.53,36,14.63,home_improvement,2023-11-11,0.536,0,0
4639,2024,3606.11,36,11.54,debt_consolidation,2023-11-11,0.498,1,0
4640,3949,12386.19,36,13.01,credit_card,2023-11-11,0.706,0,0
4641,2999,15468.78,36,12.32,debt_consolidation,2023-11-11,0.673,0,0
4642,1406,14348.48,36,15.45,car,2023-11-12,0.465,0,0
4643,391,6024.94,36,14.77,debt_consolidation,2023-11-12,0.274,1,0
4644,2584,11138.68,36,12.01,car,2023-11-12,0.431,1,0
4645,3181,15173.81,36,13.58,credit_card,2023-11-12,0.567,0,0
4646,2140,6911.69,36,14.1,debt_consolidation,2023-11-12,0.327,0,0
4647,2829,8647.39,60,15.03,debt_consolidation,2023-11-12,0.729,0,0
4648,488,6318.19,36,15.34,debt_consolidation,2023-11-12,0.354,0,0
4649,1520,35769.87,36,15.0,car,2023-11-12,1.304,0,0
4650,1352,4809.2,60,15.91,debt_consolidation,2023-11-12,0.2,0,0
4651,2640,3854.07,36,16.5,other,2023-11-13,0.524,0,0
4652,2849,11283.07,36,15.62,debt_consolidation,2023-11-13,0.978,0,0
4653,3402,11282.71,60,18.79,home_improvement,2023-11-13,0.279,1,0
4654,183,11544.97,60,18.46,debt_consolidation,2023-11-13,0.592,0,0
4655,2636,7379.25,36,11.56,home_improvement,2023-11-13,0.689,0,0
4656,1856,20222.79,36,16.33,home_improvement,2023-11-13,0.481,1,0
4657,2886,4807.4,60,13.98,home_improvement,2023-11-13,0.433,0,0
4658,3459,15390.62,36,18.12,debt_consolidation,2023-11-13,0.622,0,1
4659,987,7217.8,60,16.17,debt_consolidation,2023-11-14,0.501,0,1
4660,3065,12905.05,36,12.96,medical,2023-11-14,0.329,0,0
4661,3522,5733.26,36,16.37,home_improvement,2023-11-14,0.168,0,0
4662,4,10941.62,36,12.88,credit_card,2023-11-15,0.547,0,0
4663,2382,12993.84,36,16.47,credit_card,2023-11-15,0.547,0,0
4664,2540,7073.08,36,17.66,credit_card,2023-11-15,0.376,0,0
4665,2245,24084.23,36,11.79,debt_consolidation,2023-11-15,0.621,0,0
4666,1707,5633.41,36,9.53,debt_consolidation,2023-11-15,0.402,0,0
4667,3159,10685.22,36,19.28,debt_consolidation,2023-11-15,0.68,1,0
4668,109,6991.3,36,15.76,debt_consolidation,2023-11-15,0.428,3,1
4669,3193,6725.72,36,14.42,credit_card,2023-11-16,0.37,0,0
4670,1442,15052.24,36,18.66,car,2023-11-16,0.887,1,0
4671,600,12125.78,36,12.22,debt_consolidation,2023-11-16,0.553,0,0
4672,1657,2867.54,36,19.42,credit_card,2023-11-16,0.596,0,1
4673,419,12119.28,36,14.41,debt_consolidation,2023-11-16,0.28,0,0
4674,774,15938.71,60,12.68,home_improvement,2023-11-16,0.449,0,0
4675,1614,11766.61,36,10.54,debt_consolidation,2023-11-17,0.661,0,0
4676,537,8231.62,36,15.31,home_improvement,2023-11-17,0.688,0,0
4677,395,2081.05,36,12.62,debt_consolidation,2023-11-17,0.436,0,0
4678,1185,40000.0,36,17.33,debt_consolidation,2023-11-17,1.415,0,0
4679,1479,3057.52,60,15.57,debt_consolidation,2023-11-17,0.176,0,0
4680,2508,10323.08,36,15.67,credit_card,2023-11-17,0.775,0,0
4681,2037,12766.89,36,14.12,home_improvement,2023-11-17,0.475,0,0
4682,2883,7114.32,36,13.31,debt_consolidation,2023-11-17,0.298,0,0
4683,389,6312.02,36,16.31,credit_card,2023-11-17,0.614,0,0
4684,2656,16992.62,36,15.8,car,2023-11-17,0.445,0,0
4685,483,9947.7,36,14.45,credit_card,2023-11-17,0.799,0,0
4686,3060,5306.21,36,15.84,car,2023-11-17,0.424,0,0
4687,166,5687.88,36,13.44,debt_consolidation,2023-11-18,0.45,0,0
4688,1634,10227.34,36,11.77,debt_consolidation,2023-11-18,0.233,1,0
4689,3176,19870.45,36,15.74,debt_consolidation,2023-11-18,0.312,0,0
4690,1678,6417.72,36,15.05,debt_consolidation,2023-11-19,0.485,0,0
4691,961,10608.89,36,15.41,other,2023-11-19,0.547,1,0
4692,2817,3539.86,60,18.78,debt_consolidation,2023-11-19,0.351,1,0
4693,1371,11612.45,36,12.47,credit_card,2023-11-19,0.639,0,0
4694,325,3017.05,36,14.33,small_business,2023-11-19,0.481,0,0
4695,2728,3699.3,60,17.64,debt_consolidation,2023-11-19,0.604,0,0
4696,3252,4620.75,36,15.21,debt_consolidation,2023-11-20,0.377,0,0
4697,619,6688.78,36,14.85,debt_consolidation,2023-11-20,0.49,0,1
4698,1081,19752.24,36,14.06,medical,2023-11-20,0.79,0,0
4699,3502,1326.56,36,15.53,car,2023-11-20,0.284,0,0
4700,2160,4996.82,60,15.47,debt_consolidation,2023-11-20,0.245,1,0
4701,1459,8378.28,36,11.33,car,2023-11-20,0.317,0,0
4702,2868,12728.56,36,18.01,debt_consolidation,2023-11-20,0.273,0,0
4703,780,13170.17,36,16.08,credit_card,2023-11-21,0.811,1,0
4704,3899,6773.42,36,14.09,debt_consolidation,2023-11-21,0.41,0,0
4705,2134,18619.52,60,16.17,car,2023-11-21,1.036,0,0
4706,805,24795.81,36,14.4,home_improvement,2023-11-21,1.193,0,0
4707,3977,3338.11,36,12.03,credit_card,2023-11-21,0.1,0,0
4708,1125,10704.09,60,17.47,other,2023-11-21,0.862,0,1
4709,1898,3984.69,36,15.96,debt_consolidation,2023-11-21,0.092,0,0
4710,2428,8531.0,36,13.18,credit_card,2023-11-22,0.893,0,0
4711,2638,7171.22,36,13.0,debt_consolidation,2023-11-22,0.207,0,0
4712,3291,5326.14,60,16.55,home_improvement,2023-11-22,0.326,1,0
4713,21,7232.02,36,15.1,medical,2023-11-22,0.414,0,0
4714,3147,17663.96,36,18.34,debt_consolidation,2023-11-22,0.239,0,1
4715,1670,1477.41,60,16.27,credit_card,2023-11-22,0.483,0,0
4716,2606,12230.51,36,15.83,credit_card,2023-11-22,0.875,0,0
4717,1804,11325.42,60,14.05,debt_consolidation,2023-11-23,0.567,0,0
4718,3529,4805.9,60,11.16,credit_card,2023-11-23,0.178,0,0
4719,2313,3677.46,60,13.74,credit_card,2023-11-23,0.294,0,0
4720,3168,3907.7,36,12.7,debt_consolidation,2023-11-23,0.485,0,0
4721,3684,2586.63,36,15.18,debt_consolidation,2023-11-23,0.438,0,0
4722,1510,5980.23,60,16.26,car,2023-11-23,0.254,0,0
4723,678,15055.29,36,11.97,debt_consolidation,2023-11-24,0.458,0,0
4724,1339,7678.77,60,13.77,credit_card,2023-11-24,0.468,0,0
4725,1501,7493.85,36,16.49,debt_consolidation,2023-11-24,0.298,0,0
4726,3448,15248.0,36,14.69,debt_consolidation,2023-11-24,0.345,0,1
4727,127,3988.62,36,12.6,home_improvement,2023-11-24,0.23,0,0
4728,398,7780.57,60,18.89,debt_consolidation,2023-11-24,0.288,0,0
4729,1706,8431.19,36,10.76,home_improvement,2023-11-24,0.652,0,0
4730,851,20381.15,60,14.42,medical,2023-11-25,0.539,0,0
4731,1752,1797.96,36,14.0,credit_card,2023-11-25,0.132,0,0
4732,2926,3193.57,60,13.93,debt_consolidation,2023-11-25,0.463,0,1
4733,2257,9396.12,36,13.24,debt_consolidation,2023-11-25,0.611,0,0
4734,1686,2712.87,36,19.37,other,2023-11-25,0.453,0,0
4735,3828,2824.41,36,13.98,credit_card,2023-11-25,0.234,0,0
4736,3098,7323.65,60,16.79,debt_consolidation,2023-11-25,0.282,0,0
4737,3956,6527.86,36,14.87,home_improvement,2023-11-25,0.809,0,1
4738,976,2793.92,36,16.57,credit_card,2023-11-25,0.19,0,0
4739,3403,4666.22,36,15.57,other,2023-11-25,0.435,0,0
4740,301,6087.17,36,15.36,debt_consolidation,2023-11-25,0.532,2,0
4741,3048,7367.1,36,15.05,credit_card,2023-11-25,0.587,0,0
4742,3826,3912.19,36,14.16,debt_consolidation,2023-11-25,0.537,0,0
4743,441,40000.0,36,14.81,debt_consolidation,2023-11-25,1.14,0,0
4744,2336,7638.57,60,16.58,credit_card,2023-11-25,0.746,1,0
4745,2266,5001.32,36,12.15,debt_consolidation,2023-11-25,0.415,0,0
4746,854,40000.0,36,17.56,credit_card,2023-11-26,1.847,3,0
4747,2021,7861.14,36,14.1,debt_consolidation,2023-11-26,0.511,0,0
4748,848,39712.29,60,15.28,credit_card,2023-11-26,1.012,0,0
4749,3291,2558.17,36,12.62,car,2023-11-26,0.304,0,0
4750,1739,9864.96,36,14.37,home_improvement,2023-11-26,0.865,0,0
4751,2618,4553.18,60,17.79,debt_consolidation,2023-11-26,0.222,1,0
4752,2295,13620.3,60,12.38,debt_consolidation,2023-11-26,0.513,0,0
4753,1930,7862.88,36,12.98,debt_consolidation,2023-11-26,0.543,0,0
4754,2108,33916.59,36,14.24,small_business,2023-11-27,0.541,0,0
4755,2926,11174.74,60,12.88,small_business,2023-11-27,0.703,0,0
4756,3448,8618.95,36,18.69,debt_consolidation,2023-11-27,0.28,0,0
4757,3515,5497.07,60,11.08,medical,2023-11-27,0.269,0,0
4758,788,9273.22,36,12.99,debt_consolidation,2023-11-27,0.439,0,1
4759,188,15605.92,36,16.91,debt_consolidation,2023-11-27,0.473,0,0
4760,1451,6800.43,60,15.9,debt_consolidation,2023-11-27,0.589,0,0
4761,1872,10100.26,36,14.78,medical,2023-11-27,0.483,0,0
4762,3575,11084.47,36,17.19,debt_consolidation,2023-11-28,0.701,0,0
4763,1216,8820.26,60,14.63,credit_card,2023-11-28,0.461,0,0
4764,1373,9813.86,36,17.09,medical,2023-11-28,0.542,1,0
4765,3781,4240.89,36,14.07,debt_consolidation,2023-11-28,0.348,0,0
4766,1720,6973.02,60,18.23,credit_card,2023-11-28,0.422,1,0
4767,1051,5324.54,36,13.02,small_business,2023-11-28,0.192,0,0
4768,291,6613.29,36,14.12,credit_card,2023-11-28,0.443,0,0
4769,1043,9716.57,36,15.49,credit_card,2023-11-29,0.675,0,0
4770,1868,3546.2,36,14.49,debt_consolidation,2023-11-29,0.121,0,0
4771,2972,8881.05,60,16.69,debt_consolidation,2023-11-29,0.28,0,0
4772,124,40000.0,36,15.32,small_business,2023-11-29,0.659,0,0
4773,520,12230.28,60,15.09,debt_consolidation,2023-11-29,1.185,2,0
4774,934,5480.41,36,17.48,debt_consolidation,2023-11-29,0.401,0,0
4775,1594,3241.54,36,16.79,credit_card,2023-11-29,0.526,0,0
4776,1622,12943.99,60,16.82,debt_consolidation,2023-11-29,0.339,0,0
4777,1415,11304.52,36,11.51,debt_consolidation,2023-11-29,0.543,0,0
4778,957,7772.48,36,12.66,debt_consolidation,2023-11-29,0.547,0,0
4779,362,16487.58,36,13.47,debt_consolidation,2023-11-29,0.596,1,0
4780,3056,2538.2,60,15.3,credit_card,2023-11-29,0.247,0,0
4781,1632,8401.07,36,10.47,credit_card,2023-11-29,0.298,0,0
4782,1021,12433.34,60,15.61,debt_consolidation,2023-11-30,0.701,0,0
4783,2046,3889.17,36,16.85,small_business,2023-11-30,0.356,0,0
4784,2527,31127.88,36,12.42,debt_consolidation,2023-11-30,0.576,0,0
4785,3646,9701.78,36,13.36,debt_consolidation,2023-11-30,0.207,0,0
4786,3074,15339.63,36,13.25,debt_consolidation,2023-11-30,0.631,0,0
4787,3842,7348.2,60,13.6,other,2023-11-30,1.021,0,1
4788,440,11324.66,60,12.46,credit_card,2023-11-30,0.715,0,0
4789,1912,11496.08,36,13.97,debt_consolidation,2023-12-01,0.399,0,0
4790,3531,10764.76,36,12.52,credit_card,2023-12-01,0.537,0,0
4791,925,3560.04,36,11.59,debt_consolidation,2023-12-01,0.576,0,0
4792,754,16824.14,60,17.97,home_improvement,2023-12-01,1.132,0,0
4793,3808,40000.0,36,15.35,other,2023-12-01,0.823,1,0
4794,1768,5371.53,36,10.58,debt_consolidation,2023-12-01,0.178,0,0
4795,2285,15796.51,60,13.78,credit_card,2023-12-01,0.715,0,0
4796,2379,9866.23,60,19.98,debt_consolidation,2023-12-02,0.645,0,0
4797,3484,18451.37,60,18.97,debt_consolidation,2023-12-02,1.546,0,0
4798,1189,3235.52,36,18.22,debt_consolidation,2023-12-02,0.517,0,0
4799,162,4554.17,36,13.58,car,2023-12-02,0.488,1,0
4800,1123,9915.72,36,16.12,credit_card,2023-12-02,0.261,0,0
4801,3939,7713.2,36,14.5,medical,2023-12-02,0.425,0,0
4802,1012,5333.66,36,13.01,debt_consolidation,2023-12-02,0.541,1,1
4803,3110,1824.54,36,15.65,home_improvement,2023-12-03,0.261,1,0
4804,2119,18400.53,36,15.79,medical,2023-12-03,0.715,0,0
4805,1964,18576.56,36,14.02,debt_consolidation,2023-12-03,0.862,0,0
4806,2424,12058.14,60,16.86,small_business,2023-12-03,0.47,0,0
4807,972,3340.55,36,14.11,debt_consolidation,2023-12-03,0.696,0,0
4808,3638,15177.45,36,16.27,debt_consolidation,2023-12-03,0.31,1,0
4809,1643,40000.0,36,12.21,home_improvement,2023-12-04,0.752,0,0
4810,2161,5377.34,36,17.63,debt_consolidation,2023-12-04,0.533,0,0
4811,3936,6530.93,36,15.18,debt_consolidation,2023-12-04,0.312,1,0
4812,1817,11030.66,60,18.32,medical,2023-12-04,0.214,0,0
4813,2096,4636.81,36,14.05,medical,2023-12-04,0.498,0,0
4814,235,8549.63,60,12.13,credit_card,2023-12-04,0.479,1,0
4815,3069,5895.11,36,10.06,car,2023-12-04,0.688,0,0
4816,2079,6967.08,36,17.21,credit_card,2023-12-04,0.204,0,0
4817,3638,6340.83,36,13.53,debt_consolidation,2023-12-04,0.193,0,0
4818,3297,10544.52,36,13.87,debt_consolidation,2023-12-04,0.732,0,0
4819,355,12289.62,36,10.33,debt_consolidation,2023-12-05,0.512,0,0
4820,1966,16585.74,36,13.06,debt_consolidation,2023-12-05,0.28,0,0
4821,1351,9235.76,36,12.65,debt_consolidation,2023-12-05,0.645,0,0
4822,2757,21551.94,60,17.36,medical,2023-12-05,0.73,0,0
4823,2296,7490.21,36,18.08,debt_consolidation,2023-12-06,0.496,0,0
4824,1100,9440.39,36,11.69,credit_card,2023-12-06,0.561,0,0
4825,2425,5885.26,36,15.74,small_business,2023-12-06,0.441,0,0
4826,2331,6660.98,60,15.31,debt_consolidation,2023-12-06,0.134,1,0
4827,846,6523.14,60,13.93,small_business,2023-12-06,0.215,0,0
4828,3890,15767.0,60,12.5,home_improvement,2023-12-06,0.309,0,0
4829,2944,6447.43,36,14.2,credit_card,2023-12-06,0.356,0,0
4830,294,17762.33,36,14.41,debt_consolidation,2023-12-06,0.413,0,0
4831,609,3820.69,36,16.48,credit_card,2023-12-07,0.429,0,0
4832,2088,4965.37,36,15.15,credit_card,2023-12-07,0.591,0,0
4833,3028,5191.6,36,14.09,car,2023-12-07,0.401,0,0
4834,2629,15837.36,36,14.21,credit_card,2023-12-07,0.639,0,0
4835,352,5682.28,36,16.25,debt_consolidation,2023-12-07,0.365,1,0
4836,358,5423.08,36,16.61,credit_card,2023-12-07,0.62,0,1
4837,1387,7745.23,60,14.0,medical,2023-12-07,0.508,0,0
4838,5,2618.86,36,12.19,medical,2023-12-07,0.672,0,0
4839,3984,19350.86,60,12.88,debt_consolidation,2023-12-07,1.046,0,0
4840,2795,8268.7,60,17.86,debt_consolidation,2023-12-07,0.48,0,0
4841,986,2765.4,36,14.34,debt_consolidation,2023-12-08,0.221,0,0
4842,280,7396.88,60,14.49,debt_consolidation,2023-12-08,0.496,0,0
4843,2547,8260.32,36,18.56,home_improvement,2023-12-08,0.458,0,0
4844,30,18904.57,60,17.98,home_improvement,2023-12-08,0.542,0,1
4845,2252,14577.88,36,12.87,debt_consolidation,2023-12-08,0.377,1,0
4846,3375,13372.02,36,11.27,debt_consolidation,2023-12-08,0.805,0,0
4847,3944,11950.13,60,16.57,credit_card,2023-12-08,0.321,0,0
4848,2452,21750.73,36,11.86,credit_card,2023-12-08,0.751,0,0
4849,2211,10672.49,60,17.75,credit_card,2023-12-08,0.597,0,0
4850,1961,5407.72,60,11.56,car,2023-12-09,0.496,0,1
4851,141,8917.44,36,15.48,debt_consolidation,2023-12-09,0.561,0,0
4852,964,2528.23,36,14.56,car,2023-12-09,0.272,0,0
4853,577,17224.65,36,14.36,car,2023-12-09,0.823,0,0
4854,3330,5042.03,36,12.83,credit_card,2023-12-09,0.161,0,0
4855,33,8832.73,60,18.22,car,2023-12-09,0.473,0,0
4856,2219,5133.14,36,14.75,credit_card,2023-12-10,0.107,0,0
4857,3774,7331.59,36,14.62,other,2023-12-10,0.176,0,0
4858,823,16612.59,36,18.18,credit_card,2023-12-10,0.294,1,0
4859,2386,10392.6,36,13.81,small_business,2023-12-10,0.262,0,1
4860,3823,3474.92,36,16.96,debt_consolidation,2023-12-10,0.506,0,0
4861,1268,2510.97,60,15.97,car,2023-12-10,0.631,0,0
4862,851,2253.7,36,15.22,debt_consolidation,2023-12-11,0.146,0,0
4863,49,5266.14,36,15.62,debt_consolidation,2023-12-11,0.236,0,0
4864,678,7865.29,36,12.54,debt_consolidation,2023-12-11,0.369,0,0
4865,2073,7466.73,36,13.63,home_improvement,2023-12-11,0.697,0,0
4866,787,12073.27,36,13.78,debt_consolidation,2023-12-11,0.631,0,0
4867,3442,4564.09,36,12.21,credit_card,2023-12-11,0.294,0,0
4868,1470,2361.05,36,14.96,debt_consolidation,2023-12-12,0.615,0,0
4869,559,22801.48,60,16.37,debt_consolidation,2023-12-12,0.476,0,0
4870,2968,11715.15,60,14.34,home_improvement,2023-12-12,0.672,0,0
4871,1757,16801.49,60,13.99,home_improvement,2023-12-12,0.684,0,0
4872,1274,18908.6,36,17.82,debt_consolidation,2023-12-12,0.355,0,0
4873,2423,11578.67,36,16.46,credit_card,2023-12-12,1.119,0,0
4874,3845,21103.6,60,17.28,credit_card,2023-12-12,0.401,0,0
4875,3336,8081.58,60,16.03,home_improvement,2023-12-12,0.258,0,0
4876,3905,5828.47,60,19.07,car,2023-12-13,0.399,2,0
4877,1421,9286.12,60,14.38,debt_consolidation,2023-12-13,0.348,0,0
4878,2236,6084.7,36,17.4,debt_consolidation,2023-12-13,0.328,0,0
4879,2121,10195.77,36,12.56,home_improvement,2023-12-13,0.375,0,0
4880,342,12546.82,36,11.36,debt_consolidation,2023-12-13,0.436,0,0
4881,184,5936.62,36,14.2,credit_card,2023-12-13,0.397,0,0
4882,3550,7606.77,36,13.77,debt_consolidation,2023-12-13,0.571,0,0
4883,42,4326.6,60,16.99,debt_consolidation,2023-12-13,0.134,0,0
4884,2257,5835.65,36,14.82,home_improvement,2023-12-13,0.494,0,0
4885,3577,5819.27,36,12.61,debt_consolidation,2023-12-14,0.395,0,0
4886,3496,3519.82,60,14.13,medical,2023-12-14,0.238,0,0
4887,2593,9789.18,36,12.58,debt_consolidation,2023-12-14,0.569,0,0
4888,1871,6238.24,36,15.54,debt_consolidation,2023-12-14,0.341,0,0
4889,174,40000.0,36,14.57,debt_consolidation,2023-12-14,1.378,0,0
4890,2137,4713.43,36,14.54,other,2023-12-14,0.684,0,0
4891,3966,21823.66,36,17.78,medical,2023-12-14,0.878,1,0
4892,643,3416.22,36,14.34,debt_consolidation,2023-12-15,0.676,0,0
4893,1422,9140.03,36,15.58,debt_consolidation,2023-12-15,0.331,0,1
4894,2004,3646.49,60,13.46,debt_consolidation,2023-12-15,0.165,0,0
4895,245,3613.37,36,18.08,home_improvement,2023-12-15,0.438,1,0
4896,3387,3707.88,36,12.28,debt_consolidation,2023-12-16,0.428,0,0
4897,3920,15940.2,36,12.01,home_improvement,2023-12-16,0.344,0,0
4898,2370,18079.77,60,16.83,credit_card,2023-12-16,0.696,0,0
4899,1464,6243.79,36,17.08,home_improvement,2023-12-16,0.253,0,0
4900,2523,30486.36,36,15.43,debt_consolidation,2023-12-16,0.704,0,0
4901,3909,4869.59,60,21.61,car,2023-12-17,0.325,0,0
4902,3314,7452.89,60,16.22,debt_consolidation,2023-12-17,0.427,0,0
4903,758,12751.71,36,13.63,debt_consolidation,2023-12-17,0.38,0,0
4904,400,13344.73,60,15.96,car,2023-12-17,0.847,0,0
4905,839,8721.72,36,17.53,credit_card,2023-12-17,0.216,0,0
4906,26,4243.08,60,14.95,debt_consolidation,2023-12-17,0.593,0,0
4907,2652,26646.07,36,14.08,medical,2023-12-17,0.818,0,0
4908,3147,11677.77,36,18.93,home_improvement,2023-12-18,0.189,0,0
4909,3260,6431.42,36,14.85,credit_card,2023-12-18,0.506,0,0
4910,3635,11167.47,36,16.25,credit_card,2023-12-18,0.521,0,0
4911,684,7852.89,36,14.36,credit_card,2023-12-18,0.48,0,0
4912,3125,2578.39,36,14.33,credit_card,2023-12-18,0.104,0,0
4913,1211,9754.13,36,15.52,debt_consolidation,2023-12-18,0.539,0,0
4914,2930,12287.54,36,15.06,debt_consolidation,2023-12-18,0.235,1,0
4915,3064,17335.9,60,17.65,medical,2023-12-18,0.696,1,0
4916,1575,11368.27,36,12.83,small_business,2023-12-18,0.489,0,0
4917,3487,23179.01,36,11.05,debt_consolidation,2023-12-18,0.737,0,0
4918,2389,9435.89,36,14.23,home_improvement,2023-12-19,0.641,0,0
4919,451,5523.28,60,18.27,credit_card,2023-12-19,0.471,0,1
4920,1404,2362.04,36,17.5,medical,2023-12-19,0.147,0,0
4921,1054,7961.07,60,13.39,small_business,2023-12-19,0.568,1,0
4922,305,21953.81,36,17.12,small_business,2023-12-19,0.943,0,1
4923,2570,6083.0,60,15.88,credit_card,2023-12-19,0.936,1,0
4924,499,8641.41,36,14.69,medical,2023-12-19,0.44,0,0
4925,2976,6319.28,36,19.46,debt_consolidation,2023-12-19,0.71,0,0
4926,3135,4499.51,36,15.55,debt_consolidation,2023-12-19,0.141,1,0
4927,2111,3532.47,60,18.19,debt_consolidation,2023-12-19,0.492,0,0
4928,2858,4445.6,36,10.83,credit_card,2023-12-20,0.385,0,0
4929,2326,20156.3,60,15.24,debt_consolidation,2023-12-20,0.292,1,0
4930,3103,4838.94,36,15.12,debt_consolidation,2023-12-20,0.333,0,0
4931,2379,17523.16,36,16.39,small_business,2023-12-20,0.765,0,0
4932,1347,5729.21,36,19.28,small_business,2023-12-20,0.516,0,0
4933,3224,11774.42,36,13.49,debt_consolidation,2023-12-21,0.669,0,0
4934,433,6719.51,60,17.29,debt_consolidation,2023-12-21,0.347,0,1
4935,2196,16942.15,36,14.41,debt_consolidation,2023-12-21,0.724,0,0
4936,2695,2013.83,36,14.14,credit_card,2023-12-21,0.258,0,0
4937,917,5762.52,60,18.1,home_improvement,2023-12-21,0.679,0,0
4938,268,3263.65,60,17.56,debt_consolidation,2023-12-22,0.268,1,0
4939,2547,9604.32,36,15.91,credit_card,2023-12-22,0.483,0,0
4940,2981,9855.07,36,17.71,debt_consolidation,2023-12-22,0.293,1,0
4941,260,8566.91,36,12.06,medical,2023-12-23,0.807,0,0
4942,2501,9445.8,60,15.82,debt_consolidation,2023-12-23,0.443,0,0
4943,1322,11924.51,36,14.15,debt_consolidation,2023-12-23,0.67,0,0
4944,3435,6019.76,36,15.27,car,2023-12-23,0.259,0,0
4945,2311,6555.85,60,14.71,debt_consolidation,2023-12-23,0.274,0,0
4946,1823,17187.44,36,12.16,home_improvement,2023-12-23,0.561,0,0
4947,2861,5980.38,60,15.34,small_business,2023-12-23,0.669,0,0
4948,3298,4095.35,36,14.56,debt_consolidation,2023-12-23,0.677,1,0
4949,1667,4914.82,60,15.1,credit_card,2023-12-23,0.47,0,0
4950,3379,12511.72,36,12.31,debt_consolidation,2023-12-23,1.032,0,0
4951,3432,14520.8,36,15.41,debt_consolidation,2023-12-24,0.422,0,0
4952,2766,5297.36,36,15.67,credit_card,2023-12-24,0.289,1,0
4953,1691,1453.97,36,14.28,car,2023-12-24,0.306,0,0
4954,3172,14951.16,60,17.48,medical,2023-12-24,0.613,0,0
4955,2266,3627.09,36,13.48,medical,2023-12-24,0.37,0,0
4956,1536,11378.96,36,14.91,small_business,2023-12-24,0.58,0,0
4957,553,27824.4,36,16.3,debt_consolidation,2023-12-24,1.074,1,0
4958,940,5229.48,60,18.3,home_improvement,2023-12-25,0.317,0,0
4959,2010,25826.76,36,15.55,debt_consolidation,2023-12-25,0.732,0,0
4960,507,19554.67,36,15.12,debt_consolidation,2023-12-25,0.647,0,0
4961,406,8997.88,36,13.99,debt_consolidation,2023-12-25,0.272,0,0
4962,1720,5141.74,36,15.19,debt_consolidation,2023-12-25,0.395,0,0
4963,2844,7393.72,36,15.03,other,2023-12-26,0.326,0,0
4964,975,5017.52,60,14.21,credit_card,2023-12-26,0.563,1,0
4965,3310,10690.48,36,14.43,debt_consolidation,2023-12-26,0.411,0,0
4966,2368,9010.03,36,15.59,debt_consolidation,2023-12-26,0.318,0,0
4967,1682,11767.45,36,9.65,car,2023-12-27,0.276,0,0
4968,302,5708.31,60,17.17,credit_card,2023-12-27,0.57,0,0
4969,1864,3778.18,36,16.2,home_improvement,2023-12-27,0.481,0,0
4970,734,5823.64,60,18.34,credit_card,2023-12-27,0.59,1,0
4971,3097,5910.64,36,12.52,debt_consolidation,2023-12-27,0.32,0,0
4972,669,4226.84,36,13.59,home_improvement,2023-12-27,0.11,0,0
4973,3834,17818.47,36,13.04,credit_card,2023-12-27,0.36,1,0
4974,1160,16549.75,36,12.77,credit_card,2023-12-27,0.954,0,0
4975,1697,11691.28,60,16.37,other,2023-12-27,0.5,0,0
4976,282,11473.71,36,16.76,debt_consolidation,2023-12-27,1.192,1,0
4977,1965,9043.21,36,12.62,home_improvement,2023-12-28,0.388,0,0
4978,1924,4157.05,36,14.4,credit_card,2023-12-28,0.551,0,0
4979,697,10247.95,36,13.7,other,2023-12-28,0.338,0,0
4980,2492,13842.83,36,14.83,debt_consolidation,2023-12-28,0.575,0,0
4981,2687,5646.08,36,16.01,small_business,2023-12-28,0.481,0,0
4982,3472,3972.12,60,14.98,home_improvement,2023-12-29,0.433,0,0
4983,2101,15808.79,60,17.78,credit_card,2023-12-29,0.549,0,0
4984,2652,5439.61,36,12.2,credit_card,2023-12-29,0.321,0,0
4985,2846,10614.25,36,15.29,credit_card,2023-12-29,0.355,0,0
4986,1980,11127.4,60,17.96,medical,2023-12-30,0.465,0,0
4987,2163,6442.34,60,15.19,debt_consolidation,2023-12-30,0.819,0,0
4988,1060,2812.68,60,14.03,medical,2023-12-30,0.132,0,0
4989,1269,18783.23,36,11.86,home_improvement,2023-12-30,0.603,0,0
4990,2975,19849.78,36,14.41,credit_card,2023-12-30,0.215,1,0
4991,781,32053.65,36,13.86,home_improvement,2023-12-30,0.974,0,0
4992,3834,25976.99,36,12.09,home_improvement,2023-12-30,0.475,0,0
4993,1621,7088.75,60,15.22,credit_card,2023-12-31,0.303,0,0
4994,3214,13648.52,36,14.41,home_improvement,2023-12-31,0.441,0,0
4995,1316,6354.27,36,14.43,credit_card,2023-12-31,0.501,0,0
4996,240,24845.84,60,12.97,debt_consolidation,2023-12-31,0.473,0,0
4997,2145,23632.44,36,14.67,credit_card,2023-12-31,0.295,0,0
4998,2525,6849.36,36,12.09,medical,2023-12-31,0.2,1,0
4999,2677,34406.15,36,16.19,debt_consolidation,2023-12-31,1.009,0,0
5000,3012,5298.46,36,15.5,small_business,2023-12-31,0.227,0,0
