week_start,store_id,category,units_sold,unit_price,promo_flag,holiday_week,revenue
2022-01-03,S01,Clothing,312,32.91,0,0,10267.92
2022-01-03,S01,Electronics,271,165.98,1,0,44980.58
2022-01-03,S01,Garden,118,18.03,0,0,2127.54
2022-01-03,S01,Grocery,1264,4.57,0,0,5776.48
2022-01-03,S02,Clothing,694,33.87,0,0,23505.78
2022-01-03,S02,Electronics,479,185.88,0,0,89036.52
2022-01-03,S02,Garden,235,18.96,0,0,4455.6
2022-01-03,S02,Grocery,2967,4.77,0,0,14152.59
2022-01-03,S03,Clothing,643,32.02,0,0,20588.86
2022-01-03,S03,Electronics,385,180.76,0,0,69592.6
2022-01-03,S03,Garden,361,16.27,1,0,5873.47
2022-01-03,S03,Grocery,2310,4.54,0,0,10487.4
2022-01-03,S04,Clothing,500,30.75,0,0,15375.0
2022-01-03,S04,Electronics,351,153.21,1,0,53776.71
2022-01-03,S04,Garden,241,15.78,1,0,3802.98
2022-01-03,S04,Grocery,1958,4.24,0,0,8301.92
2022-01-03,S05,Clothing,565,32.94,0,0,18611.1
2022-01-03,S05,Electronics,276,179.73,0,0,49605.48
2022-01-03,S05,Garden,261,17.62,0,0,4598.82
2022-01-03,S05,Grocery,2608,3.91,1,0,10197.28
2022-01-03,S06,Clothing,878,31.28,0,0,27463.84
2022-01-03,S06,Electronics,507,176.38,0,0,89424.66
2022-01-03,S06,Garden,342,17.64,0,0,6032.88
2022-01-03,S06,Grocery,2757,4.43,0,0,12213.51
2022-01-10,S01,Clothing,361,30.11,1,0,10869.71
2022-01-10,S01,Electronics,185,185.5,0,0,34317.5
2022-01-10,S01,Garden,135,16.71,1,0,2255.85
2022-01-10,S01,Grocery,1352,4.6,0,0,6219.2
2022-01-10,S02,Clothing,713,33.49,0,0,23878.37
2022-01-10,S02,Electronics,502,187.93,0,0,94340.86
2022-01-10,S02,Garden,271,18.81,0,0,5097.51
2022-01-10,S02,Grocery,2949,4.71,0,0,13889.79
2022-01-10,S03,Clothing,738,31.76,0,0,23438.88
2022-01-10,S03,Electronics,428,179.51,0,0,76830.28
2022-01-10,S03,Garden,271,17.91,0,0,4853.61
2022-01-10,S03,Grocery,2274,4.56,0,0,10369.44
2022-01-10,S04,Clothing,536,30.29,0,0,16235.44
2022-01-10,S04,Electronics,277,172.26,0,0,47716.02
2022-01-10,S04,Garden,259,15.67,1,0,4058.53
2022-01-10,S04,Grocery,1861,4.24,0,0,7890.64
2022-01-10,S05,Clothing,543,32.0,0,0,17376.0
2022-01-10,S05,Electronics,271,180.57,0,0,48934.47
2022-01-10,S05,Garden,201,17.46,0,0,3509.46
2022-01-10,S05,Grocery,2323,4.44,0,0,10314.12
2022-01-10,S06,Clothing,837,32.03,0,0,26809.11
2022-01-10,S06,Electronics,463,179.98,0,0,83330.74
2022-01-10,S06,Garden,427,16.21,1,0,6921.67
2022-01-10,S06,Grocery,2897,4.5,0,0,13036.5
2022-01-17,S01,Clothing,292,32.69,0,0,9545.48
2022-01-17,S01,Electronics,190,184.81,0,0,35113.9
2022-01-17,S01,Garden,122,18.06,0,0,2203.32
2022-01-17,S01,Grocery,1306,4.6,0,0,6007.6
2022-01-17,S02,Clothing,750,32.99,0,0,24742.5
2022-01-17,S02,Electronics,462,190.85,0,0,88172.7
2022-01-17,S02,Garden,288,19.04,0,0,5483.52
2022-01-17,S02,Grocery,3738,4.22,1,0,15774.36
2022-01-17,S03,Clothing,699,32.04,0,0,22395.96
2022-01-17,S03,Electronics,419,178.91,0,0,74963.29
2022-01-17,S03,Garden,313,18.12,0,0,5671.56
2022-01-17,S03,Grocery,2518,4.43,0,0,11154.74
2022-01-17,S04,Clothing,506,30.73,0,0,15549.38
2022-01-17,S04,Electronics,303,171.67,0,0,52016.01
2022-01-17,S04,Garden,228,17.01,0,0,3878.28
2022-01-17,S04,Grocery,1856,4.33,0,0,8036.48
2022-01-17,S05,Clothing,606,31.95,0,0,19361.7
2022-01-17,S05,Electronics,303,180.85,0,0,54797.55
2022-01-17,S05,Garden,248,17.68,0,0,4384.64
2022-01-17,S05,Grocery,2108,4.49,0,0,9464.92
2022-01-17,S06,Clothing,972,31.94,0,0,31045.68
2022-01-17,S06,Electronics,434,179.88,0,0,78067.92
2022-01-17,S06,Garden,346,18.17,0,0,6286.82
2022-01-17,S06,Grocery,2878,4.52,0,0,13008.56
2022-01-24,S01,Clothing,317,32.92,0,0,10435.64
2022-01-24,S01,Electronics,203,166.41,1,0,33781.23
2022-01-24,S01,Garden,125,18.74,0,0,2342.5
2022-01-24,S01,Grocery,1246,4.71,0,0,5868.66
2022-01-24,S02,Clothing,836,34.25,0,0,28633.0
2022-01-24,S02,Electronics,510,172.26,1,0,87852.6
2022-01-24,S02,Garden,362,16.79,1,0,6077.98
2022-01-24,S02,Grocery,2835,4.7,0,0,13324.5
2022-01-24,S03,Clothing,693,31.7,0,0,21968.1
2022-01-24,S03,Electronics,510,161.56,1,0,82395.6
2022-01-24,S03,Garden,328,18.34,0,0,6015.52
2022-01-24,S03,Grocery,2555,4.53,0,0,11574.15
2022-01-24,S04,Clothing,570,30.44,0,0,17350.8
2022-01-24,S04,Electronics,288,169.64,0,0,48856.32
2022-01-24,S04,Garden,221,17.25,0,0,3812.25
2022-01-24,S04,Grocery,2148,4.3,0,0,9236.4
2022-01-24,S05,Clothing,598,31.79,0,0,19010.42
2022-01-24,S05,Electronics,274,179.74,0,0,49248.76
2022-01-24,S05,Garden,271,17.61,0,0,4772.31
2022-01-24,S05,Grocery,1881,4.52,0,0,8502.12
2022-01-24,S06,Clothing,861,31.75,0,0,27336.75
2022-01-24,S06,Electronics,435,180.15,0,0,78365.25
2022-01-24,S06,Garden,358,17.98,0,0,6436.84
2022-01-24,S06,Grocery,2776,4.41,0,0,12242.16
2022-01-31,S01,Clothing,330,33.17,0,0,10946.1
2022-01-31,S01,Electronics,180,183.95,0,0,33111.0
2022-01-31,S01,Garden,164,16.65,1,0,2730.6
2022-01-31,S01,Grocery,1344,4.67,0,0,6276.48
2022-01-31,S02,Clothing,821,33.46,0,0,27470.66
2022-01-31,S02,Electronics,382,189.6,0,0,72427.2
2022-01-31,S02,Garden,352,18.89,0,0,6649.28
2022-01-31,S02,Grocery,2849,4.72,0,0,13447.28
2022-01-31,S03,Clothing,761,31.48,0,0,23956.28
2022-01-31,S03,Electronics,371,181.04,0,0,67165.84
2022-01-31,S03,Garden,324,18.09,0,0,5861.16
2022-01-31,S03,Grocery,2607,4.54,0,0,11835.78
2022-01-31,S04,Clothing,532,30.6,0,0,16279.2
2022-01-31,S04,Electronics,304,172.11,0,0,52321.44
2022-01-31,S04,Garden,233,16.89,0,0,3935.37
2022-01-31,S04,Grocery,1845,4.28,0,0,7896.6
2022-01-31,S05,Clothing,593,31.36,0,0,18596.48
2022-01-31,S05,Electronics,280,180.03,0,0,50408.4
2022-01-31,S05,Garden,265,17.81,0,0,4719.65
2022-01-31,S05,Grocery,2410,4.36,0,0,10507.6
2022-01-31,S06,Clothing,955,31.58,0,0,30158.9
2022-01-31,S06,Electronics,471,180.53,0,0,85029.63
2022-01-31,S06,Garden,372,17.79,0,0,6617.88
2022-01-31,S06,Grocery,3397,4.48,0,0,15218.56
2022-02-07,S01,Clothing,344,32.78,0,0,11276.32
2022-02-07,S01,Electronics,176,182.12,0,0,32053.12
2022-02-07,S01,Garden,136,18.65,0,0,2536.4
2022-02-07,S01,Grocery,1238,4.57,0,0,5657.66
2022-02-07,S02,Clothing,865,33.59,0,0,29055.35
2022-02-07,S02,Electronics,379,186.0,0,0,70494.0
2022-02-07,S02,Garden,326,18.98,0,0,6187.48
2022-02-07,S02,Grocery,3187,4.78,0,0,15233.86
2022-02-07,S03,Clothing,791,32.27,0,0,25525.57
2022-02-07,S03,Electronics,371,178.6,0,0,66260.6
2022-02-07,S03,Garden,308,18.11,0,0,5577.88
2022-02-07,S03,Grocery,2535,4.49,0,0,11382.15
2022-02-07,S04,Clothing,654,27.71,1,0,18122.34
2022-02-07,S04,Electronics,263,171.63,0,0,45138.69
2022-02-07,S04,Garden,252,17.37,0,0,4377.24
2022-02-07,S04,Grocery,2081,4.29,0,0,8927.49
2022-02-07,S05,Clothing,646,31.94,0,0,20633.24
2022-02-07,S05,Electronics,306,177.99,0,0,54464.94
2022-02-07,S05,Garden,274,17.65,0,0,4836.1
2022-02-07,S05,Grocery,2059,4.41,0,0,9080.19
2022-02-07,S06,Clothing,978,31.92,0,0,31217.76
2022-02-07,S06,Electronics,529,163.97,1,0,86740.13
2022-02-07,S06,Garden,435,17.77,0,0,7729.95
2022-02-07,S06,Grocery,2951,4.56,0,0,13456.56
2022-02-14,S01,Clothing,334,32.64,0,0,10901.76
2022-02-14,S01,Electronics,178,181.85,0,0,32369.3
2022-02-14,S01,Garden,158,18.3,0,0,2891.4
2022-02-14,S01,Grocery,1263,4.63,0,0,5847.69
2022-02-14,S02,Clothing,817,33.6,0,0,27451.2
2022-02-14,S02,Electronics,496,170.25,1,0,84444.0
2022-02-14,S02,Garden,377,18.74,0,0,7064.98
2022-02-14,S02,Grocery,2886,4.73,0,0,13650.78
2022-02-14,S03,Clothing,718,31.86,0,0,22875.48
2022-02-14,S03,Electronics,364,181.42,0,0,66036.88
2022-02-14,S03,Garden,354,18.13,0,0,6418.02
2022-02-14,S03,Grocery,2530,4.45,0,0,11258.5
2022-02-14,S04,Clothing,570,30.9,0,0,17613.0
2022-02-14,S04,Electronics,266,170.15,0,0,45259.9
2022-02-14,S04,Garden,248,16.94,0,0,4201.12
2022-02-14,S04,Grocery,1892,4.28,0,0,8097.76
2022-02-14,S05,Clothing,665,31.28,0,0,20801.2
2022-02-14,S05,Electronics,266,174.2,0,0,46337.2
2022-02-14,S05,Garden,293,17.7,0,0,5186.1
2022-02-14,S05,Grocery,2120,4.41,0,0,9349.2
2022-02-14,S06,Clothing,967,32.06,0,0,31002.02
2022-02-14,S06,Electronics,460,180.24,0,0,82910.4
2022-02-14,S06,Garden,453,17.79,0,0,8058.87
2022-02-14,S06,Grocery,2966,4.51,0,0,13376.66
2022-02-21,S01,Clothing,358,32.09,0,0,11488.22
2022-02-21,S01,Electronics,181,185.91,0,0,33649.71
2022-02-21,S01,Garden,165,18.18,0,0,2999.7
2022-02-21,S01,Grocery,1175,4.6,0,0,5405.0
2022-02-21,S02,Clothing,992,30.01,1,0,29769.92
2022-02-21,S02,Electronics,402,189.85,0,0,76319.7
2022-02-21,S02,Garden,378,18.74,0,0,7083.72
2022-02-21,S02,Grocery,2759,4.74,0,0,13077.66
2022-02-21,S03,Clothing,828,31.74,0,0,26280.72
2022-02-21,S03,Electronics,375,183.9,0,0,68962.5
2022-02-21,S03,Garden,382,17.74,0,0,6776.68
2022-02-21,S03,Grocery,2300,4.54,0,0,10442.0
2022-02-21,S04,Clothing,685,27.57,1,0,18885.45
2022-02-21,S04,Electronics,299,154.38,1,0,46159.62
2022-02-21,S04,Garden,263,17.08,0,0,4492.04
2022-02-21,S04,Grocery,1931,4.38,0,0,8457.78
2022-02-21,S05,Clothing,670,31.24,0,0,20930.8
2022-02-21,S05,Electronics,272,177.95,0,0,48402.4
2022-02-21,S05,Garden,326,17.71,0,0,5773.46
2022-02-21,S05,Grocery,2364,4.45,0,0,10519.8
2022-02-21,S06,Clothing,1063,31.94,0,0,33952.22
2022-02-21,S06,Electronics,434,179.54,0,0,77920.36
2022-02-21,S06,Garden,433,18.22,0,0,7889.26
2022-02-21,S06,Grocery,2793,4.4,0,0,12289.2
2022-02-28,S01,Clothing,365,33.05,0,0,12063.25
2022-02-28,S01,Electronics,183,184.19,0,0,33706.77
2022-02-28,S01,Garden,180,18.52,0,0,3333.6
2022-02-28,S01,Grocery,1195,4.6,0,0,5497.0
2022-02-28,S02,Clothing,959,33.22,0,0,31857.98
2022-02-28,S02,Electronics,376,189.61,0,0,71293.36
2022-02-28,S02,Garden,468,16.95,1,0,7932.6
2022-02-28,S02,Grocery,2791,4.76,0,0,13285.16
2022-02-28,S03,Clothing,897,31.66,0,0,28399.02
2022-02-28,S03,Electronics,384,179.95,0,0,69100.8
2022-02-28,S03,Garden,375,18.09,0,0,6783.75
2022-02-28,S03,Grocery,2413,4.45,0,0,10737.85
2022-02-28,S04,Clothing,710,30.36,0,0,21555.6
2022-02-28,S04,Electronics,234,171.62,0,0,40159.08
2022-02-28,S04,Garden,300,17.22,0,0,5166.0
2022-02-28,S04,Grocery,1991,4.27,0,0,8501.57
2022-02-28,S05,Clothing,582,31.22,0,0,18170.04
2022-02-28,S05,Electronics,263,179.0,0,0,47077.0
2022-02-28,S05,Garden,313,17.78,0,0,5565.14
2022-02-28,S05,Grocery,2607,3.95,1,0,10297.65
2022-02-28,S06,Clothing,1157,32.43,0,0,37521.51
2022-02-28,S06,Electronics,448,181.56,0,0,81338.88
2022-02-28,S06,Garden,453,17.94,0,0,8126.82
2022-02-28,S06,Grocery,2760,4.52,0,0,12475.2
2022-03-07,S01,Clothing,409,32.8,0,0,13415.2
2022-03-07,S01,Electronics,165,183.6,0,0,30294.0
2022-03-07,S01,Garden,191,18.46,0,0,3525.86
2022-03-07,S01,Grocery,1462,4.16,1,0,6081.92
2022-03-07,S02,Clothing,982,34.18,0,0,33564.76
2022-03-07,S02,Electronics,394,189.72,0,0,74749.68
2022-03-07,S02,Garden,407,18.93,0,0,7704.51
2022-03-07,S02,Grocery,3059,4.65,0,0,14224.35
2022-03-07,S03,Clothing,895,32.15,0,0,28774.25
2022-03-07,S03,Electronics,429,159.87,1,0,68584.23
2022-03-07,S03,Garden,418,17.82,0,0,7448.76
2022-03-07,S03,Grocery,2207,4.49,0,0,9909.43
2022-03-07,S04,Clothing,661,30.47,0,0,20140.67
2022-03-07,S04,Electronics,367,154.0,1,0,56518.0
2022-03-07,S04,Garden,309,17.29,0,0,5342.61
2022-03-07,S04,Grocery,1848,4.25,0,0,7854.0
2022-03-07,S05,Clothing,644,31.93,0,0,20562.92
2022-03-07,S05,Electronics,291,159.89,1,0,46527.99
2022-03-07,S05,Garden,383,17.7,0,0,6779.1
2022-03-07,S05,Grocery,2622,4.07,1,0,10671.54
2022-03-07,S06,Clothing,1179,32.14,0,0,37893.06
2022-03-07,S06,Electronics,422,183.53,0,0,77449.66
2022-03-07,S06,Garden,513,17.65,0,0,9054.45
2022-03-07,S06,Grocery,3366,4.01,1,0,13497.66
2022-03-14,S01,Clothing,418,32.5,0,0,13585.0
2022-03-14,S01,Electronics,164,184.72,0,0,30294.08
2022-03-14,S01,Garden,204,18.38,0,0,3749.52
2022-03-14,S01,Grocery,1250,4.65,0,0,5812.5
2022-03-14,S02,Clothing,926,33.8,0,0,31298.8
2022-03-14,S02,Electronics,386,188.93,0,0,72926.98
2022-03-14,S02,Garden,453,18.82,0,0,8525.46
2022-03-14,S02,Grocery,2967,4.74,0,0,14063.58
2022-03-14,S03,Clothing,1016,32.45,0,0,32969.2
2022-03-14,S03,Electronics,376,177.64,0,0,66792.64
2022-03-14,S03,Garden,417,17.9,0,0,7464.3
2022-03-14,S03,Grocery,2131,4.5,0,0,9589.5
2022-03-14,S04,Clothing,680,30.8,0,0,20944.0
2022-03-14,S04,Electronics,288,173.77,0,0,50045.76
2022-03-14,S04,Garden,321,17.17,0,0,5511.57
2022-03-14,S04,Grocery,1971,4.34,0,0,8554.14
2022-03-14,S05,Clothing,757,31.61,0,0,23928.77
2022-03-14,S05,Electronics,259,177.57,0,0,45990.63
2022-03-14,S05,Garden,378,17.6,0,0,6652.8
2022-03-14,S05,Grocery,1961,4.45,0,0,8726.45
2022-03-14,S06,Clothing,1166,31.88,0,0,37172.08
2022-03-14,S06,Electronics,424,181.14,0,0,76803.36
2022-03-14,S06,Garden,626,18.02,0,0,11280.52
2022-03-14,S06,Grocery,2558,4.52,0,0,11562.16
2022-03-21,S01,Clothing,402,32.88,0,0,13217.76
2022-03-21,S01,Electronics,144,186.17,0,0,26808.48
2022-03-21,S01,Garden,204,18.49,0,0,3771.96
2022-03-21,S01,Grocery,1092,4.6,0,0,5023.2
2022-03-21,S02,Clothing,994,33.74,0,0,33537.56
2022-03-21,S02,Electronics,396,188.11,0,0,74491.56
2022-03-21,S02,Garden,461,19.01,0,0,8763.61
2022-03-21,S02,Grocery,2930,4.69,0,0,13741.7
2022-03-21,S03,Clothing,975,31.88,0,0,31083.0
2022-03-21,S03,Electronics,344,181.46,0,0,62422.24
2022-03-21,S03,Garden,499,18.39,0,0,9176.61
2022-03-21,S03,Grocery,2499,4.53,0,0,11320.47
2022-03-21,S04,Clothing,606,30.3,0,0,18361.8
2022-03-21,S04,Electronics,250,168.9,0,0,42225.0
2022-03-21,S04,Garden,347,17.48,0,0,6065.56
2022-03-21,S04,Grocery,1676,4.3,0,0,7206.8
2022-03-21,S05,Clothing,658,31.66,0,0,20832.28
2022-03-21,S05,Electronics,225,176.18,0,0,39640.5
2022-03-21,S05,Garden,380,17.8,0,0,6764.0
2022-03-21,S05,Grocery,1903,4.44,0,0,8449.32
2022-03-21,S06,Clothing,1027,32.15,0,0,33018.05
2022-03-21,S06,Electronics,347,179.87,0,0,62414.89
2022-03-21,S06,Garden,549,17.98,0,0,9871.02
2022-03-21,S06,Grocery,2627,4.46,0,0,11716.42
2022-03-28,S01,Clothing,402,32.64,0,0,13121.28
2022-03-28,S01,Electronics,150,185.03,0,0,27754.5
2022-03-28,S01,Garden,251,18.98,0,0,4763.98
2022-03-28,S01,Grocery,1222,4.67,0,0,5706.74
2022-03-28,S02,Clothing,1140,33.66,0,0,38372.4
2022-03-28,S02,Electronics,430,168.39,1,0,72407.7
2022-03-28,S02,Garden,516,18.74,0,0,9669.84
2022-03-28,S02,Grocery,2775,4.59,0,0,12737.25
2022-03-28,S03,Clothing,1002,31.94,0,0,32003.88
2022-03-28,S03,Electronics,314,179.95,0,0,56504.3
2022-03-28,S03,Garden,576,16.16,1,0,9308.16
2022-03-28,S03,Grocery,2756,4.03,1,0,11106.68
2022-03-28,S04,Clothing,670,30.55,0,0,20468.5
2022-03-28,S04,Electronics,231,168.75,0,0,38981.25
2022-03-28,S04,Garden,407,17.34,0,0,7057.38
2022-03-28,S04,Grocery,1935,4.39,0,0,8494.65
2022-03-28,S05,Clothing,759,31.62,0,0,23999.58
2022-03-28,S05,Electronics,251,176.11,0,0,44203.61
2022-03-28,S05,Garden,455,17.98,0,0,8180.9
2022-03-28,S05,Grocery,2067,4.52,0,0,9342.84
2022-03-28,S06,Clothing,1065,31.93,0,0,34005.45
2022-03-28,S06,Electronics,357,180.28,0,0,64359.96
2022-03-28,S06,Garden,612,17.87,0,0,10936.44
2022-03-28,S06,Grocery,2757,4.49,0,0,12378.93
2022-04-04,S01,Clothing,420,32.66,0,0,13717.2
2022-04-04,S01,Electronics,156,183.49,0,0,28624.44
2022-04-04,S01,Garden,237,18.62,0,0,4412.94
2022-04-04,S01,Grocery,1146,4.56,0,0,5225.76
2022-04-04,S02,Clothing,1011,33.13,0,0,33494.43
2022-04-04,S02,Electronics,485,166.21,1,0,80611.85
2022-04-04,S02,Garden,531,18.57,0,0,9860.67
2022-04-04,S02,Grocery,2901,4.61,0,0,13373.61
2022-04-04,S03,Clothing,1101,32.35,0,0,35617.35
2022-04-04,S03,Electronics,370,163.47,1,0,60483.9
2022-04-04,S03,Garden,619,16.09,1,0,9959.71
2022-04-04,S03,Grocery,2492,4.47,0,0,11139.24
2022-04-04,S04,Clothing,723,30.49,0,0,22044.27
2022-04-04,S04,Electronics,233,172.18,0,0,40117.94
2022-04-04,S04,Garden,474,15.6,1,0,7394.4
2022-04-04,S04,Grocery,1843,3.85,1,0,7095.55
2022-04-04,S05,Clothing,761,31.27,0,0,23796.47
2022-04-04,S05,Electronics,218,181.17,0,0,39495.06
2022-04-04,S05,Garden,462,16.03,1,0,7405.86
2022-04-04,S05,Grocery,2122,4.45,0,0,9442.9
2022-04-04,S06,Clothing,1181,31.93,0,0,37709.33
2022-04-04,S06,Electronics,367,179.96,0,0,66045.32
2022-04-04,S06,Garden,655,17.77,0,0,11639.35
2022-04-04,S06,Grocery,3018,4.46,0,0,13460.28
2022-04-11,S01,Clothing,401,33.03,0,0,13245.03
2022-04-11,S01,Electronics,151,186.97,0,0,28232.47
2022-04-11,S01,Garden,220,18.66,0,0,4105.2
2022-04-11,S01,Grocery,1237,4.62,0,0,5714.94
2022-04-11,S02,Clothing,980,33.89,0,0,33212.2
2022-04-11,S02,Electronics,349,188.89,0,0,65922.61
2022-04-11,S02,Garden,536,19.2,0,0,10291.2
2022-04-11,S02,Grocery,2683,4.66,0,0,12502.78
2022-04-11,S03,Clothing,983,31.43,0,0,30895.69
2022-04-11,S03,Electronics,403,161.19,1,0,64959.57
2022-04-11,S03,Garden,719,16.39,1,0,11784.41
2022-04-11,S03,Grocery,2514,4.51,0,0,11338.14
2022-04-11,S04,Clothing,719,30.58,0,0,21987.02
2022-04-11,S04,Electronics,244,172.34,0,0,42050.96
2022-04-11,S04,Garden,399,17.01,0,0,6786.99
2022-04-11,S04,Grocery,1839,4.34,0,0,7981.26
2022-04-11,S05,Clothing,705,31.41,0,0,22144.05
2022-04-11,S05,Electronics,215,181.23,0,0,38964.45
2022-04-11,S05,Garden,457,17.68,0,0,8079.76
2022-04-11,S05,Grocery,2104,4.47,0,0,9404.88
2022-04-11,S06,Clothing,1178,32.32,0,0,38072.96
2022-04-11,S06,Electronics,392,179.53,0,0,70375.76
2022-04-11,S06,Garden,681,17.76,0,0,12094.56
2022-04-11,S06,Grocery,2707,4.49,0,0,12154.43
2022-04-18,S01,Clothing,396,32.4,0,0,12830.4
2022-04-18,S01,Electronics,143,187.62,0,0,26829.66
2022-04-18,S01,Garden,242,18.63,0,0,4508.46
2022-04-18,S01,Grocery,1200,4.74,0,0,5688.0
2022-04-18,S02,Clothing,1018,33.18,0,0,33777.24
2022-04-18,S02,Electronics,339,188.6,0,0,63935.4
2022-04-18,S02,Garden,631,18.71,0,0,11806.01
2022-04-18,S02,Grocery,2731,4.73,0,0,12917.63
2022-04-18,S03,Clothing,955,32.64,0,0,31171.2
2022-04-18,S03,Electronics,336,181.55,0,0,61000.8
2022-04-18,S03,Garden,591,17.84,0,0,10543.44
2022-04-18,S03,Grocery,2255,4.55,0,0,10260.25
2022-04-18,S04,Clothing,629,30.3,0,0,19058.7
2022-04-18,S04,Electronics,220,172.87,0,0,38031.4
2022-04-18,S04,Garden,388,17.51,0,0,6793.88
2022-04-18,S04,Grocery,1953,4.35,0,0,8495.55
2022-04-18,S05,Clothing,658,31.43,0,0,20680.94
2022-04-18,S05,Electronics,203,177.89,0,0,36111.67
2022-04-18,S05,Garden,479,17.77,0,0,8511.83
2022-04-18,S05,Grocery,2440,3.97,1,0,9686.8
2022-04-18,S06,Clothing,1154,31.62,0,0,36489.48
2022-04-18,S06,Electronics,402,183.39,0,0,73722.78
2022-04-18,S06,Garden,699,18.14,0,0,12679.86
2022-04-18,S06,Grocery,2824,4.46,0,0,12595.04
2022-04-25,S01,Clothing,402,33.18,0,0,13338.36
2022-04-25,S01,Electronics,146,185.61,0,0,27099.06
2022-04-25,S01,Garden,242,18.74,0,0,4535.08
2022-04-25,S01,Grocery,1274,4.63,0,0,5898.62
2022-04-25,S02,Clothing,1039,33.56,0,0,34868.84
2022-04-25,S02,Electronics,357,189.3,0,0,67580.1
2022-04-25,S02,Garden,637,18.72,0,0,11924.64
2022-04-25,S02,Grocery,2926,4.71,0,0,13781.46
2022-04-25,S03,Clothing,1007,32.79,0,0,33019.53
2022-04-25,S03,Electronics,356,161.79,1,0,57597.24
2022-04-25,S03,Garden,638,17.93,0,0,11439.34
2022-04-25,S03,Grocery,2413,4.6,0,0,11099.8
2022-04-25,S04,Clothing,806,27.04,1,0,21794.24
2022-04-25,S04,Electronics,226,171.25,0,0,38702.5
2022-04-25,S04,Garden,448,17.08,0,0,7651.84
2022-04-25,S04,Grocery,2221,3.85,1,0,8550.85
2022-04-25,S05,Clothing,720,31.18,0,0,22449.6
2022-04-25,S05,Electronics,201,178.4,0,0,35858.4
2022-04-25,S05,Garden,736,15.68,1,0,11540.48
2022-04-25,S05,Grocery,2477,3.95,1,0,9784.15
2022-04-25,S06,Clothing,1338,31.92,0,0,42708.96
2022-04-25,S06,Electronics,349,178.15,0,0,62174.35
2022-04-25,S06,Garden,805,17.99,0,0,14481.95
2022-04-25,S06,Grocery,2746,4.48,0,0,12302.08
2022-05-02,S01,Clothing,410,32.38,0,0,13275.8
2022-05-02,S01,Electronics,161,167.85,1,0,27023.85
2022-05-02,S01,Garden,280,18.43,0,0,5160.4
2022-05-02,S01,Grocery,1188,4.68,0,0,5559.84
2022-05-02,S02,Clothing,1261,29.63,1,0,37363.43
2022-05-02,S02,Electronics,311,185.73,0,0,57762.03
2022-05-02,S02,Garden,732,16.93,1,0,12392.76
2022-05-02,S02,Grocery,2897,4.71,0,0,13644.87
2022-05-02,S03,Clothing,920,31.14,0,0,28648.8
2022-05-02,S03,Electronics,357,160.86,1,0,57427.02
2022-05-02,S03,Garden,629,18.23,0,0,11466.67
2022-05-02,S03,Grocery,2229,4.43,0,0,9874.47
2022-05-02,S04,Clothing,735,30.77,0,0,22615.95
2022-05-02,S04,Electronics,219,170.59,0,0,37359.21
2022-05-02,S04,Garden,486,17.52,0,0,8514.72
2022-05-02,S04,Grocery,1700,4.27,0,0,7259.0
2022-05-02,S05,Clothing,845,31.47,0,0,26592.15
2022-05-02,S05,Electronics,204,176.15,0,0,35934.6
2022-05-02,S05,Garden,516,17.76,0,0,9164.16
2022-05-02,S05,Grocery,1824,4.42,0,0,8062.08
2022-05-02,S06,Clothing,1202,32.29,0,0,38812.58
2022-05-02,S06,Electronics,334,181.57,0,0,60644.38
2022-05-02,S06,Garden,802,18.04,0,0,14468.08
2022-05-02,S06,Grocery,2950,4.43,0,0,13068.5
2022-05-09,S01,Clothing,397,32.62,0,0,12950.14
2022-05-09,S01,Electronics,144,186.99,0,0,26926.56
2022-05-09,S01,Garden,288,18.09,0,0,5209.92
2022-05-09,S01,Grocery,1031,4.62,0,0,4763.22
2022-05-09,S02,Clothing,1031,32.78,0,0,33796.18
2022-05-09,S02,Electronics,384,189.46,0,0,72752.64
2022-05-09,S02,Garden,674,18.84,0,0,12698.16
2022-05-09,S02,Grocery,2581,4.8,0,0,12388.8
2022-05-09,S03,Clothing,956,31.98,0,0,30572.88
2022-05-09,S03,Electronics,279,179.34,0,0,50035.86
2022-05-09,S03,Garden,635,18.01,0,0,11436.35
2022-05-09,S03,Grocery,2068,4.52,0,0,9347.36
2022-05-09,S04,Clothing,775,30.9,0,0,23947.5
2022-05-09,S04,Electronics,208,172.16,0,0,35809.28
2022-05-09,S04,Garden,509,17.57,0,0,8943.13
2022-05-09,S04,Grocery,1707,4.34,0,0,7408.38
2022-05-09,S05,Clothing,707,31.28,0,0,22114.96
2022-05-09,S05,Electronics,178,179.04,0,0,31869.12
2022-05-09,S05,Garden,490,17.72,0,0,8682.8
2022-05-09,S05,Grocery,2085,4.54,0,0,9465.9
2022-05-09,S06,Clothing,1232,32.01,0,0,39436.32
2022-05-09,S06,Electronics,304,179.27,0,0,54498.08
2022-05-09,S06,Garden,851,17.99,0,0,15309.49
2022-05-09,S06,Grocery,2472,4.51,0,0,11148.72
2022-05-16,S01,Clothing,428,33.47,0,0,14325.16
2022-05-16,S01,Electronics,135,186.79,0,0,25216.65
2022-05-16,S01,Garden,331,16.59,1,0,5491.29
2022-05-16,S01,Grocery,1308,4.18,1,0,5467.44
2022-05-16,S02,Clothing,943,33.57,0,0,31656.51
2022-05-16,S02,Electronics,400,172.9,1,0,69160.0
2022-05-16,S02,Garden,686,18.75,0,0,12862.5
2022-05-16,S02,Grocery,2592,4.65,0,0,12052.8
2022-05-16,S03,Clothing,909,31.78,0,0,28888.02
2022-05-16,S03,Electronics,289,177.9,0,0,51413.1
2022-05-16,S03,Garden,657,17.72,0,0,11642.04
2022-05-16,S03,Grocery,2319,4.45,0,0,10319.55
2022-05-16,S04,Clothing,806,27.05,1,0,21802.3
2022-05-16,S04,Electronics,207,171.41,0,0,35481.87
2022-05-16,S04,Garden,502,17.31,0,0,8689.62
2022-05-16,S04,Grocery,2059,3.9,1,0,8030.1
2022-05-16,S05,Clothing,706,31.81,0,0,22457.86
2022-05-16,S05,Electronics,201,181.03,0,0,36387.03
2022-05-16,S05,Garden,555,17.62,0,0,9779.1
2022-05-16,S05,Grocery,2041,4.48,0,0,9143.68
2022-05-16,S06,Clothing,1260,31.79,0,0,40055.4
2022-05-16,S06,Electronics,356,176.84,0,0,62955.04
2022-05-16,S06,Garden,864,18.01,0,0,15560.64
2022-05-16,S06,Grocery,3143,4.05,1,0,12729.15
2022-05-23,S01,Clothing,559,29.89,1,0,16708.51
2022-05-23,S01,Electronics,128,185.83,0,0,23786.24
2022-05-23,S01,Garden,346,18.62,0,0,6442.52
2022-05-23,S01,Grocery,1049,4.61,0,0,4835.89
2022-05-23,S02,Clothing,963,33.2,0,0,31971.6
2022-05-23,S02,Electronics,325,188.39,0,0,61226.75
2022-05-23,S02,Garden,672,18.82,0,0,12647.04
2022-05-23,S02,Grocery,3150,4.23,1,0,13324.5
2022-05-23,S03,Clothing,961,31.93,0,0,30684.73
2022-05-23,S03,Electronics,306,183.64,0,0,56193.84
2022-05-23,S03,Garden,684,18.1,0,0,12380.4
2022-05-23,S03,Grocery,2232,4.55,0,0,10155.6
2022-05-23,S04,Clothing,620,30.72,0,0,19046.4
2022-05-23,S04,Electronics,215,174.84,0,0,37590.6
2022-05-23,S04,Garden,543,17.4,0,0,9448.2
2022-05-23,S04,Grocery,1840,4.24,0,0,7801.6
2022-05-23,S05,Clothing,693,31.84,0,0,22065.12
2022-05-23,S05,Electronics,196,175.18,0,0,34335.28
2022-05-23,S05,Garden,606,17.66,0,0,10701.96
2022-05-23,S05,Grocery,2269,4.46,0,0,10119.74
2022-05-23,S06,Clothing,1182,31.37,0,0,37079.34
2022-05-23,S06,Electronics,324,179.16,0,0,58047.84
2022-05-23,S06,Garden,903,17.87,0,0,16136.61
2022-05-23,S06,Grocery,2670,4.41,0,0,11774.7
2022-05-30,S01,Clothing,378,32.87,0,0,12424.86
2022-05-30,S01,Electronics,133,185.81,0,0,24712.73
2022-05-30,S01,Garden,324,18.29,0,0,5925.96
2022-05-30,S01,Grocery,1089,4.61,0,0,5020.29
2022-05-30,S02,Clothing,1001,32.8,0,0,32832.8
2022-05-30,S02,Electronics,327,188.13,0,0,61518.51
2022-05-30,S02,Garden,727,18.82,0,0,13682.14
2022-05-30,S02,Grocery,3012,4.72,0,0,14216.64
2022-05-30,S03,Clothing,893,31.88,0,0,28468.84
2022-05-30,S03,Electronics,283,179.88,0,0,50906.04
2022-05-30,S03,Garden,723,17.93,0,0,12963.39
2022-05-30,S03,Grocery,2231,4.46,0,0,9950.26
2022-05-30,S04,Clothing,661,30.94,0,0,20451.34
2022-05-30,S04,Electronics,252,154.45,1,0,38921.4
2022-05-30,S04,Garden,547,16.69,0,0,9129.43
2022-05-30,S04,Grocery,1607,4.26,0,0,6845.82
2022-05-30,S05,Clothing,976,28.1,1,0,27425.6
2022-05-30,S05,Electronics,211,178.72,0,0,37709.92
2022-05-30,S05,Garden,632,17.72,0,0,11199.04
2022-05-30,S05,Grocery,2497,3.96,1,0,9888.12
2022-05-30,S06,Clothing,1363,31.19,0,0,42511.97
2022-05-30,S06,Electronics,398,178.52,0,0,71050.96
2022-05-30,S06,Garden,963,17.91,0,0,17247.33
2022-05-30,S06,Grocery,2850,4.53,0,0,12910.5
2022-06-06,S01,Clothing,411,32.53,0,0,13369.83
2022-06-06,S01,Electronics,109,185.66,0,0,20236.94
2022-06-06,S01,Garden,412,16.59,1,0,6835.08
2022-06-06,S01,Grocery,1228,4.58,0,0,5624.24
2022-06-06,S02,Clothing,987,33.65,0,0,33212.55
2022-06-06,S02,Electronics,354,188.83,0,0,66845.82
2022-06-06,S02,Garden,709,18.86,0,0,13371.74
2022-06-06,S02,Grocery,2417,4.67,0,0,11287.39
2022-06-06,S03,Clothing,880,32.27,0,0,28397.6
2022-06-06,S03,Electronics,283,181.22,0,0,51285.26
2022-06-06,S03,Garden,741,18.28,0,0,13545.48
2022-06-06,S03,Grocery,2575,4.47,0,0,11510.25
2022-06-06,S04,Clothing,722,27.71,1,0,20006.62
2022-06-06,S04,Electronics,216,172.08,0,0,37169.28
2022-06-06,S04,Garden,570,17.18,0,0,9792.6
2022-06-06,S04,Grocery,1812,4.2,0,0,7610.4
2022-06-06,S05,Clothing,708,31.53,0,0,22323.24
2022-06-06,S05,Electronics,206,178.86,0,0,36845.16
2022-06-06,S05,Garden,704,17.97,0,0,12650.88
2022-06-06,S05,Grocery,1898,4.49,0,0,8522.02
2022-06-06,S06,Clothing,1217,29.32,1,0,35682.44
2022-06-06,S06,Electronics,318,180.54,0,0,57411.72
2022-06-06,S06,Garden,1204,16.34,1,0,19673.36
2022-06-06,S06,Grocery,2563,4.48,0,0,11482.24
2022-06-13,S01,Clothing,399,32.66,0,0,13031.34
2022-06-13,S01,Electronics,134,182.67,0,0,24477.78
2022-06-13,S01,Garden,306,18.34,0,0,5612.04
2022-06-13,S01,Grocery,1164,4.64,0,0,5400.96
2022-06-13,S02,Clothing,949,34.18,0,0,32436.82
2022-06-13,S02,Electronics,332,192.07,0,0,63767.24
2022-06-13,S02,Garden,705,18.38,0,0,12957.9
2022-06-13,S02,Grocery,3155,4.24,1,0,13377.2
2022-06-13,S03,Clothing,925,31.97,0,0,29572.25
2022-06-13,S03,Electronics,277,179.09,0,0,49607.93
2022-06-13,S03,Garden,736,17.9,0,0,13174.4
2022-06-13,S03,Grocery,2086,4.47,0,0,9324.42
2022-06-13,S04,Clothing,713,30.48,0,0,21732.24
2022-06-13,S04,Electronics,205,176.44,0,0,36170.2
2022-06-13,S04,Garden,573,17.41,0,0,9975.93
2022-06-13,S04,Grocery,1846,4.33,0,0,7993.18
2022-06-13,S05,Clothing,681,32.21,0,0,21935.01
2022-06-13,S05,Electronics,193,178.84,0,0,34516.12
2022-06-13,S05,Garden,677,17.98,0,0,12172.46
2022-06-13,S05,Grocery,2001,4.39,0,0,8784.39
2022-06-13,S06,Clothing,1093,32.01,0,0,34986.93
2022-06-13,S06,Electronics,427,161.7,1,0,69045.9
2022-06-13,S06,Garden,1281,16.38,1,0,20982.78
2022-06-13,S06,Grocery,2694,4.49,0,0,12096.06
2022-06-20,S01,Clothing,405,32.86,0,0,13308.3
2022-06-20,S01,Electronics,106,185.99,0,0,19714.94
2022-06-20,S01,Garden,307,18.75,0,0,5756.25
2022-06-20,S01,Grocery,1075,4.58,0,0,4923.5
2022-06-20,S02,Clothing,954,33.93,0,0,32369.22
2022-06-20,S02,Electronics,289,186.32,0,0,53846.48
2022-06-20,S02,Garden,683,19.18,0,0,13099.94
2022-06-20,S02,Grocery,2495,4.63,0,0,11551.85
2022-06-20,S03,Clothing,879,31.72,0,0,27881.88
2022-06-20,S03,Electronics,272,178.16,0,0,48459.52
2022-06-20,S03,Garden,732,18.19,0,0,13315.08
2022-06-20,S03,Grocery,2339,4.5,0,0,10525.5
2022-06-20,S04,Clothing,569,30.32,0,0,17252.08
2022-06-20,S04,Electronics,213,171.84,0,0,36601.92
2022-06-20,S04,Garden,598,17.38,0,0,10393.24
2022-06-20,S04,Grocery,1781,4.29,0,0,7640.49
2022-06-20,S05,Clothing,756,31.32,0,0,23677.92
2022-06-20,S05,Electronics,197,180.82,0,0,35621.54
2022-06-20,S05,Garden,634,17.62,0,0,11171.08
2022-06-20,S05,Grocery,1968,4.38,0,0,8619.84
2022-06-20,S06,Clothing,1052,31.72,0,0,33369.44
2022-06-20,S06,Electronics,351,177.66,0,0,62358.66
2022-06-20,S06,Garden,979,17.73,0,0,17357.67
2022-06-20,S06,Grocery,2674,4.52,0,0,12086.48
2022-06-27,S01,Clothing,389,32.85,0,0,12778.65
2022-06-27,S01,Electronics,120,182.2,0,0,21864.0
2022-06-27,S01,Garden,328,18.61,0,0,6104.08
2022-06-27,S01,Grocery,1055,4.65,0,0,4905.75
2022-06-27,S02,Clothing,948,33.38,0,0,31644.24
2022-06-27,S02,Electronics,408,169.77,1,0,69266.16
2022-06-27,S02,Garden,739,18.8,0,0,13893.2
2022-06-27,S02,Grocery,2610,4.77,0,0,12449.7
2022-06-27,S03,Clothing,773,31.96,0,0,24705.08
2022-06-27,S03,Electronics,277,179.64,0,0,49760.28
2022-06-27,S03,Garden,738,18.33,0,0,13527.54
2022-06-27,S03,Grocery,2155,4.52,0,0,9740.6
2022-06-27,S04,Clothing,639,30.63,0,0,19572.57
2022-06-27,S04,Electronics,232,173.13,0,0,40166.16
2022-06-27,S04,Garden,541,17.01,0,0,9202.41
2022-06-27,S04,Grocery,2325,3.87,1,0,8997.75
2022-06-27,S05,Clothing,705,31.76,0,0,22390.8
2022-06-27,S05,Electronics,201,181.52,0,0,36485.52
2022-06-27,S05,Garden,696,15.93,1,0,11087.28
2022-06-27,S05,Grocery,2062,4.42,0,0,9114.04
2022-06-27,S06,Clothing,1555,28.82,1,0,44815.1
2022-06-27,S06,Electronics,318,182.14,0,0,57920.52
2022-06-27,S06,Garden,878,17.91,0,0,15724.98
2022-06-27,S06,Grocery,3043,4.05,1,0,12324.15
2022-07-04,S01,Clothing,348,32.81,0,0,11417.88
2022-07-04,S01,Electronics,138,183.23,0,0,25285.74
2022-07-04,S01,Garden,331,18.59,0,0,6153.29
2022-07-04,S01,Grocery,1126,4.67,0,0,5258.42
2022-07-04,S02,Clothing,974,33.47,0,0,32599.78
2022-07-04,S02,Electronics,319,186.74,0,0,59570.06
2022-07-04,S02,Garden,781,18.93,0,0,14784.33
2022-07-04,S02,Grocery,2657,4.67,0,0,12408.19
2022-07-04,S03,Clothing,859,28.96,1,0,24876.64
2022-07-04,S03,Electronics,286,182.04,0,0,52063.44
2022-07-04,S03,Garden,876,17.85,0,0,15636.6
2022-07-04,S03,Grocery,2420,4.52,0,0,10938.4
2022-07-04,S04,Clothing,699,30.68,0,0,21445.32
2022-07-04,S04,Electronics,214,173.29,0,0,37084.06
2022-07-04,S04,Garden,596,15.45,1,0,9208.2
2022-07-04,S04,Grocery,2209,3.81,1,0,8416.29
2022-07-04,S05,Clothing,629,31.66,0,0,19914.14
2022-07-04,S05,Electronics,226,177.48,0,0,40110.48
2022-07-04,S05,Garden,694,17.7,0,0,12283.8
2022-07-04,S05,Grocery,2015,4.53,0,0,9127.95
2022-07-04,S06,Clothing,1119,31.61,0,0,35371.59
2022-07-04,S06,Electronics,348,181.46,0,0,63148.08
2022-07-04,S06,Garden,961,18.1,0,0,17394.1
2022-07-04,S06,Grocery,2497,4.54,0,0,11336.38
2022-07-11,S01,Clothing,344,32.83,0,0,11293.52
2022-07-11,S01,Electronics,140,187.11,0,0,26195.4
2022-07-11,S01,Garden,291,18.58,0,0,5406.78
2022-07-11,S01,Grocery,1047,4.63,0,0,4847.61
2022-07-11,S02,Clothing,895,33.76,0,0,30215.2
2022-07-11,S02,Electronics,333,187.22,0,0,62344.26
2022-07-11,S02,Garden,721,18.57,0,0,13388.97
2022-07-11,S02,Grocery,2654,4.8,0,0,12739.2
2022-07-11,S03,Clothing,773,31.63,0,0,24449.99
2022-07-11,S03,Electronics,319,179.12,0,0,57139.28
2022-07-11,S03,Garden,716,17.97,0,0,12866.52
2022-07-11,S03,Grocery,2338,4.5,0,0,10521.0
2022-07-11,S04,Clothing,626,30.64,0,0,19180.64
2022-07-11,S04,Electronics,232,173.43,0,0,40235.76
2022-07-11,S04,Garden,566,16.78,0,0,9497.48
2022-07-11,S04,Grocery,1762,4.26,0,0,7506.12
2022-07-11,S05,Clothing,603,31.97,0,0,19277.91
2022-07-11,S05,Electronics,257,161.18,1,0,41423.26
2022-07-11,S05,Garden,613,17.93,0,0,10991.09
2022-07-11,S05,Grocery,1870,4.53,0,0,8471.1
2022-07-11,S06,Clothing,1006,31.81,0,0,32000.86
2022-07-11,S06,Electronics,365,182.35,0,0,66557.75
2022-07-11,S06,Garden,949,18.29,0,0,17357.21
2022-07-11,S06,Grocery,3167,4.03,1,0,12763.01
2022-07-18,S01,Clothing,362,32.77,0,0,11862.74
2022-07-18,S01,Electronics,129,186.25,0,0,24026.25
2022-07-18,S01,Garden,319,18.46,0,0,5888.74
2022-07-18,S01,Grocery,1085,4.6,0,0,4991.0
2022-07-18,S02,Clothing,898,33.84,0,0,30388.32
2022-07-18,S02,Electronics,312,188.15,0,0,58702.8
2022-07-18,S02,Garden,866,18.74,0,0,16228.84
2022-07-18,S02,Grocery,2644,4.7,0,0,12426.8
2022-07-18,S03,Clothing,764,31.48,0,0,24050.72
2022-07-18,S03,Electronics,289,178.49,0,0,51583.61
2022-07-18,S03,Garden,718,18.08,0,0,12981.44
2022-07-18,S03,Grocery,2357,4.44,0,0,10465.08
2022-07-18,S04,Clothing,782,27.5,1,0,21505.0
2022-07-18,S04,Electronics,201,172.67,0,0,34706.67
2022-07-18,S04,Garden,686,15.56,1,0,10674.16
2022-07-18,S04,Grocery,1626,4.28,0,0,6959.28
2022-07-18,S05,Clothing,677,31.72,0,0,21474.44
2022-07-18,S05,Electronics,205,178.05,0,0,36500.25
2022-07-18,S05,Garden,597,17.82,0,0,10638.54
2022-07-18,S05,Grocery,1834,4.43,0,0,8124.62
2022-07-18,S06,Clothing,961,31.61,0,0,30377.21
2022-07-18,S06,Electronics,350,179.92,0,0,62972.0
2022-07-18,S06,Garden,1011,18.27,0,0,18470.97
2022-07-18,S06,Grocery,2732,4.53,0,0,12375.96
2022-07-25,S01,Clothing,373,32.36,0,0,12070.28
2022-07-25,S01,Electronics,136,187.45,0,0,25493.2
2022-07-25,S01,Garden,405,16.66,1,0,6747.3
2022-07-25,S01,Grocery,1155,4.64,0,0,5359.2
2022-07-25,S02,Clothing,825,33.35,0,0,27513.75
2022-07-25,S02,Electronics,355,190.78,0,0,67726.9
2022-07-25,S02,Garden,774,18.7,0,0,14473.8
2022-07-25,S02,Grocery,2742,4.75,0,0,13024.5
2022-07-25,S03,Clothing,803,32.65,0,0,26217.95
2022-07-25,S03,Electronics,300,180.34,0,0,54102.0
2022-07-25,S03,Garden,893,17.85,0,0,15940.05
2022-07-25,S03,Grocery,2185,4.53,0,0,9898.05
2022-07-25,S04,Clothing,537,30.28,0,0,16260.36
2022-07-25,S04,Electronics,222,172.51,0,0,38297.22
2022-07-25,S04,Garden,584,16.89,0,0,9863.76
2022-07-25,S04,Grocery,1847,4.28,0,0,7905.16
2022-07-25,S05,Clothing,615,31.49,0,0,19366.35
2022-07-25,S05,Electronics,204,176.77,0,0,36061.08
2022-07-25,S05,Garden,597,17.81,0,0,10632.57
2022-07-25,S05,Grocery,2062,4.42,0,0,9114.04
2022-07-25,S06,Clothing,1070,31.46,0,0,33662.2
2022-07-25,S06,Electronics,380,179.44,0,0,68187.2
2022-07-25,S06,Garden,838,17.81,0,0,14924.78
2022-07-25,S06,Grocery,2600,4.49,0,0,11674.0
2022-08-01,S01,Clothing,299,32.67,0,0,9768.33
2022-08-01,S01,Electronics,157,184.2,0,0,28919.4
2022-08-01,S01,Garden,308,18.25,0,0,5621.0
2022-08-01,S01,Grocery,1220,4.6,0,0,5612.0
2022-08-01,S02,Clothing,857,33.48,0,0,28692.36
2022-08-01,S02,Electronics,338,191.64,0,0,64774.32
2022-08-01,S02,Garden,780,19.1,0,0,14898.0
2022-08-01,S02,Grocery,3121,4.23,1,0,13201.83
2022-08-01,S03,Clothing,771,31.8,0,0,24517.8
2022-08-01,S03,Electronics,291,180.96,0,0,52659.36
2022-08-01,S03,Garden,738,18.05,0,0,13320.9
2022-08-01,S03,Grocery,2218,4.5,0,0,9981.0
2022-08-01,S04,Clothing,523,30.74,0,0,16077.02
2022-08-01,S04,Electronics,234,172.35,0,0,40329.9
2022-08-01,S04,Garden,564,17.41,0,0,9819.24
2022-08-01,S04,Grocery,1738,4.31,0,0,7490.78
2022-08-01,S05,Clothing,544,31.65,0,0,17217.6
2022-08-01,S05,Electronics,204,178.38,0,0,36389.52
2022-08-01,S05,Garden,557,17.89,0,0,9964.73
2022-08-01,S05,Grocery,2215,4.37,0,0,9679.55
2022-08-01,S06,Clothing,977,31.24,0,0,30521.48
2022-08-01,S06,Electronics,473,162.69,1,0,76952.37
2022-08-01,S06,Garden,902,18.18,0,0,16398.36
2022-08-01,S06,Grocery,2679,4.51,0,0,12082.29
2022-08-08,S01,Clothing,338,33.14,0,0,11201.32
2022-08-08,S01,Electronics,144,182.57,0,0,26290.08
2022-08-08,S01,Garden,291,18.07,0,0,5258.37
2022-08-08,S01,Grocery,1186,4.66,0,0,5526.76
2022-08-08,S02,Clothing,957,30.21,1,0,28910.97
2022-08-08,S02,Electronics,362,189.09,0,0,68450.58
2022-08-08,S02,Garden,739,18.71,0,0,13826.69
2022-08-08,S02,Grocery,2995,4.23,1,0,12668.85
2022-08-08,S03,Clothing,787,31.97,0,0,25160.39
2022-08-08,S03,Electronics,327,183.02,0,0,59847.54
2022-08-08,S03,Garden,647,17.97,0,0,11626.59
2022-08-08,S03,Grocery,2924,4.1,1,0,11988.4
2022-08-08,S04,Clothing,609,30.75,0,0,18726.75
2022-08-08,S04,Electronics,268,171.18,0,0,45876.24
2022-08-08,S04,Garden,664,15.68,1,0,10411.52
2022-08-08,S04,Grocery,2052,3.9,1,0,8002.8
2022-08-08,S05,Clothing,595,28.49,1,0,16951.55
2022-08-08,S05,Electronics,232,179.09,0,0,41548.88
2022-08-08,S05,Garden,571,17.68,0,0,10095.28
2022-08-08,S05,Grocery,2059,4.45,0,0,9162.55
2022-08-08,S06,Clothing,1010,31.4,0,0,31714.0
2022-08-08,S06,Electronics,392,178.46,0,0,69956.32
2022-08-08,S06,Garden,819,17.96,0,0,14709.24
2022-08-08,S06,Grocery,2452,4.51,0,0,11058.52
2022-08-15,S01,Clothing,424,29.15,1,0,12359.6
2022-08-15,S01,Electronics,174,184.26,0,0,32061.24
2022-08-15,S01,Garden,288,18.5,0,0,5328.0
2022-08-15,S01,Grocery,1002,4.53,0,0,4539.06
2022-08-15,S02,Clothing,821,33.65,0,0,27626.65
2022-08-15,S02,Electronics,362,187.54,0,0,67889.48
2022-08-15,S02,Garden,884,17.07,1,0,15089.88
2022-08-15,S02,Grocery,2914,4.68,0,0,13637.52
2022-08-15,S03,Clothing,749,31.88,0,0,23878.12
2022-08-15,S03,Electronics,348,180.69,0,0,62880.12
2022-08-15,S03,Garden,906,16.17,1,0,14650.02
2022-08-15,S03,Grocery,2609,4.47,0,0,11662.23
2022-08-15,S04,Clothing,545,30.67,0,0,16715.15
2022-08-15,S04,Electronics,218,172.73,0,0,37655.14
2022-08-15,S04,Garden,515,17.14,0,0,8827.1
2022-08-15,S04,Grocery,1914,4.4,0,0,8421.6
2022-08-15,S05,Clothing,525,31.6,0,0,16590.0
2022-08-15,S05,Electronics,237,178.28,0,0,42252.36
2022-08-15,S05,Garden,564,18.03,0,0,10168.92
2022-08-15,S05,Grocery,2163,4.45,0,0,9625.35
2022-08-15,S06,Clothing,897,32.24,0,0,28919.28
2022-08-15,S06,Electronics,476,161.76,1,0,76997.76
2022-08-15,S06,Garden,856,18.14,0,0,15527.84
2022-08-15,S06,Grocery,2700,4.54,0,0,12258.0
2022-08-22,S01,Clothing,309,32.77,0,0,10125.93
2022-08-22,S01,Electronics,156,184.89,0,0,28842.84
2022-08-22,S01,Garden,333,16.68,1,0,5554.44
2022-08-22,S01,Grocery,1178,4.6,0,0,5418.8
2022-08-22,S02,Clothing,789,33.42,0,0,26368.38
2022-08-22,S02,Electronics,424,192.94,0,0,81806.56
2022-08-22,S02,Garden,634,18.7,0,0,11855.8
2022-08-22,S02,Grocery,2926,4.71,0,0,13781.46
2022-08-22,S03,Clothing,741,32.19,0,0,23852.79
2022-08-22,S03,Electronics,363,181.22,0,0,65782.86
2022-08-22,S03,Garden,807,16.21,1,0,13081.47
2022-08-22,S03,Grocery,2428,4.43,0,0,10756.04
2022-08-22,S04,Clothing,529,30.64,0,0,16208.56
2022-08-22,S04,Electronics,249,175.67,0,0,43741.83
2022-08-22,S04,Garden,488,17.31,0,0,8447.28
2022-08-22,S04,Grocery,2036,4.3,0,0,8754.8
2022-08-22,S05,Clothing,506,31.21,0,0,15792.26
2022-08-22,S05,Electronics,259,176.33,0,0,45669.47
2022-08-22,S05,Garden,686,16.01,1,0,10982.86
2022-08-22,S05,Grocery,2777,4.03,1,0,11191.31
2022-08-22,S06,Clothing,900,31.6,0,0,28440.0
2022-08-22,S06,Electronics,371,179.18,0,0,66475.78
2022-08-22,S06,Garden,794,18.09,0,0,14363.46
2022-08-22,S06,Grocery,2952,4.52,0,0,13343.04
2022-08-29,S01,Clothing,312,32.57,0,0,10161.84
2022-08-29,S01,Electronics,205,166.36,1,0,34103.8
2022-08-29,S01,Garden,279,18.69,0,0,5214.51
2022-08-29,S01,Grocery,1169,4.53,0,0,5295.57
2022-08-29,S02,Clothing,760,33.43,0,0,25406.8
2022-08-29,S02,Electronics,531,168.7,1,0,89579.7
2022-08-29,S02,Garden,550,18.74,0,0,10307.0
2022-08-29,S02,Grocery,3720,4.25,1,0,15810.0
2022-08-29,S03,Clothing,700,32.58,0,0,22806.0
2022-08-29,S03,Electronics,342,181.35,0,0,62021.7
2022-08-29,S03,Garden,676,18.02,0,0,12181.52
2022-08-29,S03,Grocery,2249,4.5,0,0,10120.5
2022-08-29,S04,Clothing,477,31.12,0,0,14844.24
2022-08-29,S04,Electronics,281,174.26,0,0,48967.06
2022-08-29,S04,Garden,427,17.18,0,0,7335.86
2022-08-29,S04,Grocery,1877,4.35,0,0,8164.95
2022-08-29,S05,Clothing,561,28.82,1,0,16168.02
2022-08-29,S05,Electronics,262,177.07,0,0,46392.34
2022-08-29,S05,Garden,522,17.64,0,0,9208.08
2022-08-29,S05,Grocery,2118,4.49,0,0,9509.82
2022-08-29,S06,Clothing,863,32.08,0,0,27685.04
2022-08-29,S06,Electronics,406,176.88,0,0,71813.28
2022-08-29,S06,Garden,799,17.72,0,0,14158.28
2022-08-29,S06,Grocery,2914,4.47,0,0,13025.58
2022-09-05,S01,Clothing,282,32.87,0,0,9269.34
2022-09-05,S01,Electronics,180,186.79,0,0,33622.2
2022-09-05,S01,Garden,277,18.76,0,0,5196.52
2022-09-05,S01,Grocery,1201,4.55,0,0,5464.55
2022-09-05,S02,Clothing,709,33.93,0,0,24056.37
2022-09-05,S02,Electronics,485,168.45,1,0,81698.25
2022-09-05,S02,Garden,600,18.78,0,0,11268.0
2022-09-05,S02,Grocery,2582,4.67,0,0,12057.94
2022-09-05,S03,Clothing,664,32.2,0,0,21380.8
2022-09-05,S03,Electronics,358,177.98,0,0,63716.84
2022-09-05,S03,Garden,755,16.23,1,0,12253.65
2022-09-05,S03,Grocery,2438,4.56,0,0,11117.28
2022-09-05,S04,Clothing,498,30.42,0,0,15149.16
2022-09-05,S04,Electronics,252,172.7,0,0,43520.4
2022-09-05,S04,Garden,454,17.26,0,0,7836.04
2022-09-05,S04,Grocery,1958,4.27,0,0,8360.66
2022-09-05,S05,Clothing,481,31.96,0,0,15372.76
2022-09-05,S05,Electronics,291,177.09,0,0,51533.19
2022-09-05,S05,Garden,476,17.75,0,0,8449.0
2022-09-05,S05,Grocery,1998,4.44,0,0,8871.12
2022-09-05,S06,Clothing,793,32.22,0,0,25550.46
2022-09-05,S06,Electronics,422,179.73,0,0,75846.06
2022-09-05,S06,Garden,685,18.05,0,0,12364.25
2022-09-05,S06,Grocery,2797,4.46,0,0,12474.62
2022-09-12,S01,Clothing,284,32.71,0,0,9289.64
2022-09-12,S01,Electronics,200,165.63,1,0,33126.0
2022-09-12,S01,Garden,273,18.76,0,0,5121.48
2022-09-12,S01,Grocery,1299,4.68,0,0,6079.32
2022-09-12,S02,Clothing,704,33.87,0,0,23844.48
2022-09-12,S02,Electronics,475,166.41,1,0,79044.75
2022-09-12,S02,Garden,610,19.07,0,0,11632.7
2022-09-12,S02,Grocery,2902,4.7,0,0,13639.4
2022-09-12,S03,Clothing,681,31.52,0,0,21465.12
2022-09-12,S03,Electronics,351,178.32,0,0,62590.32
2022-09-12,S03,Garden,573,17.9,0,0,10256.7
2022-09-12,S03,Grocery,2782,4.51,0,0,12546.82
2022-09-12,S04,Clothing,450,31.0,0,0,13950.0
2022-09-12,S04,Electronics,267,173.65,0,0,46364.55
2022-09-12,S04,Garden,413,17.02,0,0,7029.26
2022-09-12,S04,Grocery,1748,4.23,0,0,7394.04
2022-09-12,S05,Clothing,473,31.3,0,0,14804.9
2022-09-12,S05,Electronics,257,176.4,0,0,45334.8
2022-09-12,S05,Garden,447,18.01,0,0,8050.47
2022-09-12,S05,Grocery,2136,4.47,0,0,9547.92
2022-09-12,S06,Clothing,795,31.92,0,0,25376.4
2022-09-12,S06,Electronics,383,178.71,0,0,68445.93
2022-09-12,S06,Garden,748,18.13,0,0,13561.24
2022-09-12,S06,Grocery,2871,4.49,0,0,12890.79
2022-09-19,S01,Clothing,287,29.99,1,0,8607.13
2022-09-19,S01,Electronics,162,185.35,0,0,30026.7
2022-09-19,S01,Garden,239,18.29,0,0,4371.31
2022-09-19,S01,Grocery,1048,4.66,0,0,4883.68
2022-09-19,S02,Clothing,722,33.63,0,0,24280.86
2022-09-19,S02,Electronics,475,171.79,1,0,81600.25
2022-09-19,S02,Garden,568,18.47,0,0,10490.96
2022-09-19,S02,Grocery,2988,4.68,0,0,13983.84
2022-09-19,S03,Clothing,658,31.57,0,0,20773.06
2022-09-19,S03,Electronics,375,178.11,0,0,66791.25
2022-09-19,S03,Garden,746,16.12,1,0,12025.52
2022-09-19,S03,Grocery,2435,4.49,0,0,10933.15
2022-09-19,S04,Clothing,505,30.38,0,0,15341.9
2022-09-19,S04,Electronics,282,170.68,0,0,48131.76
2022-09-19,S04,Garden,412,17.32,0,0,7135.84
2022-09-19,S04,Grocery,2280,3.86,1,0,8800.8
2022-09-19,S05,Clothing,474,31.53,0,0,14945.22
2022-09-19,S05,Electronics,260,178.45,0,0,46397.0
2022-09-19,S05,Garden,475,17.71,0,0,8412.25
2022-09-19,S05,Grocery,2285,4.42,0,0,10099.7
2022-09-19,S06,Clothing,728,31.82,0,0,23164.96
2022-09-19,S06,Electronics,443,179.06,0,0,79323.58
2022-09-19,S06,Garden,689,17.95,0,0,12367.55
2022-09-19,S06,Grocery,2710,4.45,0,0,12059.5
2022-09-26,S01,Clothing,305,29.7,1,0,9058.5
2022-09-26,S01,Electronics,174,182.87,0,0,31819.38
2022-09-26,S01,Garden,225,18.4,0,0,4140.0
2022-09-26,S01,Grocery,1153,4.58,0,0,5280.74
2022-09-26,S02,Clothing,637,34.04,0,0,21683.48
2022-09-26,S02,Electronics,455,190.07,0,0,86481.85
2022-09-26,S02,Garden,543,18.58,0,0,10088.94
2022-09-26,S02,Grocery,2715,4.81,0,0,13059.15
2022-09-26,S03,Clothing,623,31.88,0,0,19861.24
2022-09-26,S03,Electronics,378,177.66,0,0,67155.48
2022-09-26,S03,Garden,552,17.98,0,0,9924.96
2022-09-26,S03,Grocery,2660,4.46,0,0,11863.6
2022-09-26,S04,Clothing,542,30.95,0,0,16774.9
2022-09-26,S04,Electronics,286,171.72,0,0,49111.92
2022-09-26,S04,Garden,388,16.93,0,0,6568.84
2022-09-26,S04,Grocery,1924,4.24,0,0,8157.76
2022-09-26,S05,Clothing,673,28.4,1,0,19113.2
2022-09-26,S05,Electronics,250,178.64,0,0,44660.0
2022-09-26,S05,Garden,447,17.96,0,0,8028.12
2022-09-26,S05,Grocery,2209,4.47,0,0,9874.23
2022-09-26,S06,Clothing,788,31.95,0,0,25176.6
2022-09-26,S06,Electronics,446,180.15,0,0,80346.9
2022-09-26,S06,Garden,653,17.91,0,0,11695.23
2022-09-26,S06,Grocery,3161,4.44,0,0,14034.84
2022-10-03,S01,Clothing,283,32.4,0,0,9169.2
2022-10-03,S01,Electronics,179,185.53,0,0,33209.87
2022-10-03,S01,Garden,225,18.56,0,0,4176.0
2022-10-03,S01,Grocery,1246,4.55,0,0,5669.3
2022-10-03,S02,Clothing,626,33.34,0,0,20870.84
2022-10-03,S02,Electronics,427,192.8,0,0,82325.6
2022-10-03,S02,Garden,548,18.46,0,0,10116.08
2022-10-03,S02,Grocery,2908,4.7,0,0,13667.6
2022-10-03,S03,Clothing,645,31.92,0,0,20588.4
2022-10-03,S03,Electronics,380,181.49,0,0,68966.2
2022-10-03,S03,Garden,535,18.0,0,0,9630.0
2022-10-03,S03,Grocery,2346,4.58,0,0,10744.68
2022-10-03,S04,Clothing,465,30.99,0,0,14410.35
2022-10-03,S04,Electronics,317,173.81,0,0,55097.77
2022-10-03,S04,Garden,377,16.9,0,0,6371.3
2022-10-03,S04,Grocery,2092,4.3,0,0,8995.6
2022-10-03,S05,Clothing,461,31.26,0,0,14410.86
2022-10-03,S05,Electronics,371,161.68,1,0,59983.28
2022-10-03,S05,Garden,408,17.68,0,0,7213.44
2022-10-03,S05,Grocery,2252,4.42,0,0,9953.84
2022-10-03,S06,Clothing,786,31.78,0,0,24979.08
2022-10-03,S06,Electronics,499,163.61,1,0,81641.39
2022-10-03,S06,Garden,689,17.67,0,0,12174.63
2022-10-03,S06,Grocery,3267,4.39,0,0,14342.13
2022-10-10,S01,Clothing,249,33.06,0,0,8231.94
2022-10-10,S01,Electronics,168,184.71,0,0,31031.28
2022-10-10,S01,Garden,215,18.94,0,0,4072.1
2022-10-10,S01,Grocery,1100,4.48,0,0,4928.0
2022-10-10,S02,Clothing,648,34.01,0,0,22038.48
2022-10-10,S02,Electronics,432,185.63,0,0,80192.16
2022-10-10,S02,Garden,489,18.62,0,0,9105.18
2022-10-10,S02,Grocery,2905,4.78,0,0,13885.9
2022-10-10,S03,Clothing,512,31.46,0,0,16107.52
2022-10-10,S03,Electronics,431,162.52,1,0,70046.12
2022-10-10,S03,Garden,490,17.93,0,0,8785.7
2022-10-10,S03,Grocery,2461,4.46,0,0,10976.06
2022-10-10,S04,Clothing,429,30.52,0,0,13093.08
2022-10-10,S04,Electronics,303,174.73,0,0,52943.19
2022-10-10,S04,Garden,344,17.2,0,0,5916.8
2022-10-10,S04,Grocery,1893,4.27,0,0,8083.11
2022-10-10,S05,Clothing,457,31.04,0,0,14185.28
2022-10-10,S05,Electronics,283,176.37,0,0,49912.71
2022-10-10,S05,Garden,388,17.65,0,0,6848.2
2022-10-10,S05,Grocery,2108,4.47,0,0,9422.76
2022-10-10,S06,Clothing,785,32.3,0,0,25355.5
2022-10-10,S06,Electronics,458,177.98,0,0,81514.84
2022-10-10,S06,Garden,566,18.07,0,0,10227.62
2022-10-10,S06,Grocery,2933,4.42,0,0,12963.86
2022-10-17,S01,Clothing,305,29.32,1,0,8942.6
2022-10-17,S01,Electronics,183,183.32,0,0,33547.56
2022-10-17,S01,Garden,190,18.74,0,0,3560.6
2022-10-17,S01,Grocery,1330,4.59,0,0,6104.7
2022-10-17,S02,Clothing,650,33.65,0,0,21872.5
2022-10-17,S02,Electronics,479,190.99,0,0,91484.21
2022-10-17,S02,Garden,473,18.67,0,0,8830.91
2022-10-17,S02,Grocery,3287,4.7,0,0,15448.9
2022-10-17,S03,Clothing,573,32.27,0,0,18490.71
2022-10-17,S03,Electronics,404,180.2,0,0,72800.8
2022-10-17,S03,Garden,438,18.06,0,0,7910.28
2022-10-17,S03,Grocery,2577,4.47,0,0,11519.19
2022-10-17,S04,Clothing,379,31.12,0,0,11794.48
2022-10-17,S04,Electronics,325,170.85,0,0,55526.25
2022-10-17,S04,Garden,345,17.18,0,0,5927.1
2022-10-17,S04,Grocery,1939,4.22,0,0,8182.58
2022-10-17,S05,Clothing,539,28.27,1,0,15237.53
2022-10-17,S05,Electronics,298,176.87,0,0,52707.26
2022-10-17,S05,Garden,429,16.12,1,0,6915.48
2022-10-17,S05,Grocery,2154,4.46,0,0,9606.84
2022-10-17,S06,Clothing,762,32.51,0,0,24772.62
2022-10-17,S06,Electronics,466,178.9,0,0,83367.4
2022-10-17,S06,Garden,557,17.99,0,0,10020.43
2022-10-17,S06,Grocery,3413,4.58,0,0,15631.54
2022-10-24,S01,Clothing,239,32.65,0,0,7803.35
2022-10-24,S01,Electronics,181,184.26,0,0,33351.06
2022-10-24,S01,Garden,236,16.81,1,0,3967.16
2022-10-24,S01,Grocery,1251,4.73,0,0,5917.23
2022-10-24,S02,Clothing,600,34.56,0,0,20736.0
2022-10-24,S02,Electronics,444,188.38,0,0,83640.72
2022-10-24,S02,Garden,402,18.52,0,0,7445.04
2022-10-24,S02,Grocery,3322,4.72,0,0,15679.84
2022-10-24,S03,Clothing,569,31.66,0,0,18014.54
2022-10-24,S03,Electronics,393,175.39,0,0,68928.27
2022-10-24,S03,Garden,541,15.91,1,0,8607.31
2022-10-24,S03,Grocery,2557,4.53,0,0,11583.21
2022-10-24,S04,Clothing,396,30.75,0,0,12177.0
2022-10-24,S04,Electronics,298,171.34,0,0,51059.32
2022-10-24,S04,Garden,261,17.26,0,0,4504.86
2022-10-24,S04,Grocery,2109,4.38,0,0,9237.42
2022-10-24,S05,Clothing,448,31.51,0,0,14116.48
2022-10-24,S05,Electronics,353,162.6,1,0,57397.8
2022-10-24,S05,Garden,385,17.63,0,0,6787.55
2022-10-24,S05,Grocery,2177,4.45,0,0,9687.65
2022-10-24,S06,Clothing,723,32.37,0,0,23403.51
2022-10-24,S06,Electronics,542,178.13,0,0,96546.46
2022-10-24,S06,Garden,517,17.78,0,0,9192.26
2022-10-24,S06,Grocery,2821,4.46,0,0,12581.66
2022-10-31,S01,Clothing,238,32.94,0,0,7839.72
2022-10-31,S01,Electronics,203,184.36,0,0,37425.08
2022-10-31,S01,Garden,184,18.4,0,0,3385.6
2022-10-31,S01,Grocery,1600,4.17,1,0,6672.0
2022-10-31,S02,Clothing,627,33.07,0,0,20734.89
2022-10-31,S02,Electronics,464,189.76,0,0,88048.64
2022-10-31,S02,Garden,375,18.69,0,0,7008.75
2022-10-31,S02,Grocery,2692,4.64,0,0,12490.88
2022-10-31,S03,Clothing,621,32.49,0,0,20176.29
2022-10-31,S03,Electronics,399,183.76,0,0,73320.24
2022-10-31,S03,Garden,503,16.09,1,0,8093.27
2022-10-31,S03,Grocery,3095,3.98,1,0,12318.1
2022-10-31,S04,Clothing,481,30.34,0,0,14593.54
2022-10-31,S04,Electronics,295,175.93,0,0,51899.35
2022-10-31,S04,Garden,345,15.39,1,0,5309.55
2022-10-31,S04,Grocery,1978,4.28,0,0,8465.84
2022-10-31,S05,Clothing,465,31.17,0,0,14494.05
2022-10-31,S05,Electronics,301,177.6,0,0,53457.6
2022-10-31,S05,Garden,318,17.94,0,0,5704.92
2022-10-31,S05,Grocery,2197,4.48,0,0,9842.56
2022-10-31,S06,Clothing,799,31.22,0,0,24944.78
2022-10-31,S06,Electronics,496,178.01,0,0,88292.96
2022-10-31,S06,Garden,490,17.89,0,0,8766.1
2022-10-31,S06,Grocery,2740,4.57,0,0,12521.8
2022-11-07,S01,Clothing,258,32.67,0,0,8428.86
2022-11-07,S01,Electronics,194,184.2,0,0,35734.8
2022-11-07,S01,Garden,177,18.31,0,0,3240.87
2022-11-07,S01,Grocery,1195,4.59,0,0,5485.05
2022-11-07,S02,Clothing,629,33.24,0,0,20907.96
2022-11-07,S02,Electronics,428,185.14,0,0,79239.92
2022-11-07,S02,Garden,416,18.45,0,0,7675.2
2022-11-07,S02,Grocery,3945,4.22,1,0,16647.9
2022-11-07,S03,Clothing,639,32.59,0,0,20825.01
2022-11-07,S03,Electronics,454,178.45,0,0,81016.3
2022-11-07,S03,Garden,379,17.96,0,0,6806.84
2022-11-07,S03,Grocery,2402,4.56,0,0,10953.12
2022-11-07,S04,Clothing,413,30.49,0,0,12592.37
2022-11-07,S04,Electronics,386,155.11,1,0,59872.46
2022-11-07,S04,Garden,293,17.54,0,0,5139.22
2022-11-07,S04,Grocery,2069,3.81,1,0,7882.89
2022-11-07,S05,Clothing,464,31.68,0,0,14699.52
2022-11-07,S05,Electronics,302,177.95,0,0,53740.9
2022-11-07,S05,Garden,316,17.85,0,0,5640.6
2022-11-07,S05,Grocery,2375,4.38,0,0,10402.5
2022-11-07,S06,Clothing,771,31.77,0,0,24494.67
2022-11-07,S06,Electronics,527,178.43,0,0,94032.61
2022-11-07,S06,Garden,522,17.98,0,0,9385.56
2022-11-07,S06,Grocery,2844,4.51,0,0,12826.44
2022-11-14,S01,Clothing,252,33.13,0,0,8348.76
2022-11-14,S01,Electronics,192,187.97,0,0,36090.24
2022-11-14,S01,Garden,223,16.75,1,0,3735.25
2022-11-14,S01,Grocery,1304,4.64,0,0,6050.56
2022-11-14,S02,Clothing,559,33.61,0,0,18787.99
2022-11-14,S02,Electronics,561,171.91,1,0,96441.51
2022-11-14,S02,Garden,359,18.63,0,0,6688.17
2022-11-14,S02,Grocery,2842,4.72,0,0,13414.24
2022-11-14,S03,Clothing,538,31.93,0,0,17178.34
2022-11-14,S03,Electronics,597,165.38,1,0,98731.86
2022-11-14,S03,Garden,396,17.85,0,0,7068.6
2022-11-14,S03,Grocery,2688,4.53,0,0,12176.64
2022-11-14,S04,Clothing,434,30.96,0,0,13436.64
2022-11-14,S04,Electronics,294,175.31,0,0,51541.14
2022-11-14,S04,Garden,289,17.24,0,0,4982.36
2022-11-14,S04,Grocery,2340,4.34,0,0,10155.6
2022-11-14,S05,Clothing,463,31.99,0,0,14811.37
2022-11-14,S05,Electronics,304,177.59,0,0,53987.36
2022-11-14,S05,Garden,315,17.63,0,0,5553.45
2022-11-14,S05,Grocery,2340,3.96,1,0,9266.4
2022-11-14,S06,Clothing,801,31.91,0,0,25559.91
2022-11-14,S06,Electronics,496,179.15,0,0,88858.4
2022-11-14,S06,Garden,433,17.85,0,0,7729.05
2022-11-14,S06,Grocery,2942,4.49,0,0,13209.58
2022-11-21,S01,Clothing,408,29.32,1,1,11962.56
2022-11-21,S01,Electronics,264,184.52,0,1,48713.28
2022-11-21,S01,Garden,146,18.27,0,1,2667.42
2022-11-21,S01,Grocery,1595,4.55,0,1,7257.25
2022-11-21,S02,Clothing,798,33.6,0,1,26812.8
2022-11-21,S02,Electronics,725,189.73,0,1,137554.25
2022-11-21,S02,Garden,379,17.15,1,1,6499.85
2022-11-21,S02,Grocery,4761,4.3,1,1,20472.3
2022-11-21,S03,Clothing,809,32.15,0,1,26009.35
2022-11-21,S03,Electronics,523,177.45,0,1,92806.35
2022-11-21,S03,Garden,373,18.3,0,1,6825.9
2022-11-21,S03,Grocery,3277,4.54,0,1,14877.58
2022-11-21,S04,Clothing,584,30.89,0,1,18039.76
2022-11-21,S04,Electronics,441,172.53,0,1,76085.73
2022-11-21,S04,Garden,268,17.26,0,1,4625.68
2022-11-21,S04,Grocery,2266,4.27,0,1,9675.82
2022-11-21,S05,Clothing,687,31.89,0,1,21908.43
2022-11-21,S05,Electronics,393,179.91,0,1,70704.63
2022-11-21,S05,Garden,345,16.0,1,1,5520.0
2022-11-21,S05,Grocery,2684,4.44,0,1,11916.96
2022-11-21,S06,Clothing,1018,32.06,0,1,32637.08
2022-11-21,S06,Electronics,607,180.55,0,1,109593.85
2022-11-21,S06,Garden,415,17.95,0,1,7449.25
2022-11-21,S06,Grocery,4124,4.42,0,1,18228.08
2022-11-28,S01,Clothing,278,32.63,0,0,9071.14
2022-11-28,S01,Electronics,201,184.25,0,0,37034.25
2022-11-28,S01,Garden,140,18.43,0,0,2580.2
2022-11-28,S01,Grocery,1268,4.6,0,0,5832.8
2022-11-28,S02,Clothing,652,34.12,0,0,22246.24
2022-11-28,S02,Electronics,501,188.17,0,0,94273.17
2022-11-28,S02,Garden,311,18.9,0,0,5877.9
2022-11-28,S02,Grocery,3204,4.72,0,0,15122.88
2022-11-28,S03,Clothing,564,31.62,0,0,17833.68
2022-11-28,S03,Electronics,388,178.59,0,0,69292.92
2022-11-28,S03,Garden,326,18.01,0,0,5871.26
2022-11-28,S03,Grocery,3285,4.07,1,0,13369.95
2022-11-28,S04,Clothing,500,30.28,0,0,15140.0
2022-11-28,S04,Electronics,312,172.6,0,0,53851.2
2022-11-28,S04,Garden,258,17.25,0,0,4450.5
2022-11-28,S04,Grocery,2013,4.35,0,0,8756.55
2022-11-28,S05,Clothing,501,31.59,0,0,15826.59
2022-11-28,S05,Electronics,327,179.98,0,0,58853.46
2022-11-28,S05,Garden,269,17.69,0,0,4758.61
2022-11-28,S05,Grocery,2229,4.38,0,0,9763.02
2022-11-28,S06,Clothing,754,31.36,0,0,23645.44
2022-11-28,S06,Electronics,665,162.07,1,0,107776.55
2022-11-28,S06,Garden,436,17.64,0,0,7691.04
2022-11-28,S06,Grocery,2951,4.49,0,0,13249.99
2022-12-05,S01,Clothing,282,32.62,0,0,9198.84
2022-12-05,S01,Electronics,206,180.83,0,0,37250.98
2022-12-05,S01,Garden,134,18.45,0,0,2472.3
2022-12-05,S01,Grocery,1271,4.62,0,0,5872.02
2022-12-05,S02,Clothing,665,33.24,0,0,22104.6
2022-12-05,S02,Electronics,525,189.46,0,0,99466.5
2022-12-05,S02,Garden,298,18.86,0,0,5620.28
2022-12-05,S02,Grocery,3193,4.29,1,0,13697.97
2022-12-05,S03,Clothing,577,32.21,0,0,18585.17
2022-12-05,S03,Electronics,396,176.09,0,0,69731.64
2022-12-05,S03,Garden,314,18.04,0,0,5664.56
2022-12-05,S03,Grocery,2849,4.49,0,0,12792.01
2022-12-05,S04,Clothing,461,30.57,0,0,14092.77
2022-12-05,S04,Electronics,307,171.65,0,0,52696.55
2022-12-05,S04,Garden,226,17.39,0,0,3930.14
2022-12-05,S04,Grocery,2069,4.27,0,0,8834.63
2022-12-05,S05,Clothing,454,31.04,0,0,14092.16
2022-12-05,S05,Electronics,345,179.88,0,0,62058.6
2022-12-05,S05,Garden,258,17.85,0,0,4605.3
2022-12-05,S05,Grocery,2067,4.43,0,0,9156.81
2022-12-05,S06,Clothing,794,31.35,0,0,24891.9
2022-12-05,S06,Electronics,487,177.6,0,0,86491.2
2022-12-05,S06,Garden,368,18.19,0,0,6693.92
2022-12-05,S06,Grocery,2857,4.57,0,0,13056.49
2022-12-12,S01,Clothing,288,32.65,0,0,9403.2
2022-12-12,S01,Electronics,187,183.05,0,0,34230.35
2022-12-12,S01,Garden,129,18.76,0,0,2420.04
2022-12-12,S01,Grocery,1276,4.61,0,0,5882.36
2022-12-12,S02,Clothing,749,33.77,0,0,25293.73
2022-12-12,S02,Electronics,457,186.8,0,0,85367.6
2022-12-12,S02,Garden,288,18.64,0,0,5368.32
2022-12-12,S02,Grocery,3127,4.74,0,0,14821.98
2022-12-12,S03,Clothing,624,31.85,0,0,19874.4
2022-12-12,S03,Electronics,538,162.64,1,0,87500.32
2022-12-12,S03,Garden,348,16.13,1,0,5613.24
2022-12-12,S03,Grocery,2582,4.45,0,0,11489.9
2022-12-12,S04,Clothing,467,30.67,0,0,14322.89
2022-12-12,S04,Electronics,329,173.8,0,0,57180.2
2022-12-12,S04,Garden,217,17.32,0,0,3758.44
2022-12-12,S04,Grocery,2063,4.28,0,0,8829.64
2022-12-12,S05,Clothing,507,31.85,0,0,16147.95
2022-12-12,S05,Electronics,285,177.94,0,0,50712.9
2022-12-12,S05,Garden,231,18.13,0,0,4188.03
2022-12-12,S05,Grocery,2341,4.43,0,0,10370.63
2022-12-12,S06,Clothing,833,32.33,0,0,26930.89
2022-12-12,S06,Electronics,496,181.82,0,0,90182.72
2022-12-12,S06,Garden,330,17.95,0,0,5923.5
2022-12-12,S06,Grocery,2856,4.56,0,0,13023.36
2022-12-19,S01,Clothing,400,33.2,0,1,13280.0
2022-12-19,S01,Electronics,251,184.21,0,1,46236.71
2022-12-19,S01,Garden,129,18.4,0,1,2373.6
2022-12-19,S01,Grocery,1432,4.65,0,1,6658.8
2022-12-19,S02,Clothing,821,33.85,0,1,27790.85
2022-12-19,S02,Electronics,657,187.15,0,1,122957.55
2022-12-19,S02,Garden,286,18.54,0,1,5302.44
2022-12-19,S02,Grocery,3623,4.78,0,1,17317.94
2022-12-19,S03,Clothing,797,31.66,0,1,25233.02
2022-12-19,S03,Electronics,595,178.07,0,1,105951.65
2022-12-19,S03,Garden,286,18.0,0,1,5148.0
2022-12-19,S03,Grocery,3020,4.5,0,1,13590.0
2022-12-19,S04,Clothing,617,30.45,0,1,18787.65
2022-12-19,S04,Electronics,402,174.51,0,1,70153.02
2022-12-19,S04,Garden,231,17.29,0,1,3993.99
2022-12-19,S04,Grocery,2411,4.32,0,1,10415.52
2022-12-19,S05,Clothing,607,31.67,0,1,19223.69
2022-12-19,S05,Electronics,429,176.34,0,1,75649.86
2022-12-19,S05,Garden,260,17.72,0,1,4607.2
2022-12-19,S05,Grocery,2587,4.51,0,1,11667.37
2022-12-19,S06,Clothing,1220,28.56,1,1,34843.2
2022-12-19,S06,Electronics,759,163.08,1,1,123777.72
2022-12-19,S06,Garden,357,17.75,0,1,6336.75
2022-12-19,S06,Grocery,3877,4.5,0,1,17446.5
2022-12-26,S01,Clothing,281,33.04,0,0,9284.24
2022-12-26,S01,Electronics,210,183.43,0,0,38520.3
2022-12-26,S01,Garden,141,16.22,1,0,2287.02
2022-12-26,S01,Grocery,1555,4.17,1,0,6484.35
2022-12-26,S02,Clothing,692,33.7,0,0,23320.4
2022-12-26,S02,Electronics,451,187.37,0,0,84503.87
2022-12-26,S02,Garden,266,18.61,0,0,4950.26
2022-12-26,S02,Grocery,3143,4.7,0,0,14772.1
2022-12-26,S03,Clothing,609,31.92,0,0,19439.28
2022-12-26,S03,Electronics,431,178.13,0,0,76774.03
2022-12-26,S03,Garden,289,17.79,0,0,5141.31
2022-12-26,S03,Grocery,2781,4.46,0,0,12403.26
2022-12-26,S04,Clothing,487,31.33,0,0,15257.71
2022-12-26,S04,Electronics,332,170.39,0,0,56569.48
2022-12-26,S04,Garden,211,17.34,0,0,3658.74
2022-12-26,S04,Grocery,2010,4.33,0,0,8703.3
2022-12-26,S05,Clothing,539,31.76,0,0,17118.64
2022-12-26,S05,Electronics,255,181.32,0,0,46236.6
2022-12-26,S05,Garden,243,17.88,0,0,4344.84
2022-12-26,S05,Grocery,2205,4.45,0,0,9812.25
2022-12-26,S06,Clothing,785,31.44,0,0,24680.4
2022-12-26,S06,Electronics,581,160.09,1,0,93012.29
2022-12-26,S06,Garden,327,17.51,0,0,5725.77
2022-12-26,S06,Grocery,3205,4.44,0,0,14230.2
2023-01-02,S01,Clothing,308,33.4,0,0,10287.2
2023-01-02,S01,Electronics,190,187.25,0,0,35577.5
2023-01-02,S01,Garden,127,18.56,0,0,2357.12
2023-01-02,S01,Grocery,1246,4.65,0,0,5793.9
2023-01-02,S02,Clothing,642,33.14,0,0,21275.88
2023-01-02,S02,Electronics,467,184.76,0,0,86282.92
2023-01-02,S02,Garden,344,16.93,1,0,5823.92
2023-01-02,S02,Grocery,3082,4.82,0,0,14855.24
2023-01-02,S03,Clothing,718,31.86,0,0,22875.48
2023-01-02,S03,Electronics,417,177.59,0,0,74055.03
2023-01-02,S03,Garden,295,17.98,0,0,5304.1
2023-01-02,S03,Grocery,2676,4.52,0,0,12095.52
2023-01-02,S04,Clothing,504,30.68,0,0,15462.72
2023-01-02,S04,Electronics,306,171.57,0,0,52500.42
2023-01-02,S04,Garden,202,16.9,0,0,3413.8
2023-01-02,S04,Grocery,2004,4.34,0,0,8697.36
2023-01-02,S05,Clothing,498,32.24,0,0,16055.52
2023-01-02,S05,Electronics,313,179.42,0,0,56158.46
2023-01-02,S05,Garden,251,17.79,0,0,4465.29
2023-01-02,S05,Grocery,3128,4.04,1,0,12637.12
2023-01-02,S06,Clothing,802,31.56,0,0,25311.12
2023-01-02,S06,Electronics,630,163.53,1,0,103023.9
2023-01-02,S06,Garden,317,18.13,0,0,5747.21
2023-01-02,S06,Grocery,2931,4.44,0,0,13013.64
2023-01-09,S01,Clothing,342,33.58,0,0,11484.36
2023-01-09,S01,Electronics,178,184.4,0,0,32823.2
2023-01-09,S01,Garden,122,18.34,0,0,2237.48
2023-01-09,S01,Grocery,1285,4.59,0,0,5898.15
2023-01-09,S02,Clothing,910,30.54,1,0,27791.4
2023-01-09,S02,Electronics,491,189.87,0,0,93226.17
2023-01-09,S02,Garden,286,18.99,0,0,5431.14
2023-01-09,S02,Grocery,3262,4.68,0,0,15266.16
2023-01-09,S03,Clothing,742,31.91,0,0,23677.22
2023-01-09,S03,Electronics,422,181.46,0,0,76576.12
2023-01-09,S03,Garden,288,17.84,0,0,5137.92
2023-01-09,S03,Grocery,2415,4.54,0,0,10964.1
2023-01-09,S04,Clothing,552,30.59,0,0,16885.68
2023-01-09,S04,Electronics,420,156.37,1,0,65675.4
2023-01-09,S04,Garden,208,16.91,0,0,3517.28
2023-01-09,S04,Grocery,1899,4.3,0,0,8165.7
2023-01-09,S05,Clothing,584,28.23,1,0,16486.32
2023-01-09,S05,Electronics,322,159.38,1,0,51320.36
2023-01-09,S05,Garden,230,17.79,0,0,4091.7
2023-01-09,S05,Grocery,2998,4.01,1,0,12021.98
2023-01-09,S06,Clothing,889,32.04,0,0,28483.56
2023-01-09,S06,Electronics,584,162.08,1,0,94654.72
2023-01-09,S06,Garden,350,18.05,0,0,6317.5
2023-01-09,S06,Grocery,2694,4.45,0,0,11988.3
2023-01-16,S01,Clothing,355,32.5,0,0,11537.5
2023-01-16,S01,Electronics,196,187.08,0,0,36667.68
2023-01-16,S01,Garden,132,18.48,0,0,2439.36
2023-01-16,S01,Grocery,1331,4.66,0,0,6202.46
2023-01-16,S02,Clothing,781,33.88,0,0,26460.28
2023-01-16,S02,Electronics,466,190.49,0,0,88768.34
2023-01-16,S02,Garden,324,18.99,0,0,6152.76
2023-01-16,S02,Grocery,3045,4.67,0,0,14220.15
2023-01-16,S03,Clothing,783,32.31,0,0,25298.73
2023-01-16,S03,Electronics,472,163.2,1,0,77030.4
2023-01-16,S03,Garden,309,17.96,0,0,5549.64
2023-01-16,S03,Grocery,2789,4.11,1,0,11462.79
2023-01-16,S04,Clothing,562,30.97,0,0,17405.14
2023-01-16,S04,Electronics,301,171.95,0,0,51756.95
2023-01-16,S04,Garden,205,17.2,0,0,3526.0
2023-01-16,S04,Grocery,2306,4.33,0,0,9984.98
2023-01-16,S05,Clothing,588,30.72,0,0,18063.36
2023-01-16,S05,Electronics,364,162.39,1,0,59109.96
2023-01-16,S05,Garden,253,17.76,0,0,4493.28
2023-01-16,S05,Grocery,3010,3.98,1,0,11979.8
2023-01-16,S06,Clothing,905,31.65,0,0,28643.25
2023-01-16,S06,Electronics,666,161.3,1,0,107425.8
2023-01-16,S06,Garden,366,17.99,0,0,6584.34
2023-01-16,S06,Grocery,2813,4.54,0,0,12771.02
2023-01-23,S01,Clothing,312,32.86,0,0,10252.32
2023-01-23,S01,Electronics,194,184.81,0,0,35853.14
2023-01-23,S01,Garden,130,18.45,0,0,2398.5
2023-01-23,S01,Grocery,1174,4.69,0,0,5506.06
2023-01-23,S02,Clothing,953,30.3,1,0,28875.9
2023-01-23,S02,Electronics,420,186.93,0,0,78510.6
2023-01-23,S02,Garden,320,18.94,0,0,6060.8
2023-01-23,S02,Grocery,2994,4.65,0,0,13922.1
2023-01-23,S03,Clothing,739,31.76,0,0,23470.64
2023-01-23,S03,Electronics,494,164.99,1,0,81505.06
2023-01-23,S03,Garden,362,15.79,1,0,5715.98
2023-01-23,S03,Grocery,2628,4.52,0,0,11878.56
2023-01-23,S04,Clothing,721,27.45,1,0,19791.45
2023-01-23,S04,Electronics,315,171.32,0,0,53965.8
2023-01-23,S04,Garden,302,15.46,1,0,4668.92
2023-01-23,S04,Grocery,1996,4.34,0,0,8662.64
2023-01-23,S05,Clothing,710,28.16,1,0,19993.6
2023-01-23,S05,Electronics,268,176.94,0,0,47419.92
2023-01-23,S05,Garden,285,17.64,0,0,5027.4
2023-01-23,S05,Grocery,2292,4.45,0,0,10199.4
2023-01-23,S06,Clothing,874,31.99,0,0,27959.26
2023-01-23,S06,Electronics,533,180.14,0,0,96014.62
2023-01-23,S06,Garden,455,16.29,1,0,7411.95
2023-01-23,S06,Grocery,3329,4.56,0,0,15180.24
2023-01-30,S01,Clothing,344,32.45,0,0,11162.8
2023-01-30,S01,Electronics,169,184.77,0,0,31226.13
2023-01-30,S01,Garden,133,18.42,0,0,2449.86
2023-01-30,S01,Grocery,1238,4.57,0,0,5657.66
2023-01-30,S02,Clothing,909,33.53,0,0,30478.77
2023-01-30,S02,Electronics,415,188.9,0,0,78393.5
2023-01-30,S02,Garden,334,18.69,0,0,6242.46
2023-01-30,S02,Grocery,3221,4.82,0,0,15525.22
2023-01-30,S03,Clothing,780,32.57,0,0,25404.6
2023-01-30,S03,Electronics,391,178.82,0,0,69918.62
2023-01-30,S03,Garden,343,17.8,0,0,6105.4
2023-01-30,S03,Grocery,2517,4.54,0,0,11427.18
2023-01-30,S04,Clothing,607,30.92,0,0,18768.44
2023-01-30,S04,Electronics,302,173.91,0,0,52520.82
2023-01-30,S04,Garden,238,17.32,0,0,4122.16
2023-01-30,S04,Grocery,2090,4.31,0,0,9007.9
2023-01-30,S05,Clothing,632,31.78,0,0,20084.96
2023-01-30,S05,Electronics,282,180.41,0,0,50875.62
2023-01-30,S05,Garden,310,17.85,0,0,5533.5
2023-01-30,S05,Grocery,2212,4.48,0,0,9909.76
2023-01-30,S06,Clothing,992,31.6,0,0,31347.2
2023-01-30,S06,Electronics,419,179.45,0,0,75189.55
2023-01-30,S06,Garden,413,18.1,0,0,7475.3
2023-01-30,S06,Grocery,3121,4.5,0,0,14044.5
2023-02-06,S01,Clothing,392,32.58,0,0,12771.36
2023-02-06,S01,Electronics,185,184.54,0,0,34139.9
2023-02-06,S01,Garden,152,18.62,0,0,2830.24
2023-02-06,S01,Grocery,1359,4.58,0,0,6224.22
2023-02-06,S02,Clothing,923,33.54,0,0,30957.42
2023-02-06,S02,Electronics,406,187.75,0,0,76226.5
2023-02-06,S02,Garden,330,18.83,0,0,6213.9
2023-02-06,S02,Grocery,3112,4.74,0,0,14750.88
2023-02-06,S03,Clothing,1026,28.43,1,0,29169.18
2023-02-06,S03,Electronics,350,180.45,0,0,63157.5
2023-02-06,S03,Garden,358,18.27,0,0,6540.66
2023-02-06,S03,Grocery,2532,4.49,0,0,11368.68
2023-02-06,S04,Clothing,653,30.1,0,0,19655.3
2023-02-06,S04,Electronics,307,174.07,0,0,53439.49
2023-02-06,S04,Garden,299,15.5,1,0,4634.5
2023-02-06,S04,Grocery,1970,4.3,0,0,8471.0
2023-02-06,S05,Clothing,665,31.63,0,0,21033.95
2023-02-06,S05,Electronics,295,180.53,0,0,53256.35
2023-02-06,S05,Garden,311,17.74,0,0,5517.14
2023-02-06,S05,Grocery,2510,4.5,0,0,11295.0
2023-02-06,S06,Clothing,1007,31.35,0,0,31569.45
2023-02-06,S06,Electronics,433,180.48,0,0,78147.84
2023-02-06,S06,Garden,433,17.98,0,0,7785.34
2023-02-06,S06,Grocery,2996,4.47,0,0,13392.12
2023-02-13,S01,Clothing,383,32.63,0,0,12497.29
2023-02-13,S01,Electronics,187,184.71,0,0,34540.77
2023-02-13,S01,Garden,160,18.19,0,0,2910.4
2023-02-13,S01,Grocery,1184,4.68,0,0,5541.12
2023-02-13,S02,Clothing,907,33.44,0,0,30330.08
2023-02-13,S02,Electronics,446,188.86,0,0,84231.56
2023-02-13,S02,Garden,362,18.76,0,0,6791.12
2023-02-13,S02,Grocery,3128,4.69,0,0,14670.32
2023-02-13,S03,Clothing,918,32.53,0,0,29862.54
2023-02-13,S03,Electronics,352,177.74,0,0,62564.48
2023-02-13,S03,Garden,368,18.16,0,0,6682.88
2023-02-13,S03,Grocery,2694,4.48,0,0,12069.12
2023-02-13,S04,Clothing,588,30.47,0,0,17916.36
2023-02-13,S04,Electronics,330,154.26,1,0,50905.8
2023-02-13,S04,Garden,255,17.32,0,0,4416.6
2023-02-13,S04,Grocery,1960,4.24,0,0,8310.4
2023-02-13,S05,Clothing,665,31.24,0,0,20774.6
2023-02-13,S05,Electronics,246,176.26,0,0,43359.96
2023-02-13,S05,Garden,283,17.63,0,0,4989.29
2023-02-13,S05,Grocery,2327,4.44,0,0,10331.88
2023-02-13,S06,Clothing,1119,32.37,0,0,36222.03
2023-02-13,S06,Electronics,409,179.84,0,0,73554.56
2023-02-13,S06,Garden,418,17.9,0,0,7482.2
2023-02-13,S06,Grocery,3325,4.56,0,0,15162.0
2023-02-20,S01,Clothing,386,32.49,0,0,12541.14
2023-02-20,S01,Electronics,179,187.88,0,0,33630.52
2023-02-20,S01,Garden,192,16.54,1,0,3175.68
2023-02-20,S01,Grocery,1174,4.61,0,0,5412.14
2023-02-20,S02,Clothing,907,33.68,0,0,30547.76
2023-02-20,S02,Electronics,619,168.36,1,0,104214.84
2023-02-20,S02,Garden,505,16.91,1,0,8539.55
2023-02-20,S02,Grocery,2864,4.76,0,0,13632.64
2023-02-20,S03,Clothing,719,31.68,0,0,22777.92
2023-02-20,S03,Electronics,346,179.45,0,0,62089.7
2023-02-20,S03,Garden,356,18.24,0,0,6493.44
2023-02-20,S03,Grocery,2632,4.52,0,0,11896.64
2023-02-20,S04,Clothing,665,30.93,0,0,20568.45
2023-02-20,S04,Electronics,255,172.54,0,0,43997.7
2023-02-20,S04,Garden,341,15.3,1,0,5217.3
2023-02-20,S04,Grocery,1939,4.33,0,0,8395.87
2023-02-20,S05,Clothing,675,31.18,0,0,21046.5
2023-02-20,S05,Electronics,263,178.93,0,0,47058.59
2023-02-20,S05,Garden,331,17.97,0,0,5948.07
2023-02-20,S05,Grocery,2111,4.37,0,0,9225.07
2023-02-20,S06,Clothing,1208,32.04,0,0,38704.32
2023-02-20,S06,Electronics,464,178.89,0,0,83004.96
2023-02-20,S06,Garden,494,17.88,0,0,8832.72
2023-02-20,S06,Grocery,3328,4.44,0,0,14776.32
2023-02-27,S01,Clothing,386,32.49,0,0,12541.14
2023-02-27,S01,Electronics,178,180.42,0,0,32114.76
2023-02-27,S01,Garden,203,18.6,0,0,3775.8
2023-02-27,S01,Grocery,1437,4.21,1,0,6049.77
2023-02-27,S02,Clothing,1011,33.48,0,0,33848.28
2023-02-27,S02,Electronics,450,186.58,0,0,83961.0
2023-02-27,S02,Garden,429,19.21,0,0,8241.09
2023-02-27,S02,Grocery,3532,4.26,1,0,15046.32
2023-02-27,S03,Clothing,825,32.01,0,0,26408.25
2023-02-27,S03,Electronics,378,179.12,0,0,67707.36
2023-02-27,S03,Garden,457,18.26,0,0,8344.82
2023-02-27,S03,Grocery,2711,4.48,0,0,12145.28
2023-02-27,S04,Clothing,633,31.09,0,0,19679.97
2023-02-27,S04,Electronics,293,170.09,0,0,49836.37
2023-02-27,S04,Garden,312,17.22,0,0,5372.64
2023-02-27,S04,Grocery,1808,4.31,0,0,7792.48
2023-02-27,S05,Clothing,665,31.51,0,0,20954.15
2023-02-27,S05,Electronics,292,161.36,1,0,47117.12
2023-02-27,S05,Garden,333,17.81,0,0,5930.73
2023-02-27,S05,Grocery,2451,3.93,1,0,9632.43
2023-02-27,S06,Clothing,1128,31.8,0,0,35870.4
2023-02-27,S06,Electronics,419,175.86,0,0,73685.34
2023-02-27,S06,Garden,671,16.22,1,0,10883.62
2023-02-27,S06,Grocery,2939,4.49,0,0,13196.11
2023-03-06,S01,Clothing,392,32.79,0,0,12853.68
2023-03-06,S01,Electronics,154,181.0,0,0,27874.0
2023-03-06,S01,Garden,193,18.36,0,0,3543.48
2023-03-06,S01,Grocery,1284,4.6,0,0,5906.4
2023-03-06,S02,Clothing,971,33.18,0,0,32217.78
2023-03-06,S02,Electronics,417,171.2,1,0,71390.4
2023-03-06,S02,Garden,435,18.49,0,0,8043.15
2023-03-06,S02,Grocery,2853,4.8,0,0,13694.4
2023-03-06,S03,Clothing,894,31.85,0,0,28473.9
2023-03-06,S03,Electronics,358,180.89,0,0,64758.62
2023-03-06,S03,Garden,523,16.31,1,0,8530.13
2023-03-06,S03,Grocery,2218,4.51,0,0,10003.18
2023-03-06,S04,Clothing,692,30.37,0,0,21016.04
2023-03-06,S04,Electronics,268,170.63,0,0,45728.84
2023-03-06,S04,Garden,296,16.99,0,0,5029.04
2023-03-06,S04,Grocery,1955,4.29,0,0,8386.95
2023-03-06,S05,Clothing,736,31.23,0,0,22985.28
2023-03-06,S05,Electronics,283,182.55,0,0,51661.65
2023-03-06,S05,Garden,471,15.97,1,0,7521.87
2023-03-06,S05,Grocery,2262,4.43,0,0,10020.66
2023-03-06,S06,Clothing,1077,31.74,0,0,34183.98
2023-03-06,S06,Electronics,414,180.45,0,0,74706.3
2023-03-06,S06,Garden,541,18.2,0,0,9846.2
2023-03-06,S06,Grocery,2928,4.51,0,0,13205.28
2023-03-13,S01,Clothing,416,32.44,0,0,13495.04
2023-03-13,S01,Electronics,166,183.7,0,0,30494.2
2023-03-13,S01,Garden,207,18.17,0,0,3761.19
2023-03-13,S01,Grocery,1215,4.68,0,0,5686.2
2023-03-13,S02,Clothing,945,33.11,0,0,31288.95
2023-03-13,S02,Electronics,431,188.13,0,0,81084.03
2023-03-13,S02,Garden,495,18.78,0,0,9296.1
2023-03-13,S02,Grocery,2829,4.63,0,0,13098.27
2023-03-13,S03,Clothing,855,31.9,0,0,27274.5
2023-03-13,S03,Electronics,358,181.89,0,0,65116.62
2023-03-13,S03,Garden,461,17.92,0,0,8261.12
2023-03-13,S03,Grocery,2515,4.45,0,0,11191.75
2023-03-13,S04,Clothing,719,30.34,0,0,21814.46
2023-03-13,S04,Electronics,276,172.39,0,0,47579.64
2023-03-13,S04,Garden,311,17.28,0,0,5374.08
2023-03-13,S04,Grocery,1916,4.36,0,0,8353.76
2023-03-13,S05,Clothing,761,31.79,0,0,24192.19
2023-03-13,S05,Electronics,258,176.58,0,0,45557.64
2023-03-13,S05,Garden,370,18.03,0,0,6671.1
2023-03-13,S05,Grocery,2168,4.34,0,0,9409.12
2023-03-13,S06,Clothing,1192,32.38,0,0,38596.96
2023-03-13,S06,Electronics,411,178.83,0,0,73499.13
2023-03-13,S06,Garden,576,17.93,0,0,10327.68
2023-03-13,S06,Grocery,2815,4.45,0,0,12526.75
2023-03-20,S01,Clothing,410,33.11,0,0,13575.1
2023-03-20,S01,Electronics,156,184.73,0,0,28817.88
2023-03-20,S01,Garden,200,18.59,0,0,3718.0
2023-03-20,S01,Grocery,1308,4.62,0,0,6042.96
2023-03-20,S02,Clothing,912,33.21,0,0,30287.52
2023-03-20,S02,Electronics,409,192.05,0,0,78548.45
2023-03-20,S02,Garden,493,19.05,0,0,9391.65
2023-03-20,S02,Grocery,3062,4.69,0,0,14360.78
2023-03-20,S03,Clothing,915,32.27,0,0,29527.05
2023-03-20,S03,Electronics,302,181.84,0,0,54915.68
2023-03-20,S03,Garden,481,17.82,0,0,8571.42
2023-03-20,S03,Grocery,2569,4.46,0,0,11457.74
2023-03-20,S04,Clothing,705,30.78,0,0,21699.9
2023-03-20,S04,Electronics,268,172.23,0,0,46157.64
2023-03-20,S04,Garden,378,16.89,0,0,6384.42
2023-03-20,S04,Grocery,2095,4.24,0,0,8882.8
2023-03-20,S05,Clothing,799,28.35,1,0,22651.65
2023-03-20,S05,Electronics,228,180.45,0,0,41142.6
2023-03-20,S05,Garden,371,17.46,0,0,6477.66
2023-03-20,S05,Grocery,2289,4.07,1,0,9316.23
2023-03-20,S06,Clothing,1169,32.1,0,0,37524.9
2023-03-20,S06,Electronics,416,180.9,0,0,75254.4
2023-03-20,S06,Garden,553,18.21,0,0,10070.13
2023-03-20,S06,Grocery,2851,4.46,0,0,12715.46
2023-03-27,S01,Clothing,536,29.28,1,0,15694.08
2023-03-27,S01,Electronics,151,185.98,0,0,28082.98
2023-03-27,S01,Garden,209,18.68,0,0,3904.12
2023-03-27,S01,Grocery,1265,4.63,0,0,5856.95
2023-03-27,S02,Clothing,1000,33.54,0,0,33540.0
2023-03-27,S02,Electronics,344,188.33,0,0,64785.52
2023-03-27,S02,Garden,547,18.55,0,0,10146.85
2023-03-27,S02,Grocery,3080,4.68,0,0,14414.4
2023-03-27,S03,Clothing,937,32.49,0,0,30443.13
2023-03-27,S03,Electronics,301,178.54,0,0,53740.54
2023-03-27,S03,Garden,505,18.21,0,0,9196.05
2023-03-27,S03,Grocery,2236,4.53,0,0,10129.08
2023-03-27,S04,Clothing,825,30.42,0,0,25096.5
2023-03-27,S04,Electronics,239,170.51,0,0,40751.89
2023-03-27,S04,Garden,348,17.28,0,0,6013.44
2023-03-27,S04,Grocery,1808,4.38,0,0,7919.04
2023-03-27,S05,Clothing,735,31.43,0,0,23101.05
2023-03-27,S05,Electronics,233,177.93,0,0,41457.69
2023-03-27,S05,Garden,426,18.02,0,0,7676.52
2023-03-27,S05,Grocery,2208,4.47,0,0,9869.76
2023-03-27,S06,Clothing,1437,29.05,1,0,41744.85
2023-03-27,S06,Electronics,363,180.36,0,0,65470.68
2023-03-27,S06,Garden,672,18.02,0,0,12109.44
2023-03-27,S06,Grocery,2996,4.01,1,0,12013.96
2023-04-03,S01,Clothing,431,33.76,0,0,14550.56
2023-04-03,S01,Electronics,160,185.57,0,0,29691.2
2023-04-03,S01,Garden,262,18.46,0,0,4836.52
2023-04-03,S01,Grocery,1257,4.69,0,0,5895.33
2023-04-03,S02,Clothing,1089,33.46,0,0,36437.94
2023-04-03,S02,Electronics,362,186.5,0,0,67513.0
2023-04-03,S02,Garden,535,18.7,0,0,10004.5
2023-04-03,S02,Grocery,2862,4.61,0,0,13193.82
2023-04-03,S03,Clothing,1117,29.15,1,0,32560.55
2023-04-03,S03,Electronics,334,181.86,0,0,60741.24
2023-04-03,S03,Garden,603,18.02,0,0,10866.06
2023-04-03,S03,Grocery,2982,4.09,1,0,12196.38
2023-04-03,S04,Clothing,788,30.53,0,0,24057.64
2023-04-03,S04,Electronics,285,153.85,1,0,43847.25
2023-04-03,S04,Garden,412,16.96,0,0,6987.52
2023-04-03,S04,Grocery,1866,4.3,0,0,8023.8
2023-04-03,S05,Clothing,994,28.25,1,0,28080.5
2023-04-03,S05,Electronics,257,175.69,0,0,45152.33
2023-04-03,S05,Garden,479,17.63,0,0,8444.77
2023-04-03,S05,Grocery,2552,3.98,1,0,10156.96
2023-04-03,S06,Clothing,1141,31.72,0,0,36192.52
2023-04-03,S06,Electronics,360,178.88,0,0,64396.8
2023-04-03,S06,Garden,742,18.02,0,0,13370.84
2023-04-03,S06,Grocery,3226,4.1,1,0,13226.6
2023-04-10,S01,Clothing,416,32.69,0,0,13599.04
2023-04-10,S01,Electronics,162,183.99,0,0,29806.38
2023-04-10,S01,Garden,238,18.11,0,0,4310.18
2023-04-10,S01,Grocery,1386,4.14,1,0,5738.04
2023-04-10,S02,Clothing,1441,30.18,1,0,43489.38
2023-04-10,S02,Electronics,385,190.56,0,0,73365.6
2023-04-10,S02,Garden,520,18.72,0,0,9734.4
2023-04-10,S02,Grocery,3131,4.76,0,0,14903.56
2023-04-10,S03,Clothing,970,31.88,0,0,30923.6
2023-04-10,S03,Electronics,266,179.98,0,0,47874.68
2023-04-10,S03,Garden,628,18.45,0,0,11586.6
2023-04-10,S03,Grocery,2844,4.01,1,0,11404.44
2023-04-10,S04,Clothing,784,30.88,0,0,24209.92
2023-04-10,S04,Electronics,249,170.34,0,0,42414.66
2023-04-10,S04,Garden,587,15.44,1,0,9063.28
2023-04-10,S04,Grocery,1821,4.32,0,0,7866.72
2023-04-10,S05,Clothing,757,31.71,0,0,24004.47
2023-04-10,S05,Electronics,239,177.68,0,0,42465.52
2023-04-10,S05,Garden,492,17.83,0,0,8772.36
2023-04-10,S05,Grocery,2198,4.4,0,0,9671.2
2023-04-10,S06,Clothing,1181,31.93,0,0,37709.33
2023-04-10,S06,Electronics,379,181.34,0,0,68727.86
2023-04-10,S06,Garden,715,18.38,0,0,13141.7
2023-04-10,S06,Grocery,2573,4.57,0,0,11758.61
2023-04-17,S01,Clothing,450,32.86,0,0,14787.0
2023-04-17,S01,Electronics,162,186.58,0,0,30225.96
2023-04-17,S01,Garden,247,18.6,0,0,4594.2
2023-04-17,S01,Grocery,1360,4.57,0,0,6215.2
2023-04-17,S02,Clothing,1362,30.27,1,0,41227.74
2023-04-17,S02,Electronics,365,189.43,0,0,69141.95
2023-04-17,S02,Garden,618,18.78,0,0,11606.04
2023-04-17,S02,Grocery,3103,4.69,0,0,14553.07
2023-04-17,S03,Clothing,1011,32.07,0,0,32422.77
2023-04-17,S03,Electronics,331,179.47,0,0,59404.57
2023-04-17,S03,Garden,773,16.15,1,0,12483.95
2023-04-17,S03,Grocery,2415,4.53,0,0,10939.95
2023-04-17,S04,Clothing,771,30.44,0,0,23469.24
2023-04-17,S04,Electronics,230,172.96,0,0,39780.8
2023-04-17,S04,Garden,485,17.37,0,0,8424.45
2023-04-17,S04,Grocery,2084,4.29,0,0,8940.36
2023-04-17,S05,Clothing,962,28.48,1,0,27397.76
2023-04-17,S05,Electronics,212,177.9,0,0,37714.8
2023-04-17,S05,Garden,519,17.69,0,0,9181.11
2023-04-17,S05,Grocery,2175,4.49,0,0,9765.75
2023-04-17,S06,Clothing,1210,32.04,0,0,38768.4
2023-04-17,S06,Electronics,399,179.87,0,0,71768.13
2023-04-17,S06,Garden,710,18.25,0,0,12957.5
2023-04-17,S06,Grocery,3395,4.04,1,0,13715.8
2023-04-24,S01,Clothing,522,32.41,0,0,16918.02
2023-04-24,S01,Electronics,154,186.6,0,0,28736.4
2023-04-24,S01,Garden,275,18.16,0,0,4994.0
2023-04-24,S01,Grocery,1162,4.6,0,0,5345.2
2023-04-24,S02,Clothing,1016,33.26,0,0,33792.16
2023-04-24,S02,Electronics,320,189.61,0,0,60675.2
2023-04-24,S02,Garden,664,18.52,0,0,12297.28
2023-04-24,S02,Grocery,3552,4.27,1,0,15167.04
2023-04-24,S03,Clothing,964,31.76,0,0,30616.64
2023-04-24,S03,Electronics,270,178.78,0,0,48270.6
2023-04-24,S03,Garden,630,18.36,0,0,11566.8
2023-04-24,S03,Grocery,2646,4.48,0,0,11854.08
2023-04-24,S04,Clothing,822,30.01,0,0,24668.22
2023-04-24,S04,Electronics,243,168.79,0,0,41015.97
2023-04-24,S04,Garden,481,17.26,0,0,8302.06
2023-04-24,S04,Grocery,1806,4.23,0,0,7639.38
2023-04-24,S05,Clothing,789,31.69,0,0,25003.41
2023-04-24,S05,Electronics,216,176.01,0,0,38018.16
2023-04-24,S05,Garden,536,17.63,0,0,9449.68
2023-04-24,S05,Grocery,2032,4.4,0,0,8940.8
2023-04-24,S06,Clothing,1289,31.74,0,0,40912.86
2023-04-24,S06,Electronics,437,161.81,1,0,70710.97
2023-04-24,S06,Garden,761,18.25,0,0,13888.25
2023-04-24,S06,Grocery,2572,4.48,0,0,11522.56
2023-05-01,S01,Clothing,394,33.4,0,0,13159.6
2023-05-01,S01,Electronics,139,185.04,0,0,25720.56
2023-05-01,S01,Garden,285,18.53,0,0,5281.05
2023-05-01,S01,Grocery,1039,4.64,0,0,4820.96
2023-05-01,S02,Clothing,992,33.96,0,0,33688.32
2023-05-01,S02,Electronics,353,190.49,0,0,67242.97
2023-05-01,S02,Garden,684,18.94,0,0,12954.96
2023-05-01,S02,Grocery,2696,4.82,0,0,12994.72
2023-05-01,S03,Clothing,953,31.69,0,0,30200.57
2023-05-01,S03,Electronics,312,179.05,0,0,55863.6
2023-05-01,S03,Garden,684,17.98,0,0,12298.32
2023-05-01,S03,Grocery,2698,4.5,0,0,12141.0
2023-05-01,S04,Clothing,679,30.21,0,0,20512.59
2023-05-01,S04,Electronics,223,170.43,0,0,38005.89
2023-05-01,S04,Garden,499,16.93,0,0,8448.07
2023-05-01,S04,Grocery,1959,4.3,0,0,8423.7
2023-05-01,S05,Clothing,862,28.51,1,0,24575.62
2023-05-01,S05,Electronics,213,178.45,0,0,38009.85
2023-05-01,S05,Garden,565,18.02,0,0,10181.3
2023-05-01,S05,Grocery,2179,4.4,0,0,9587.6
2023-05-01,S06,Clothing,1628,28.69,1,0,46707.32
2023-05-01,S06,Electronics,341,179.25,0,0,61124.25
2023-05-01,S06,Garden,780,17.81,0,0,13891.8
2023-05-01,S06,Grocery,3161,4.46,0,0,14098.06
2023-05-08,S01,Clothing,447,33.2,0,0,14840.4
2023-05-08,S01,Electronics,141,186.48,0,0,26293.68
2023-05-08,S01,Garden,281,18.31,0,0,5145.11
2023-05-08,S01,Grocery,1285,4.55,0,0,5846.75
2023-05-08,S02,Clothing,1351,30.04,1,0,40584.04
2023-05-08,S02,Electronics,295,187.02,0,0,55170.9
2023-05-08,S02,Garden,703,18.95,0,0,13321.85
2023-05-08,S02,Grocery,3101,4.69,0,0,14543.69
2023-05-08,S03,Clothing,968,31.64,0,0,30627.52
2023-05-08,S03,Electronics,318,164.87,1,0,52428.66
2023-05-08,S03,Garden,686,18.25,0,0,12519.5
2023-05-08,S03,Grocery,2266,4.57,0,0,10355.62
2023-05-08,S04,Clothing,919,27.55,1,0,25318.45
2023-05-08,S04,Electronics,237,168.97,0,0,40045.89
2023-05-08,S04,Garden,568,17.1,0,0,9712.8
2023-05-08,S04,Grocery,1999,4.32,0,0,8635.68
2023-05-08,S05,Clothing,730,31.6,0,0,23068.0
2023-05-08,S05,Electronics,267,161.64,1,0,43157.88
2023-05-08,S05,Garden,651,16.31,1,0,10617.81
2023-05-08,S05,Grocery,2028,4.41,0,0,8943.48
2023-05-08,S06,Clothing,1371,31.72,0,0,43488.12
2023-05-08,S06,Electronics,394,164.27,1,0,64722.38
2023-05-08,S06,Garden,811,18.34,0,0,14873.74
2023-05-08,S06,Grocery,2681,4.49,0,0,12037.69
2023-05-15,S01,Clothing,417,32.93,0,0,13731.81
2023-05-15,S01,Electronics,168,166.68,1,0,28002.24
2023-05-15,S01,Garden,301,18.26,0,0,5496.26
2023-05-15,S01,Grocery,1131,4.65,0,0,5259.15
2023-05-15,S02,Clothing,953,33.32,0,0,31753.96
2023-05-15,S02,Electronics,326,188.01,0,0,61291.26
2023-05-15,S02,Garden,692,18.92,0,0,13092.64
2023-05-15,S02,Grocery,2801,4.69,0,0,13136.69
2023-05-15,S03,Clothing,974,31.87,0,0,31041.38
2023-05-15,S03,Electronics,307,180.61,0,0,55447.27
2023-05-15,S03,Garden,697,18.31,0,0,12762.07
2023-05-15,S03,Grocery,2448,4.54,0,0,11113.92
2023-05-15,S04,Clothing,694,30.04,0,0,20847.76
2023-05-15,S04,Electronics,225,172.89,0,0,38900.25
2023-05-15,S04,Garden,445,16.96,0,0,7547.2
2023-05-15,S04,Grocery,1863,4.33,0,0,8066.79
2023-05-15,S05,Clothing,781,31.3,0,0,24445.3
2023-05-15,S05,Electronics,189,178.32,0,0,33702.48
2023-05-15,S05,Garden,580,17.75,0,0,10295.0
2023-05-15,S05,Grocery,2029,4.45,0,0,9029.05
2023-05-15,S06,Clothing,1274,32.04,0,0,40818.96
2023-05-15,S06,Electronics,369,178.22,0,0,65763.18
2023-05-15,S06,Garden,889,17.94,0,0,15948.66
2023-05-15,S06,Grocery,3098,4.46,0,0,13817.08
2023-05-22,S01,Clothing,449,32.39,0,0,14543.11
2023-05-22,S01,Electronics,136,183.66,0,0,24977.76
2023-05-22,S01,Garden,339,18.39,0,0,6234.21
2023-05-22,S01,Grocery,1167,4.59,0,0,5356.53
2023-05-22,S02,Clothing,1223,30.26,1,0,37007.98
2023-05-22,S02,Electronics,391,169.13,1,0,66129.83
2023-05-22,S02,Garden,692,18.66,0,0,12912.72
2023-05-22,S02,Grocery,2824,4.71,0,0,13301.04
2023-05-22,S03,Clothing,871,32.09,0,0,27950.39
2023-05-22,S03,Electronics,346,180.37,0,0,62408.02
2023-05-22,S03,Garden,739,17.82,0,0,13168.98
2023-05-22,S03,Grocery,2445,4.54,0,0,11100.3
2023-05-22,S04,Clothing,707,30.52,0,0,21577.64
2023-05-22,S04,Electronics,267,152.16,1,0,40626.72
2023-05-22,S04,Garden,624,15.23,1,0,9503.52
2023-05-22,S04,Grocery,1726,4.3,0,0,7421.8
2023-05-22,S05,Clothing,756,31.4,0,0,23738.4
2023-05-22,S05,Electronics,200,176.93,0,0,35386.0
2023-05-22,S05,Garden,608,17.85,0,0,10852.8
2023-05-22,S05,Grocery,2011,4.48,0,0,9009.28
2023-05-22,S06,Clothing,1246,31.49,0,0,39236.54
2023-05-22,S06,Electronics,370,161.03,1,0,59581.1
2023-05-22,S06,Garden,894,17.91,0,0,16011.54
2023-05-22,S06,Grocery,2723,4.48,0,0,12199.04
2023-05-29,S01,Clothing,517,29.61,1,0,15308.37
2023-05-29,S01,Electronics,135,185.99,0,0,25108.65
2023-05-29,S01,Garden,307,18.44,0,0,5661.08
2023-05-29,S01,Grocery,1251,4.67,0,0,5842.17
2023-05-29,S02,Clothing,1094,32.85,0,0,35937.9
2023-05-29,S02,Electronics,326,185.82,0,0,60577.32
2023-05-29,S02,Garden,869,16.96,1,0,14738.24
2023-05-29,S02,Grocery,2740,4.75,0,0,13015.0
2023-05-29,S03,Clothing,985,31.4,0,0,30929.0
2023-05-29,S03,Electronics,248,179.58,0,0,44535.84
2023-05-29,S03,Garden,722,17.92,0,0,12938.24
2023-05-29,S03,Grocery,2415,4.59,0,0,11084.85
2023-05-29,S04,Clothing,749,30.18,0,0,22604.82
2023-05-29,S04,Electronics,212,172.23,0,0,36512.76
2023-05-29,S04,Garden,566,17.24,0,0,9757.84
2023-05-29,S04,Grocery,1723,4.21,0,0,7253.83
2023-05-29,S05,Clothing,838,31.5,0,0,26397.0
2023-05-29,S05,Electronics,225,177.63,0,0,39966.75
2023-05-29,S05,Garden,687,17.8,0,0,12228.6
2023-05-29,S05,Grocery,2217,4.5,0,0,9976.5
2023-05-29,S06,Clothing,1181,32.09,0,0,37898.29
2023-05-29,S06,Electronics,320,177.28,0,0,56729.6
2023-05-29,S06,Garden,955,17.56,0,0,16769.8
2023-05-29,S06,Grocery,2528,4.51,0,0,11401.28
2023-06-05,S01,Clothing,444,32.47,0,0,14416.68
2023-06-05,S01,Electronics,141,184.9,0,0,26070.9
2023-06-05,S01,Garden,302,18.35,0,0,5541.7
2023-06-05,S01,Grocery,1049,4.51,0,0,4730.99
2023-06-05,S02,Clothing,1056,33.2,0,0,35059.2
2023-06-05,S02,Electronics,316,187.75,0,0,59329.0
2023-06-05,S02,Garden,776,18.66,0,0,14480.16
2023-06-05,S02,Grocery,2647,4.68,0,0,12387.96
2023-06-05,S03,Clothing,920,32.0,0,0,29440.0
2023-06-05,S03,Electronics,358,166.02,1,0,59435.16
2023-06-05,S03,Garden,766,17.82,0,0,13650.12
2023-06-05,S03,Grocery,2413,4.47,0,0,10786.11
2023-06-05,S04,Clothing,907,28.0,1,0,25396.0
2023-06-05,S04,Electronics,219,175.0,0,0,38325.0
2023-06-05,S04,Garden,537,17.31,0,0,9295.47
2023-06-05,S04,Grocery,1966,4.24,0,0,8335.84
2023-06-05,S05,Clothing,777,32.28,0,0,25081.56
2023-06-05,S05,Electronics,251,160.1,1,0,40185.1
2023-06-05,S05,Garden,636,18.1,0,0,11511.6
2023-06-05,S05,Grocery,2034,4.49,0,0,9132.66
2023-06-05,S06,Clothing,1116,32.01,0,0,35723.16
2023-06-05,S06,Electronics,309,180.8,0,0,55867.2
2023-06-05,S06,Garden,936,18.01,0,0,16857.36
2023-06-05,S06,Grocery,3435,4.02,1,0,13808.7
2023-06-12,S01,Clothing,448,33.32,0,0,14927.36
2023-06-12,S01,Electronics,134,184.7,0,0,24749.8
2023-06-12,S01,Garden,352,18.58,0,0,6540.16
2023-06-12,S01,Grocery,1070,4.58,0,0,4900.6
2023-06-12,S02,Clothing,1000,33.79,0,0,33790.0
2023-06-12,S02,Electronics,344,190.76,0,0,65621.44
2023-06-12,S02,Garden,742,18.76,0,0,13919.92
2023-06-12,S02,Grocery,2555,4.68,0,0,11957.4
2023-06-12,S03,Clothing,1005,32.5,0,0,32662.5
2023-06-12,S03,Electronics,255,182.41,0,0,46514.55
2023-06-12,S03,Garden,774,17.78,0,0,13761.72
2023-06-12,S03,Grocery,2397,4.46,0,0,10690.62
2023-06-12,S04,Clothing,796,28.14,1,0,22399.44
2023-06-12,S04,Electronics,233,175.05,0,0,40786.65
2023-06-12,S04,Garden,598,17.29,0,0,10339.42
2023-06-12,S04,Grocery,2206,3.95,1,0,8713.7
2023-06-12,S05,Clothing,704,31.2,0,0,21964.8
2023-06-12,S05,Electronics,206,178.28,0,0,36725.68
2023-06-12,S05,Garden,641,17.41,0,0,11159.81
2023-06-12,S05,Grocery,2244,4.45,0,0,9985.8
2023-06-12,S06,Clothing,1131,31.85,0,0,36022.35
2023-06-12,S06,Electronics,315,178.45,0,0,56211.75
2023-06-12,S06,Garden,881,17.76,0,0,15646.56
2023-06-12,S06,Grocery,3013,4.48,0,0,13498.24
2023-06-19,S01,Clothing,415,33.1,0,0,13736.5
2023-06-19,S01,Electronics,158,168.68,1,0,26651.44
2023-06-19,S01,Garden,345,18.39,0,0,6344.55
2023-06-19,S01,Grocery,1327,4.09,1,0,5427.43
2023-06-19,S02,Clothing,1030,32.88,0,0,33866.4
2023-06-19,S02,Electronics,347,188.69,0,0,65475.43
2023-06-19,S02,Garden,827,19.23,0,0,15903.21
2023-06-19,S02,Grocery,2898,4.76,0,0,13794.48
2023-06-19,S03,Clothing,948,32.37,0,0,30686.76
2023-06-19,S03,Electronics,293,178.76,0,0,52376.68
2023-06-19,S03,Garden,801,18.13,0,0,14522.13
2023-06-19,S03,Grocery,2604,4.47,0,0,11639.88
2023-06-19,S04,Clothing,671,30.28,0,0,20317.88
2023-06-19,S04,Electronics,217,169.06,0,0,36686.02
2023-06-19,S04,Garden,559,17.32,0,0,9681.88
2023-06-19,S04,Grocery,1910,4.26,0,0,8136.6
2023-06-19,S05,Clothing,749,31.49,0,0,23586.01
2023-06-19,S05,Electronics,210,179.87,0,0,37772.7
2023-06-19,S05,Garden,649,17.86,0,0,11591.14
2023-06-19,S05,Grocery,2300,4.49,0,0,10327.0
2023-06-19,S06,Clothing,1102,32.05,0,0,35319.1
2023-06-19,S06,Electronics,326,178.66,0,0,58243.16
2023-06-19,S06,Garden,1161,16.22,1,0,18831.42
2023-06-19,S06,Grocery,2623,4.48,0,0,11751.04
2023-06-26,S01,Clothing,430,32.87,0,0,14134.1
2023-06-26,S01,Electronics,133,180.17,0,0,23962.61
2023-06-26,S01,Garden,325,18.65,0,0,6061.25
2023-06-26,S01,Grocery,1386,4.12,1,0,5710.32
2023-06-26,S02,Clothing,985,33.84,0,0,33332.4
2023-06-26,S02,Electronics,358,185.71,0,0,66484.18
2023-06-26,S02,Garden,738,18.84,0,0,13903.92
2023-06-26,S02,Grocery,2663,4.72,0,0,12569.36
2023-06-26,S03,Clothing,962,31.82,0,0,30610.84
2023-06-26,S03,Electronics,285,179.56,0,0,51174.6
2023-06-26,S03,Garden,747,17.97,0,0,13423.59
2023-06-26,S03,Grocery,2516,4.49,0,0,11296.84
2023-06-26,S04,Clothing,682,30.69,0,0,20930.58
2023-06-26,S04,Electronics,227,172.69,0,0,39200.63
2023-06-26,S04,Garden,567,17.22,0,0,9763.74
2023-06-26,S04,Grocery,1880,4.37,0,0,8215.6
2023-06-26,S05,Clothing,716,31.66,0,0,22668.56
2023-06-26,S05,Electronics,240,178.38,0,0,42811.2
2023-06-26,S05,Garden,640,17.66,0,0,11302.4
2023-06-26,S05,Grocery,1978,4.42,0,0,8742.76
2023-06-26,S06,Clothing,966,31.79,0,0,30709.14
2023-06-26,S06,Electronics,343,178.57,0,0,61249.51
2023-06-26,S06,Garden,910,17.74,0,0,16143.4
2023-06-26,S06,Grocery,2717,4.47,0,0,12144.99
2023-07-03,S01,Clothing,341,32.04,0,0,10925.64
2023-07-03,S01,Electronics,169,163.87,1,0,27694.03
2023-07-03,S01,Garden,307,18.52,0,0,5685.64
2023-07-03,S01,Grocery,1187,4.63,0,0,5495.81
2023-07-03,S02,Clothing,910,33.97,0,0,30912.7
2023-07-03,S02,Electronics,353,185.32,0,0,65417.96
2023-07-03,S02,Garden,751,18.6,0,0,13968.6
2023-07-03,S02,Grocery,3359,4.61,0,0,15484.99
2023-07-03,S03,Clothing,825,31.56,0,0,26037.0
2023-07-03,S03,Electronics,294,179.67,0,0,52822.98
2023-07-03,S03,Garden,810,18.02,0,0,14596.2
2023-07-03,S03,Grocery,2213,4.4,0,0,9737.2
2023-07-03,S04,Clothing,655,30.31,0,0,19853.05
2023-07-03,S04,Electronics,223,170.47,0,0,38014.81
2023-07-03,S04,Garden,642,15.45,1,0,9918.9
2023-07-03,S04,Grocery,1912,4.26,0,0,8145.12
2023-07-03,S05,Clothing,743,31.53,0,0,23426.79
2023-07-03,S05,Electronics,212,175.4,0,0,37184.8
2023-07-03,S05,Garden,632,17.37,0,0,10977.84
2023-07-03,S05,Grocery,1738,4.37,0,0,7595.06
2023-07-03,S06,Clothing,1037,31.7,0,0,32872.9
2023-07-03,S06,Electronics,328,179.61,0,0,58912.08
2023-07-03,S06,Garden,931,18.27,0,0,17009.37
2023-07-03,S06,Grocery,2629,4.47,0,0,11751.63
2023-07-10,S01,Clothing,481,29.26,1,0,14074.06
2023-07-10,S01,Electronics,171,164.26,1,0,28088.46
2023-07-10,S01,Garden,321,18.34,0,0,5887.14
2023-07-10,S01,Grocery,1196,4.61,0,0,5513.56
2023-07-10,S02,Clothing,1300,30.01,1,0,39013.0
2023-07-10,S02,Electronics,362,191.38,0,0,69279.56
2023-07-10,S02,Garden,959,16.97,1,0,16274.23
2023-07-10,S02,Grocery,2625,4.65,0,0,12206.25
2023-07-10,S03,Clothing,1057,28.94,1,0,30589.58
2023-07-10,S03,Electronics,280,180.32,0,0,50489.6
2023-07-10,S03,Garden,732,18.11,0,0,13256.52
2023-07-10,S03,Grocery,2479,4.49,0,0,11130.71
2023-07-10,S04,Clothing,814,27.46,1,0,22352.44
2023-07-10,S04,Electronics,227,170.12,0,0,38617.24
2023-07-10,S04,Garden,543,17.03,0,0,9247.29
2023-07-10,S04,Grocery,1927,4.3,0,0,8286.1
2023-07-10,S05,Clothing,650,31.97,0,0,20780.5
2023-07-10,S05,Electronics,230,176.9,0,0,40687.0
2023-07-10,S05,Garden,654,17.73,0,0,11595.42
2023-07-10,S05,Grocery,2781,3.98,1,0,11068.38
2023-07-10,S06,Clothing,1183,32.08,0,0,37950.64
2023-07-10,S06,Electronics,361,177.25,0,0,63987.25
2023-07-10,S06,Garden,1044,18.05,0,0,18844.2
2023-07-10,S06,Grocery,2762,4.52,0,0,12484.24
2023-07-17,S01,Clothing,382,33.06,0,0,12628.92
2023-07-17,S01,Electronics,145,184.03,0,0,26684.35
2023-07-17,S01,Garden,332,18.31,0,0,6078.92
2023-07-17,S01,Grocery,1182,4.61,0,0,5449.02
2023-07-17,S02,Clothing,887,33.56,0,0,29767.72
2023-07-17,S02,Electronics,361,188.08,0,0,67896.88
2023-07-17,S02,Garden,809,18.57,0,0,15023.13
2023-07-17,S02,Grocery,2606,4.78,0,0,12456.68
2023-07-17,S03,Clothing,944,28.14,1,0,26564.16
2023-07-17,S03,Electronics,316,178.79,0,0,56497.64
2023-07-17,S03,Garden,740,17.67,0,0,13075.8
2023-07-17,S03,Grocery,2898,4.03,1,0,11678.94
2023-07-17,S04,Clothing,774,31.16,0,0,24117.84
2023-07-17,S04,Electronics,321,154.78,1,0,49684.38
2023-07-17,S04,Garden,538,17.14,0,0,9221.32
2023-07-17,S04,Grocery,1777,4.33,0,0,7694.41
2023-07-17,S05,Clothing,660,31.53,0,0,20809.8
2023-07-17,S05,Electronics,212,178.19,0,0,37776.28
2023-07-17,S05,Garden,708,16.31,1,0,11547.48
2023-07-17,S05,Grocery,2039,4.41,0,0,8991.99
2023-07-17,S06,Clothing,1070,32.1,0,0,34347.0
2023-07-17,S06,Electronics,359,175.47,0,0,62993.73
2023-07-17,S06,Garden,1045,18.36,0,0,19186.2
2023-07-17,S06,Grocery,2808,4.41,0,0,12383.28
2023-07-24,S01,Clothing,387,33.23,0,0,12860.01
2023-07-24,S01,Electronics,181,165.81,1,0,30011.61
2023-07-24,S01,Garden,352,18.17,0,0,6395.84
2023-07-24,S01,Grocery,1072,4.61,0,0,4941.92
2023-07-24,S02,Clothing,923,33.84,0,0,31234.32
2023-07-24,S02,Electronics,358,187.03,0,0,66956.74
2023-07-24,S02,Garden,742,18.6,0,0,13801.2
2023-07-24,S02,Grocery,2908,4.73,0,0,13754.84
2023-07-24,S03,Clothing,971,29.13,1,0,28285.23
2023-07-24,S03,Electronics,282,180.85,0,0,50999.7
2023-07-24,S03,Garden,732,18.24,0,0,13351.68
2023-07-24,S03,Grocery,2424,4.54,0,0,11004.96
2023-07-24,S04,Clothing,628,30.47,0,0,19135.16
2023-07-24,S04,Electronics,252,174.29,0,0,43921.08
2023-07-24,S04,Garden,557,16.99,0,0,9463.43
2023-07-24,S04,Grocery,2137,3.84,1,0,8206.08
2023-07-24,S05,Clothing,631,31.55,0,0,19908.05
2023-07-24,S05,Electronics,220,179.9,0,0,39578.0
2023-07-24,S05,Garden,626,17.67,0,0,11061.42
2023-07-24,S05,Grocery,2379,3.98,1,0,9468.42
2023-07-24,S06,Clothing,995,31.75,0,0,31591.25
2023-07-24,S06,Electronics,529,162.29,1,0,85851.41
2023-07-24,S06,Garden,964,17.77,0,0,17130.28
2023-07-24,S06,Grocery,2741,4.56,0,0,12498.96
2023-07-31,S01,Clothing,328,33.2,0,0,10889.6
2023-07-31,S01,Electronics,145,181.92,0,0,26378.4
2023-07-31,S01,Garden,303,18.52,0,0,5611.56
2023-07-31,S01,Grocery,1020,4.63,0,0,4722.6
2023-07-31,S02,Clothing,740,33.31,0,0,24649.4
2023-07-31,S02,Electronics,446,168.96,1,0,75356.16
2023-07-31,S02,Garden,757,18.63,0,0,14102.91
2023-07-31,S02,Grocery,3104,4.67,0,0,14495.68
2023-07-31,S03,Clothing,848,31.94,0,0,27085.12
2023-07-31,S03,Electronics,338,182.67,0,0,61742.46
2023-07-31,S03,Garden,696,17.94,0,0,12486.24
2023-07-31,S03,Grocery,2557,4.52,0,0,11557.64
2023-07-31,S04,Clothing,569,30.52,0,0,17365.88
2023-07-31,S04,Electronics,278,155.89,1,0,43337.42
2023-07-31,S04,Garden,574,15.36,1,0,8816.64
2023-07-31,S04,Grocery,1977,4.37,0,0,8639.49
2023-07-31,S05,Clothing,721,28.7,1,0,20692.7
2023-07-31,S05,Electronics,229,180.21,0,0,41268.09
2023-07-31,S05,Garden,663,16.14,1,0,10700.82
2023-07-31,S05,Grocery,2025,4.4,0,0,8910.0
2023-07-31,S06,Clothing,1215,28.55,1,0,34688.25
2023-07-31,S06,Electronics,342,175.71,0,0,60092.82
2023-07-31,S06,Garden,907,18.23,0,0,16534.61
2023-07-31,S06,Grocery,2521,4.49,0,0,11319.29
2023-08-07,S01,Clothing,326,32.31,0,0,10533.06
2023-08-07,S01,Electronics,159,182.88,0,0,29077.92
2023-08-07,S01,Garden,314,18.4,0,0,5777.6
2023-08-07,S01,Grocery,1181,4.57,0,0,5397.17
2023-08-07,S02,Clothing,897,33.76,0,0,30282.72
2023-08-07,S02,Electronics,364,185.46,0,0,67507.44
2023-08-07,S02,Garden,735,18.74,0,0,13773.9
2023-08-07,S02,Grocery,2856,4.7,0,0,13423.2
2023-08-07,S03,Clothing,835,32.6,0,0,27221.0
2023-08-07,S03,Electronics,314,177.69,0,0,55794.66
2023-08-07,S03,Garden,772,18.1,0,0,13973.2
2023-08-07,S03,Grocery,2877,4.03,1,0,11594.31
2023-08-07,S04,Clothing,534,30.32,0,0,16190.88
2023-08-07,S04,Electronics,248,170.94,0,0,42393.12
2023-08-07,S04,Garden,680,15.51,1,0,10546.8
2023-08-07,S04,Grocery,1832,4.31,0,0,7895.92
2023-08-07,S05,Clothing,701,28.98,1,0,20314.98
2023-08-07,S05,Electronics,223,181.05,0,0,40374.15
2023-08-07,S05,Garden,611,18.0,0,0,10998.0
2023-08-07,S05,Grocery,2056,4.43,0,0,9108.08
2023-08-07,S06,Clothing,853,31.85,0,0,27168.05
2023-08-07,S06,Electronics,479,162.93,1,0,78043.47
2023-08-07,S06,Garden,812,17.63,0,0,14315.56
2023-08-07,S06,Grocery,2728,4.51,0,0,12303.28
2023-08-14,S01,Clothing,335,32.93,0,0,11031.55
2023-08-14,S01,Electronics,159,183.11,0,0,29114.49
2023-08-14,S01,Garden,358,16.23,1,0,5810.34
2023-08-14,S01,Grocery,1150,4.65,0,0,5347.5
2023-08-14,S02,Clothing,880,33.24,0,0,29251.2
2023-08-14,S02,Electronics,422,171.83,1,0,72512.26
2023-08-14,S02,Garden,601,19.0,0,0,11419.0
2023-08-14,S02,Grocery,2960,4.71,0,0,13941.6
2023-08-14,S03,Clothing,691,31.46,0,0,21738.86
2023-08-14,S03,Electronics,303,178.03,0,0,53943.09
2023-08-14,S03,Garden,667,18.12,0,0,12086.04
2023-08-14,S03,Grocery,2809,4.08,1,0,11460.72
2023-08-14,S04,Clothing,549,30.96,0,0,16997.04
2023-08-14,S04,Electronics,241,173.39,0,0,41786.99
2023-08-14,S04,Garden,534,17.2,0,0,9184.8
2023-08-14,S04,Grocery,1622,4.32,0,0,7007.04
2023-08-14,S05,Clothing,743,28.86,1,0,21442.98
2023-08-14,S05,Electronics,237,178.13,0,0,42216.81
2023-08-14,S05,Garden,612,17.79,0,0,10887.48
2023-08-14,S05,Grocery,2291,4.47,0,0,10240.77
2023-08-14,S06,Clothing,946,31.73,0,0,30016.58
2023-08-14,S06,Electronics,402,182.3,0,0,73284.6
2023-08-14,S06,Garden,869,17.99,0,0,15633.31
2023-08-14,S06,Grocery,2962,4.52,0,0,13388.24
2023-08-21,S01,Clothing,322,33.17,0,0,10680.74
2023-08-21,S01,Electronics,167,170.32,1,0,28443.44
2023-08-21,S01,Garden,258,18.37,0,0,4739.46
2023-08-21,S01,Grocery,1223,4.65,0,0,5686.95
2023-08-21,S02,Clothing,783,33.31,0,0,26081.73
2023-08-21,S02,Electronics,366,187.51,0,0,68628.66
2023-08-21,S02,Garden,651,18.93,0,0,12323.43
2023-08-21,S02,Grocery,2575,4.74,0,0,12205.5
2023-08-21,S03,Clothing,699,32.3,0,0,22577.7
2023-08-21,S03,Electronics,372,179.19,0,0,66658.68
2023-08-21,S03,Garden,658,18.25,0,0,12008.5
2023-08-21,S03,Grocery,2445,4.53,0,0,11075.85
2023-08-21,S04,Clothing,513,29.61,0,0,15189.93
2023-08-21,S04,Electronics,255,168.31,0,0,42919.05
2023-08-21,S04,Garden,604,15.97,1,0,9645.88
2023-08-21,S04,Grocery,2000,4.29,0,0,8580.0
2023-08-21,S05,Clothing,695,28.42,1,0,19751.9
2023-08-21,S05,Electronics,259,179.25,0,0,46425.75
2023-08-21,S05,Garden,566,17.81,0,0,10080.46
2023-08-21,S05,Grocery,2152,4.52,0,0,9727.04
2023-08-21,S06,Clothing,975,32.4,0,0,31590.0
2023-08-21,S06,Electronics,383,179.2,0,0,68633.6
2023-08-21,S06,Garden,793,17.84,0,0,14147.12
2023-08-21,S06,Grocery,2821,4.46,0,0,12581.66
2023-08-28,S01,Clothing,318,32.29,0,0,10268.22
2023-08-28,S01,Electronics,202,169.23,1,0,34184.46
2023-08-28,S01,Garden,306,18.3,0,0,5599.8
2023-08-28,S01,Grocery,1249,4.64,0,0,5795.36
2023-08-28,S02,Clothing,784,33.2,0,0,26028.8
2023-08-28,S02,Electronics,391,190.82,0,0,74610.62
2023-08-28,S02,Garden,662,18.92,0,0,12525.04
2023-08-28,S02,Grocery,2779,4.64,0,0,12894.56
2023-08-28,S03,Clothing,694,31.98,0,0,22194.12
2023-08-28,S03,Electronics,345,179.27,0,0,61848.15
2023-08-28,S03,Garden,887,16.19,1,0,14360.53
2023-08-28,S03,Grocery,2163,4.47,0,0,9668.61
2023-08-28,S04,Clothing,542,30.47,0,0,16514.74
2023-08-28,S04,Electronics,269,170.88,0,0,45966.72
2023-08-28,S04,Garden,449,16.99,0,0,7628.51
2023-08-28,S04,Grocery,1819,4.33,0,0,7876.27
2023-08-28,S05,Clothing,590,31.61,0,0,18649.9
2023-08-28,S05,Electronics,311,157.78,1,0,49069.58
2023-08-28,S05,Garden,490,17.48,0,0,8565.2
2023-08-28,S05,Grocery,2661,3.93,1,0,10457.73
2023-08-28,S06,Clothing,870,32.01,0,0,27848.7
2023-08-28,S06,Electronics,421,181.83,0,0,76550.43
2023-08-28,S06,Garden,886,17.87,0,0,15832.82
2023-08-28,S06,Grocery,2818,4.45,0,0,12540.1
2023-09-04,S01,Clothing,369,29.55,1,0,10903.95
2023-09-04,S01,Electronics,163,183.94,0,0,29982.22
2023-09-04,S01,Garden,288,16.88,1,0,4861.44
2023-09-04,S01,Grocery,1215,4.64,0,0,5637.6
2023-09-04,S02,Clothing,762,33.58,0,0,25587.96
2023-09-04,S02,Electronics,474,169.51,1,0,80347.74
2023-09-04,S02,Garden,625,18.62,0,0,11637.5
2023-09-04,S02,Grocery,2731,4.67,0,0,12753.77
2023-09-04,S03,Clothing,893,28.71,1,0,25638.03
2023-09-04,S03,Electronics,398,183.66,0,0,73096.68
2023-09-04,S03,Garden,615,17.62,0,0,10836.3
2023-09-04,S03,Grocery,2445,4.48,0,0,10953.6
2023-09-04,S04,Clothing,526,30.59,0,0,16090.34
2023-09-04,S04,Electronics,285,170.75,0,0,48663.75
2023-09-04,S04,Garden,417,17.2,0,0,7172.4
2023-09-04,S04,Grocery,2003,4.37,0,0,8753.11
2023-09-04,S05,Clothing,531,31.64,0,0,16800.84
2023-09-04,S05,Electronics,258,178.66,0,0,46094.28
2023-09-04,S05,Garden,551,17.66,0,0,9730.66
2023-09-04,S05,Grocery,2768,3.95,1,0,10933.6
2023-09-04,S06,Clothing,765,31.92,0,0,24418.8
2023-09-04,S06,Electronics,449,179.46,0,0,80577.54
2023-09-04,S06,Garden,701,17.86,0,0,12519.86
2023-09-04,S06,Grocery,2735,4.44,0,0,12143.4
2023-09-11,S01,Clothing,266,32.93,0,0,8759.38
2023-09-11,S01,Electronics,182,165.63,1,0,30144.66
2023-09-11,S01,Garden,270,18.16,0,0,4903.2
2023-09-11,S01,Grocery,1269,4.63,0,0,5875.47
2023-09-11,S02,Clothing,690,33.85,0,0,23356.5
2023-09-11,S02,Electronics,557,171.84,1,0,95714.88
2023-09-11,S02,Garden,620,18.72,0,0,11606.4
2023-09-11,S02,Grocery,2616,4.72,0,0,12347.52
2023-09-11,S03,Clothing,593,31.57,0,0,18721.01
2023-09-11,S03,Electronics,482,163.67,1,0,78888.94
2023-09-11,S03,Garden,687,16.21,1,0,11136.27
2023-09-11,S03,Grocery,2376,4.4,0,0,10454.4
2023-09-11,S04,Clothing,485,30.41,0,0,14748.85
2023-09-11,S04,Electronics,290,172.31,0,0,49969.9
2023-09-11,S04,Garden,442,16.97,0,0,7500.74
2023-09-11,S04,Grocery,2131,4.3,0,0,9163.3
2023-09-11,S05,Clothing,504,31.67,0,0,15961.68
2023-09-11,S05,Electronics,276,175.98,0,0,48570.48
2023-09-11,S05,Garden,513,17.95,0,0,9208.35
2023-09-11,S05,Grocery,2132,4.41,0,0,9402.12
2023-09-11,S06,Clothing,808,31.61,0,0,25540.88
2023-09-11,S06,Electronics,442,182.37,0,0,80607.54
2023-09-11,S06,Garden,757,17.79,0,0,13467.03
2023-09-11,S06,Grocery,3493,4.03,1,0,14076.79
2023-09-18,S01,Clothing,305,32.74,0,0,9985.7
2023-09-18,S01,Electronics,165,182.58,0,0,30125.7
2023-09-18,S01,Garden,256,18.2,0,0,4659.2
2023-09-18,S01,Grocery,1422,4.24,1,0,6029.28
2023-09-18,S02,Clothing,723,33.4,0,0,24148.2
2023-09-18,S02,Electronics,426,188.73,0,0,80398.98
2023-09-18,S02,Garden,624,18.88,0,0,11781.12
2023-09-18,S02,Grocery,2971,4.7,0,0,13963.7
2023-09-18,S03,Clothing,584,32.2,0,0,18804.8
2023-09-18,S03,Electronics,355,181.76,0,0,64524.8
2023-09-18,S03,Garden,547,18.04,0,0,9867.88
2023-09-18,S03,Grocery,2318,4.45,0,0,10315.1
2023-09-18,S04,Clothing,547,30.87,0,0,16885.89
2023-09-18,S04,Electronics,266,171.82,0,0,45704.12
2023-09-18,S04,Garden,502,17.15,0,0,8609.3
2023-09-18,S04,Grocery,2276,3.94,1,0,8967.44
2023-09-18,S05,Clothing,528,31.36,0,0,16558.08
2023-09-18,S05,Electronics,258,177.79,0,0,45869.82
2023-09-18,S05,Garden,458,17.8,0,0,8152.4
2023-09-18,S05,Grocery,2135,4.48,0,0,9564.8
2023-09-18,S06,Clothing,872,32.15,0,0,28034.8
2023-09-18,S06,Electronics,489,178.68,0,0,87374.52
2023-09-18,S06,Garden,669,17.72,0,0,11854.68
2023-09-18,S06,Grocery,3188,4.52,0,0,14409.76
2023-09-25,S01,Clothing,282,32.23,0,0,9088.86
2023-09-25,S01,Electronics,170,181.18,0,0,30800.6
2023-09-25,S01,Garden,256,18.68,0,0,4782.08
2023-09-25,S01,Grocery,1455,4.15,1,0,6038.25
2023-09-25,S02,Clothing,651,33.04,0,0,21509.04
2023-09-25,S02,Electronics,516,170.87,1,0,88168.92
2023-09-25,S02,Garden,544,18.71,0,0,10178.24
2023-09-25,S02,Grocery,2596,4.73,0,0,12279.08
2023-09-25,S03,Clothing,647,32.23,0,0,20852.81
2023-09-25,S03,Electronics,379,179.58,0,0,68060.82
2023-09-25,S03,Garden,581,17.82,0,0,10353.42
2023-09-25,S03,Grocery,2731,4.47,0,0,12207.57
2023-09-25,S04,Clothing,455,30.98,0,0,14095.9
2023-09-25,S04,Electronics,308,171.93,0,0,52954.44
2023-09-25,S04,Garden,433,17.16,0,0,7430.28
2023-09-25,S04,Grocery,2108,4.28,0,0,9022.24
2023-09-25,S05,Clothing,470,31.92,0,0,15002.4
2023-09-25,S05,Electronics,296,183.29,0,0,54253.84
2023-09-25,S05,Garden,484,17.86,0,0,8644.24
2023-09-25,S05,Grocery,2276,4.44,0,0,10105.44
2023-09-25,S06,Clothing,802,31.72,0,0,25439.44
2023-09-25,S06,Electronics,404,175.25,0,0,70801.0
2023-09-25,S06,Garden,670,17.87,0,0,11972.9
2023-09-25,S06,Grocery,2754,4.46,0,0,12282.84
2023-10-02,S01,Clothing,273,32.73,0,0,8935.29
2023-10-02,S01,Electronics,185,184.48,0,0,34128.8
2023-10-02,S01,Garden,235,18.72,0,0,4399.2
2023-10-02,S01,Grocery,1185,4.6,0,0,5451.0
2023-10-02,S02,Clothing,647,33.1,0,0,21415.7
2023-10-02,S02,Electronics,476,189.6,0,0,90249.6
2023-10-02,S02,Garden,493,18.77,0,0,9253.61
2023-10-02,S02,Grocery,2761,4.65,0,0,12838.65
2023-10-02,S03,Clothing,549,32.58,0,0,17886.42
2023-10-02,S03,Electronics,392,179.54,0,0,70379.68
2023-10-02,S03,Garden,551,18.03,0,0,9934.53
2023-10-02,S03,Grocery,2600,4.5,0,0,11700.0
2023-10-02,S04,Clothing,549,27.16,1,0,14910.84
2023-10-02,S04,Electronics,295,171.87,0,0,50701.65
2023-10-02,S04,Garden,368,17.36,0,0,6388.48
2023-10-02,S04,Grocery,2018,4.34,0,0,8758.12
2023-10-02,S05,Clothing,516,31.69,0,0,16352.04
2023-10-02,S05,Electronics,285,178.44,0,0,50855.4
2023-10-02,S05,Garden,502,16.03,1,0,8047.06
2023-10-02,S05,Grocery,2326,4.42,0,0,10280.92
2023-10-02,S06,Clothing,712,31.7,0,0,22570.4
2023-10-02,S06,Electronics,447,179.36,0,0,80173.92
2023-10-02,S06,Garden,661,17.97,0,0,11878.17
2023-10-02,S06,Grocery,3099,4.51,0,0,13976.49
2023-10-09,S01,Clothing,249,32.73,0,0,8149.77
2023-10-09,S01,Electronics,185,182.86,0,0,33829.1
2023-10-09,S01,Garden,187,18.33,0,0,3427.71
2023-10-09,S01,Grocery,1231,4.58,0,0,5637.98
2023-10-09,S02,Clothing,707,33.6,0,0,23755.2
2023-10-09,S02,Electronics,449,189.42,0,0,85049.58
2023-10-09,S02,Garden,506,18.91,0,0,9568.46
2023-10-09,S02,Grocery,2913,4.72,0,0,13749.36
2023-10-09,S03,Clothing,591,32.33,0,0,19107.03
2023-10-09,S03,Electronics,435,177.44,0,0,77186.4
2023-10-09,S03,Garden,518,17.94,0,0,9292.92
2023-10-09,S03,Grocery,2533,4.46,0,0,11297.18
2023-10-09,S04,Clothing,477,31.25,0,0,14906.25
2023-10-09,S04,Electronics,359,154.99,1,0,55641.41
2023-10-09,S04,Garden,369,17.14,0,0,6324.66
2023-10-09,S04,Grocery,2213,4.33,0,0,9582.29
2023-10-09,S05,Clothing,508,31.61,0,0,16057.88
2023-10-09,S05,Electronics,286,176.36,0,0,50438.96
2023-10-09,S05,Garden,441,18.18,0,0,8017.38
2023-10-09,S05,Grocery,2366,4.48,0,0,10599.68
2023-10-09,S06,Clothing,880,32.16,0,0,28300.8
2023-10-09,S06,Electronics,524,182.57,0,0,95666.68
2023-10-09,S06,Garden,639,18.16,0,0,11604.24
2023-10-09,S06,Grocery,2995,4.38,0,0,13118.1
2023-10-16,S01,Clothing,278,32.79,0,0,9115.62
2023-10-16,S01,Electronics,187,184.54,0,0,34508.98
2023-10-16,S01,Garden,194,18.35,0,0,3559.9
2023-10-16,S01,Grocery,1267,4.57,0,0,5790.19
2023-10-16,S02,Clothing,693,34.08,0,0,23617.44
2023-10-16,S02,Electronics,480,188.9,0,0,90672.0
2023-10-16,S02,Garden,459,18.76,0,0,8610.84
2023-10-16,S02,Grocery,2879,4.76,0,0,13704.04
2023-10-16,S03,Clothing,607,31.82,0,0,19314.74
2023-10-16,S03,Electronics,415,181.46,0,0,75305.9
2023-10-16,S03,Garden,482,17.76,0,0,8560.32
2023-10-16,S03,Grocery,2468,4.48,0,0,11056.64
2023-10-16,S04,Clothing,479,30.17,0,0,14451.43
2023-10-16,S04,Electronics,334,173.1,0,0,57815.4
2023-10-16,S04,Garden,354,17.18,0,0,6081.72
2023-10-16,S04,Grocery,1899,4.26,0,0,8089.74
2023-10-16,S05,Clothing,508,31.22,0,0,15859.76
2023-10-16,S05,Electronics,261,178.62,0,0,46619.82
2023-10-16,S05,Garden,389,17.71,0,0,6889.19
2023-10-16,S05,Grocery,2207,4.49,0,0,9909.43
2023-10-16,S06,Clothing,700,32.03,0,0,22421.0
2023-10-16,S06,Electronics,515,180.46,0,0,92936.9
2023-10-16,S06,Garden,565,18.0,0,0,10170.0
2023-10-16,S06,Grocery,3049,4.47,0,0,13629.03
2023-10-23,S01,Clothing,271,29.39,1,0,7964.69
2023-10-23,S01,Electronics,233,163.57,1,0,38111.81
2023-10-23,S01,Garden,193,18.58,0,0,3585.94
2023-10-23,S01,Grocery,1323,4.56,0,0,6032.88
2023-10-23,S02,Clothing,623,33.6,0,0,20932.8
2023-10-23,S02,Electronics,464,187.81,0,0,87143.84
2023-10-23,S02,Garden,502,16.98,1,0,8523.96
2023-10-23,S02,Grocery,3857,4.26,1,0,16430.82
2023-10-23,S03,Clothing,612,31.69,0,0,19394.28
2023-10-23,S03,Electronics,415,180.94,0,0,75090.1
2023-10-23,S03,Garden,442,18.13,0,0,8013.46
2023-10-23,S03,Grocery,2614,4.45,0,0,11632.3
2023-10-23,S04,Clothing,487,31.0,0,0,15097.0
2023-10-23,S04,Electronics,342,172.43,0,0,58971.06
2023-10-23,S04,Garden,294,17.14,0,0,5039.16
2023-10-23,S04,Grocery,2034,4.31,0,0,8766.54
2023-10-23,S05,Clothing,479,31.65,0,0,15160.35
2023-10-23,S05,Electronics,292,176.98,0,0,51678.16
2023-10-23,S05,Garden,321,18.08,0,0,5803.68
2023-10-23,S05,Grocery,2279,4.45,0,0,10141.55
2023-10-23,S06,Clothing,739,31.11,0,0,22990.29
2023-10-23,S06,Electronics,656,160.72,1,0,105432.32
2023-10-23,S06,Garden,559,18.16,0,0,10151.44
2023-10-23,S06,Grocery,2892,4.54,0,0,13129.68
2023-10-30,S01,Clothing,278,32.69,0,0,9087.82
2023-10-30,S01,Electronics,229,164.96,1,0,37775.84
2023-10-30,S01,Garden,178,18.04,0,0,3211.12
2023-10-30,S01,Grocery,1236,4.58,0,0,5660.88
2023-10-30,S02,Clothing,621,33.34,0,0,20704.14
2023-10-30,S02,Electronics,517,191.85,0,0,99186.45
2023-10-30,S02,Garden,408,19.12,0,0,7800.96
2023-10-30,S02,Grocery,3117,4.71,0,0,14681.07
2023-10-30,S03,Clothing,591,31.57,0,0,18657.87
2023-10-30,S03,Electronics,411,182.37,0,0,74954.07
2023-10-30,S03,Garden,402,17.9,0,0,7195.8
2023-10-30,S03,Grocery,2740,4.51,0,0,12357.4
2023-10-30,S04,Clothing,462,30.65,0,0,14160.3
2023-10-30,S04,Electronics,322,171.68,0,0,55280.96
2023-10-30,S04,Garden,418,15.28,1,0,6387.04
2023-10-30,S04,Grocery,2131,4.3,0,0,9163.3
2023-10-30,S05,Clothing,454,31.03,0,0,14087.62
2023-10-30,S05,Electronics,310,176.19,0,0,54618.9
2023-10-30,S05,Garden,350,17.81,0,0,6233.5
2023-10-30,S05,Grocery,2348,4.41,0,0,10354.68
2023-10-30,S06,Clothing,704,31.86,0,0,22429.44
2023-10-30,S06,Electronics,541,180.09,0,0,97428.69
2023-10-30,S06,Garden,483,17.68,0,0,8539.44
2023-10-30,S06,Grocery,2975,4.48,0,0,13328.0
2023-11-06,S01,Clothing,245,32.82,0,0,8040.9
2023-11-06,S01,Electronics,203,184.98,0,0,37550.94
2023-11-06,S01,Garden,175,18.13,0,0,3172.75
2023-11-06,S01,Grocery,1312,4.61,0,0,6048.32
2023-11-06,S02,Clothing,626,33.72,0,0,21108.72
2023-11-06,S02,Electronics,502,186.54,0,0,93643.08
2023-11-06,S02,Garden,448,18.79,0,0,8417.92
2023-11-06,S02,Grocery,3244,4.7,0,0,15246.8
2023-11-06,S03,Clothing,585,32.48,0,0,19000.8
2023-11-06,S03,Electronics,420,179.68,0,0,75465.6
2023-11-06,S03,Garden,372,17.93,0,0,6669.96
2023-11-06,S03,Grocery,2469,4.52,0,0,11159.88
2023-11-06,S04,Clothing,482,30.45,0,0,14676.9
2023-11-06,S04,Electronics,335,172.87,0,0,57911.45
2023-11-06,S04,Garden,281,17.11,0,0,4807.91
2023-11-06,S04,Grocery,2033,4.27,0,0,8680.91
2023-11-06,S05,Clothing,472,31.44,0,0,14839.68
2023-11-06,S05,Electronics,341,181.64,0,0,61939.24
2023-11-06,S05,Garden,319,18.09,0,0,5770.71
2023-11-06,S05,Grocery,2813,4.01,1,0,11280.13
2023-11-06,S06,Clothing,706,31.95,0,0,22556.7
2023-11-06,S06,Electronics,454,181.24,0,0,82282.96
2023-11-06,S06,Garden,529,16.09,1,0,8511.61
2023-11-06,S06,Grocery,3052,4.45,0,0,13581.4
2023-11-13,S01,Clothing,271,32.98,0,0,8937.58
2023-11-13,S01,Electronics,248,166.84,1,0,41376.32
2023-11-13,S01,Garden,168,18.42,0,0,3094.56
2023-11-13,S01,Grocery,1257,4.63,0,0,5819.91
2023-11-13,S02,Clothing,685,33.39,0,0,22872.15
2023-11-13,S02,Electronics,454,188.25,0,0,85465.5
2023-11-13,S02,Garden,323,19.05,0,0,6153.15
2023-11-13,S02,Grocery,3231,4.67,0,0,15088.77
2023-11-13,S03,Clothing,634,31.76,0,0,20135.84
2023-11-13,S03,Electronics,460,179.8,0,0,82708.0
2023-11-13,S03,Garden,399,17.92,0,0,7150.08
2023-11-13,S03,Grocery,2605,4.52,0,0,11774.6
2023-11-13,S04,Clothing,438,30.48,0,0,13350.24
2023-11-13,S04,Electronics,434,156.24,1,0,67808.16
2023-11-13,S04,Garden,266,17.15,0,0,4561.9
2023-11-13,S04,Grocery,2213,4.32,0,0,9560.16
2023-11-13,S05,Clothing,483,31.45,0,0,15190.35
2023-11-13,S05,Electronics,320,179.79,0,0,57532.8
2023-11-13,S05,Garden,298,17.57,0,0,5235.86
2023-11-13,S05,Grocery,2677,3.99,1,0,10681.23
2023-11-13,S06,Clothing,737,31.8,0,0,23436.6
2023-11-13,S06,Electronics,539,179.35,0,0,96669.65
2023-11-13,S06,Garden,475,18.08,0,0,8588.0
2023-11-13,S06,Grocery,2972,4.46,0,0,13255.12
2023-11-20,S01,Clothing,339,32.74,0,1,11098.86
2023-11-20,S01,Electronics,284,185.47,0,1,52673.48
2023-11-20,S01,Garden,197,16.88,1,1,3325.36
2023-11-20,S01,Grocery,1528,4.62,0,1,7059.36
2023-11-20,S02,Clothing,782,33.34,0,1,26071.88
2023-11-20,S02,Electronics,670,188.27,0,1,126140.9
2023-11-20,S02,Garden,360,18.93,0,1,6814.8
2023-11-20,S02,Grocery,3984,4.7,0,1,18724.8
2023-11-20,S03,Clothing,776,32.48,0,1,25204.48
2023-11-20,S03,Electronics,578,180.36,0,1,104248.08
2023-11-20,S03,Garden,384,18.23,0,1,7000.32
2023-11-20,S03,Grocery,3306,4.5,0,1,14877.0
2023-11-20,S04,Clothing,610,30.6,0,1,18666.0
2023-11-20,S04,Electronics,479,171.22,0,1,82014.38
2023-11-20,S04,Garden,267,17.23,0,1,4600.41
2023-11-20,S04,Grocery,2424,4.31,0,1,10447.44
2023-11-20,S05,Clothing,578,31.72,0,1,18334.16
2023-11-20,S05,Electronics,450,178.51,0,1,80329.5
2023-11-20,S05,Garden,293,17.82,0,1,5221.26
2023-11-20,S05,Grocery,2626,4.44,0,1,11659.44
2023-11-20,S06,Clothing,996,31.96,0,1,31832.16
2023-11-20,S06,Electronics,745,184.21,0,1,137236.45
2023-11-20,S06,Garden,454,18.01,0,1,8176.54
2023-11-20,S06,Grocery,3768,4.35,0,1,16390.8
2023-11-27,S01,Clothing,336,29.43,1,0,9888.48
2023-11-27,S01,Electronics,179,182.26,0,0,32624.54
2023-11-27,S01,Garden,143,18.39,0,0,2629.77
2023-11-27,S01,Grocery,1352,4.58,0,0,6192.16
2023-11-27,S02,Clothing,690,33.15,0,0,22873.5
2023-11-27,S02,Electronics,545,189.0,0,0,103005.0
2023-11-27,S02,Garden,394,16.69,1,0,6575.86
2023-11-27,S02,Grocery,3110,4.77,0,0,14834.7
2023-11-27,S03,Clothing,597,32.18,0,0,19211.46
2023-11-27,S03,Electronics,420,181.66,0,0,76297.2
2023-11-27,S03,Garden,320,18.0,0,0,5760.0
2023-11-27,S03,Grocery,2336,4.43,0,0,10348.48
2023-11-27,S04,Clothing,495,30.67,0,0,15181.65
2023-11-27,S04,Electronics,343,172.07,0,0,59020.01
2023-11-27,S04,Garden,259,17.31,0,0,4483.29
2023-11-27,S04,Grocery,2355,4.3,0,0,10126.5
2023-11-27,S05,Clothing,527,32.22,0,0,16979.94
2023-11-27,S05,Electronics,291,177.2,0,0,51565.2
2023-11-27,S05,Garden,276,17.72,0,0,4890.72
2023-11-27,S05,Grocery,2271,4.42,0,0,10037.82
2023-11-27,S06,Clothing,843,31.33,0,0,26411.19
2023-11-27,S06,Electronics,500,178.57,0,0,89285.0
2023-11-27,S06,Garden,503,16.02,1,0,8058.06
2023-11-27,S06,Grocery,3174,4.44,0,0,14092.56
2023-12-04,S01,Clothing,281,32.87,0,0,9236.47
2023-12-04,S01,Electronics,200,186.28,0,0,37256.0
2023-12-04,S01,Garden,124,18.49,0,0,2292.76
2023-12-04,S01,Grocery,1469,4.19,1,0,6155.11
2023-12-04,S02,Clothing,721,33.94,0,0,24470.74
2023-12-04,S02,Electronics,490,187.44,0,0,91845.6
2023-12-04,S02,Garden,366,16.76,1,0,6134.16
2023-12-04,S02,Grocery,3175,4.7,0,0,14922.5
2023-12-04,S03,Clothing,635,32.12,0,0,20396.2
2023-12-04,S03,Electronics,417,177.41,0,0,73979.97
2023-12-04,S03,Garden,320,18.02,0,0,5766.4
2023-12-04,S03,Grocery,2621,4.47,0,0,11715.87
2023-12-04,S04,Clothing,524,30.33,0,0,15892.92
2023-12-04,S04,Electronics,304,174.17,0,0,52947.68
2023-12-04,S04,Garden,222,17.18,0,0,3813.96
2023-12-04,S04,Grocery,2368,4.3,0,0,10182.4
2023-12-04,S05,Clothing,626,28.63,1,0,17922.38
2023-12-04,S05,Electronics,312,177.34,0,0,55330.08
2023-12-04,S05,Garden,259,17.81,0,0,4612.79
2023-12-04,S05,Grocery,2403,4.49,0,0,10789.47
2023-12-04,S06,Clothing,778,31.01,0,0,24125.78
2023-12-04,S06,Electronics,610,181.3,0,0,110593.0
2023-12-04,S06,Garden,440,16.31,1,0,7176.4
2023-12-04,S06,Grocery,3527,4.53,0,0,15977.31
2023-12-11,S01,Clothing,279,32.2,0,0,8983.8
2023-12-11,S01,Electronics,179,183.22,0,0,32796.38
2023-12-11,S01,Garden,131,18.68,0,0,2447.08
2023-12-11,S01,Grocery,1195,4.65,0,0,5556.75
2023-12-11,S02,Clothing,702,32.62,0,0,22899.24
2023-12-11,S02,Electronics,509,188.84,0,0,96119.56
2023-12-11,S02,Garden,327,18.67,0,0,6105.09
2023-12-11,S02,Grocery,3221,4.66,0,0,15009.86
2023-12-11,S03,Clothing,664,31.91,0,0,21188.24
2023-12-11,S03,Electronics,417,181.38,0,0,75635.46
2023-12-11,S03,Garden,304,17.93,0,0,5450.72
2023-12-11,S03,Grocery,2568,4.48,0,0,11504.64
2023-12-11,S04,Clothing,444,30.54,0,0,13559.76
2023-12-11,S04,Electronics,371,170.27,0,0,63170.17
2023-12-11,S04,Garden,203,17.17,0,0,3485.51
2023-12-11,S04,Grocery,2124,4.3,0,0,9133.2
2023-12-11,S05,Clothing,564,28.88,1,0,16288.32
2023-12-11,S05,Electronics,338,180.64,0,0,61056.32
2023-12-11,S05,Garden,284,16.21,1,0,4603.64
2023-12-11,S05,Grocery,2496,4.46,0,0,11132.16
2023-12-11,S06,Clothing,767,31.6,0,0,24237.2
2023-12-11,S06,Electronics,527,180.87,0,0,95318.49
2023-12-11,S06,Garden,399,17.85,0,0,7122.15
2023-12-11,S06,Grocery,3154,4.46,0,0,14066.84
2023-12-18,S01,Clothing,362,32.99,0,1,11942.38
2023-12-18,S01,Electronics,275,185.87,0,1,51114.25
2023-12-18,S01,Garden,141,18.86,0,1,2659.26
2023-12-18,S01,Grocery,1420,4.61,0,1,6546.2
2023-12-18,S02,Clothing,962,33.73,0,1,32448.26
2023-12-18,S02,Electronics,689,187.93,0,1,129483.77
2023-12-18,S02,Garden,334,18.66,0,1,6232.44
2023-12-18,S02,Grocery,3785,4.68,0,1,17713.8
2023-12-18,S03,Clothing,923,32.22,0,1,29739.06
2023-12-18,S03,Electronics,534,180.02,0,1,96130.68
2023-12-18,S03,Garden,297,18.09,0,1,5372.73
2023-12-18,S03,Grocery,3671,4.03,1,1,14794.13
2023-12-18,S04,Clothing,596,30.37,0,1,18100.52
2023-12-18,S04,Electronics,472,175.28,0,1,82732.16
2023-12-18,S04,Garden,235,16.92,0,1,3976.2
2023-12-18,S04,Grocery,2594,4.29,0,1,11128.26
2023-12-18,S05,Clothing,853,28.65,1,1,24438.45
2023-12-18,S05,Electronics,401,178.44,0,1,71554.44
2023-12-18,S05,Garden,286,17.86,0,1,5107.96
2023-12-18,S05,Grocery,2563,4.49,0,1,11507.87
2023-12-18,S06,Clothing,1077,32.0,0,1,34464.0
2023-12-18,S06,Electronics,615,178.24,0,1,109617.6
2023-12-18,S06,Garden,361,17.81,0,1,6429.41
2023-12-18,S06,Grocery,3322,4.47,0,1,14849.34
2023-12-25,S01,Clothing,414,32.84,0,1,13595.76
2023-12-25,S01,Electronics,274,184.68,0,1,50602.32
2023-12-25,S01,Garden,128,18.36,0,1,2350.08
2023-12-25,S01,Grocery,1350,4.59,0,1,6196.5
2023-12-25,S02,Clothing,915,33.31,0,1,30478.65
2023-12-25,S02,Electronics,624,185.27,0,1,115608.48
2023-12-25,S02,Garden,314,18.81,0,1,5906.34
2023-12-25,S02,Grocery,3666,4.72,0,1,17303.52
2023-12-25,S03,Clothing,898,32.01,0,1,28744.98
2023-12-25,S03,Electronics,685,160.34,1,1,109832.9
2023-12-25,S03,Garden,388,16.42,1,1,6370.96
2023-12-25,S03,Grocery,3074,4.5,0,1,13833.0
2023-12-25,S04,Clothing,681,30.24,0,1,20593.44
2023-12-25,S04,Electronics,428,169.87,0,1,72704.36
2023-12-25,S04,Garden,202,17.31,0,1,3496.62
2023-12-25,S04,Grocery,2697,4.31,0,1,11624.07
2023-12-25,S05,Clothing,676,31.98,0,1,21618.48
2023-12-25,S05,Electronics,446,172.41,0,1,76894.86
2023-12-25,S05,Garden,259,18.01,0,1,4664.59
2023-12-25,S05,Grocery,2684,4.51,0,1,12104.84
2023-12-25,S06,Clothing,1110,30.88,0,1,34276.8
2023-12-25,S06,Electronics,715,178.74,0,1,127799.1
2023-12-25,S06,Garden,360,18.04,0,1,6494.4
2023-12-25,S06,Grocery,3997,4.38,0,1,17506.86
2024-01-01,S01,Clothing,327,32.85,0,0,10741.95
2024-01-01,S01,Electronics,214,182.16,0,0,38982.24
2024-01-01,S01,Garden,173,16.62,1,0,2875.26
2024-01-01,S01,Grocery,1242,4.64,0,0,5762.88
2024-01-01,S02,Clothing,759,33.33,0,0,25297.47
2024-01-01,S02,Electronics,503,188.26,0,0,94694.78
2024-01-01,S02,Garden,295,18.94,0,0,5587.3
2024-01-01,S02,Grocery,3066,4.69,0,0,14379.54
2024-01-01,S03,Clothing,761,31.89,0,0,24268.29
2024-01-01,S03,Electronics,465,176.3,0,0,81979.5
2024-01-01,S03,Garden,292,18.12,0,0,5291.04
2024-01-01,S03,Grocery,3322,4.11,1,0,13653.42
2024-01-01,S04,Clothing,456,30.36,0,0,13844.16
2024-01-01,S04,Electronics,305,171.58,0,0,52331.9
2024-01-01,S04,Garden,213,17.1,0,0,3642.3
2024-01-01,S04,Grocery,1948,4.28,0,0,8337.44
2024-01-01,S05,Clothing,519,32.21,0,0,16716.99
2024-01-01,S05,Electronics,324,182.2,0,0,59032.8
2024-01-01,S05,Garden,239,17.67,0,0,4223.13
2024-01-01,S05,Grocery,2268,4.47,0,0,10137.96
2024-01-01,S06,Clothing,901,31.64,0,0,28507.64
2024-01-01,S06,Electronics,569,163.19,1,0,92855.11
2024-01-01,S06,Garden,376,17.95,0,0,6749.2
2024-01-01,S06,Grocery,3068,4.41,0,0,13529.88
2024-01-08,S01,Clothing,399,29.84,1,0,11906.16
2024-01-08,S01,Electronics,214,184.12,0,0,39401.68
2024-01-08,S01,Garden,139,18.81,0,0,2614.59
2024-01-08,S01,Grocery,1352,4.63,0,0,6259.76
2024-01-08,S02,Clothing,748,34.03,0,0,25454.44
2024-01-08,S02,Electronics,445,186.17,0,0,82845.65
2024-01-08,S02,Garden,302,19.06,0,0,5756.12
2024-01-08,S02,Grocery,2976,4.73,0,0,14076.48
2024-01-08,S03,Clothing,703,32.23,0,0,22657.69
2024-01-08,S03,Electronics,416,179.81,0,0,74800.96
2024-01-08,S03,Garden,286,18.13,0,0,5185.18
2024-01-08,S03,Grocery,2959,4.54,0,0,13433.86
2024-01-08,S04,Clothing,568,30.26,0,0,17187.68
2024-01-08,S04,Electronics,331,170.54,0,0,56448.74
2024-01-08,S04,Garden,236,17.35,0,0,4094.6
2024-01-08,S04,Grocery,1932,4.42,0,0,8539.44
2024-01-08,S05,Clothing,544,31.39,0,0,17076.16
2024-01-08,S05,Electronics,403,160.4,1,0,64641.2
2024-01-08,S05,Garden,237,17.64,0,0,4180.68
2024-01-08,S05,Grocery,2428,4.42,0,0,10731.76
2024-01-08,S06,Clothing,932,31.3,0,0,29171.6
2024-01-08,S06,Electronics,617,161.78,1,0,99818.26
2024-01-08,S06,Garden,358,17.86,0,0,6393.88
2024-01-08,S06,Grocery,3501,4.54,0,0,15894.54
2024-01-15,S01,Clothing,333,32.19,0,0,10719.27
2024-01-15,S01,Electronics,199,185.38,0,0,36890.62
2024-01-15,S01,Garden,136,18.19,0,0,2473.84
2024-01-15,S01,Grocery,1269,4.55,0,0,5773.95
2024-01-15,S02,Clothing,871,33.23,0,0,28943.33
2024-01-15,S02,Electronics,460,184.98,0,0,85090.8
2024-01-15,S02,Garden,309,18.88,0,0,5833.92
2024-01-15,S02,Grocery,3200,4.73,0,0,15136.0
2024-01-15,S03,Clothing,730,31.96,0,0,23330.8
2024-01-15,S03,Electronics,503,164.4,1,0,82693.2
2024-01-15,S03,Garden,284,18.11,0,0,5143.24
2024-01-15,S03,Grocery,2923,4.01,1,0,11721.23
2024-01-15,S04,Clothing,746,27.43,1,0,20462.78
2024-01-15,S04,Electronics,312,175.94,0,0,54893.28
2024-01-15,S04,Garden,233,17.44,0,0,4063.52
2024-01-15,S04,Grocery,2495,3.82,1,0,9530.9
2024-01-15,S05,Clothing,783,28.24,1,0,22111.92
2024-01-15,S05,Electronics,373,160.66,1,0,59926.18
2024-01-15,S05,Garden,272,17.79,0,0,4838.88
2024-01-15,S05,Grocery,2240,4.49,0,0,10057.6
2024-01-15,S06,Clothing,940,31.83,0,0,29920.2
2024-01-15,S06,Electronics,520,180.11,0,0,93657.2
2024-01-15,S06,Garden,345,17.85,0,0,6158.25
2024-01-15,S06,Grocery,3384,4.52,0,0,15295.68
2024-01-22,S01,Clothing,317,32.19,0,0,10204.23
2024-01-22,S01,Electronics,188,185.83,0,0,34936.04
2024-01-22,S01,Garden,116,18.66,0,0,2164.56
2024-01-22,S01,Grocery,1303,4.61,0,0,6006.83
2024-01-22,S02,Clothing,807,33.24,0,0,26824.68
2024-01-22,S02,Electronics,609,169.65,1,0,103316.85
2024-01-22,S02,Garden,320,18.74,0,0,5996.8
2024-01-22,S02,Grocery,3096,4.75,0,0,14706.0
2024-01-22,S03,Clothing,766,31.75,0,0,24320.5
2024-01-22,S03,Electronics,354,183.07,0,0,64806.78
2024-01-22,S03,Garden,292,17.76,0,0,5185.92
2024-01-22,S03,Grocery,2673,4.53,0,0,12108.69
2024-01-22,S04,Clothing,568,30.74,0,0,17460.32
2024-01-22,S04,Electronics,319,171.31,0,0,54647.89
2024-01-22,S04,Garden,248,17.18,0,0,4260.64
2024-01-22,S04,Grocery,2117,4.28,0,0,9060.76
2024-01-22,S05,Clothing,680,31.84,0,0,21651.2
2024-01-22,S05,Electronics,282,179.83,0,0,50712.06
2024-01-22,S05,Garden,248,17.78,0,0,4409.44
2024-01-22,S05,Grocery,2248,4.47,0,0,10048.56
2024-01-22,S06,Clothing,982,32.54,0,0,31954.28
2024-01-22,S06,Electronics,478,176.56,0,0,84395.68
2024-01-22,S06,Garden,422,17.76,0,0,7494.72
2024-01-22,S06,Grocery,2999,4.43,0,0,13285.57
2024-01-29,S01,Clothing,368,32.93,0,0,12118.24
2024-01-29,S01,Electronics,197,184.44,0,0,36334.68
2024-01-29,S01,Garden,135,18.28,0,0,2467.8
2024-01-29,S01,Grocery,1371,4.63,0,0,6347.73
2024-01-29,S02,Clothing,890,33.42,0,0,29743.8
2024-01-29,S02,Electronics,474,189.16,0,0,89661.84
2024-01-29,S02,Garden,332,18.43,0,0,6118.76
2024-01-29,S02,Grocery,2984,4.77,0,0,14233.68
2024-01-29,S03,Clothing,795,32.2,0,0,25599.0
2024-01-29,S03,Electronics,418,180.7,0,0,75532.6
2024-01-29,S03,Garden,327,17.85,0,0,5836.95
2024-01-29,S03,Grocery,2953,4.53,0,0,13377.09
2024-01-29,S04,Clothing,736,27.58,1,0,20298.88
2024-01-29,S04,Electronics,398,154.18,1,0,61363.64
2024-01-29,S04,Garden,252,17.04,0,0,4294.08
2024-01-29,S04,Grocery,2048,4.28,0,0,8765.44
2024-01-29,S05,Clothing,668,31.62,0,0,21122.16
2024-01-29,S05,Electronics,327,178.72,0,0,58441.44
2024-01-29,S05,Garden,282,17.76,0,0,5008.32
2024-01-29,S05,Grocery,2113,4.56,0,0,9635.28
2024-01-29,S06,Clothing,996,31.84,0,0,31712.64
2024-01-29,S06,Electronics,534,180.68,0,0,96483.12
2024-01-29,S06,Garden,380,17.88,0,0,6794.4
2024-01-29,S06,Grocery,3219,4.46,0,0,14356.74
2024-02-05,S01,Clothing,382,29.55,1,0,11288.1
2024-02-05,S01,Electronics,182,187.53,0,0,34130.46
2024-02-05,S01,Garden,171,18.49,0,0,3161.79
2024-02-05,S01,Grocery,1386,4.58,0,0,6347.88
2024-02-05,S02,Clothing,895,33.6,0,0,30072.0
2024-02-05,S02,Electronics,521,170.31,1,0,88731.51
2024-02-05,S02,Garden,400,16.95,1,0,6780.0
2024-02-05,S02,Grocery,2974,4.75,0,0,14126.5
2024-02-05,S03,Clothing,778,31.99,0,0,24888.22
2024-02-05,S03,Electronics,393,183.59,0,0,72150.87
2024-02-05,S03,Garden,350,17.97,0,0,6289.5
2024-02-05,S03,Grocery,2526,4.47,0,0,11291.22
2024-02-05,S04,Clothing,693,28.09,1,0,19466.37
2024-02-05,S04,Electronics,338,154.38,1,0,52180.44
2024-02-05,S04,Garden,295,17.21,0,0,5076.95
2024-02-05,S04,Grocery,2071,4.39,0,0,9091.69
2024-02-05,S05,Clothing,701,31.7,0,0,22221.7
2024-02-05,S05,Electronics,300,179.23,0,0,53769.0
2024-02-05,S05,Garden,284,17.62,0,0,5004.08
2024-02-05,S05,Grocery,2360,4.46,0,0,10525.6
2024-02-05,S06,Clothing,1107,31.88,0,0,35291.16
2024-02-05,S06,Electronics,507,180.02,0,0,91270.14
2024-02-05,S06,Garden,467,16.33,1,0,7626.11
2024-02-05,S06,Grocery,3368,4.04,1,0,13606.72
2024-02-12,S01,Clothing,399,32.89,0,0,13123.11
2024-02-12,S01,Electronics,184,186.56,0,0,34327.04
2024-02-12,S01,Garden,156,18.43,0,0,2875.08
2024-02-12,S01,Grocery,1270,4.63,0,0,5880.1
2024-02-12,S02,Clothing,868,33.32,0,0,28921.76
2024-02-12,S02,Electronics,459,189.31,0,0,86893.29
2024-02-12,S02,Garden,390,18.83,0,0,7343.7
2024-02-12,S02,Grocery,2867,4.66,0,0,13360.22
2024-02-12,S03,Clothing,917,32.17,0,0,29499.89
2024-02-12,S03,Electronics,378,179.98,0,0,68032.44
2024-02-12,S03,Garden,352,17.88,0,0,6293.76
2024-02-12,S03,Grocery,2900,4.54,0,0,13166.0
2024-02-12,S04,Clothing,623,29.93,0,0,18646.39
2024-02-12,S04,Electronics,278,172.34,0,0,47910.52
2024-02-12,S04,Garden,260,17.28,0,0,4492.8
2024-02-12,S04,Grocery,1786,4.25,0,0,7590.5
2024-02-12,S05,Clothing,717,31.55,0,0,22621.35
2024-02-12,S05,Electronics,289,177.14,0,0,51193.46
2024-02-12,S05,Garden,301,18.0,0,0,5418.0
2024-02-12,S05,Grocery,2667,4.03,1,0,10748.01
2024-02-12,S06,Clothing,1221,32.18,0,0,39291.78
2024-02-12,S06,Electronics,448,179.38,0,0,80362.24
2024-02-12,S06,Garden,434,17.99,0,0,7807.66
2024-02-12,S06,Grocery,3061,4.43,0,0,13560.23
2024-02-19,S01,Clothing,394,32.68,0,0,12875.92
2024-02-19,S01,Electronics,191,184.23,0,0,35187.93
2024-02-19,S01,Garden,172,16.46,1,0,2831.12
2024-02-19,S01,Grocery,1377,4.55,0,0,6265.35
2024-02-19,S02,Clothing,916,32.94,0,0,30173.04
2024-02-19,S02,Electronics,532,166.15,1,0,88391.8
2024-02-19,S02,Garden,416,16.97,1,0,7059.52
2024-02-19,S02,Grocery,3255,4.66,0,0,15168.3
2024-02-19,S03,Clothing,921,31.86,0,0,29343.06
2024-02-19,S03,Electronics,386,181.77,0,0,70163.22
2024-02-19,S03,Garden,409,17.81,0,0,7284.29
2024-02-19,S03,Grocery,3279,4.04,1,0,13247.16
2024-02-19,S04,Clothing,641,30.75,0,0,19710.75
2024-02-19,S04,Electronics,298,171.61,0,0,51139.78
2024-02-19,S04,Garden,293,17.16,0,0,5027.88
2024-02-19,S04,Grocery,2029,4.32,0,0,8765.28
2024-02-19,S05,Clothing,708,31.44,0,0,22259.52
2024-02-19,S05,Electronics,271,175.71,0,0,47617.41
2024-02-19,S05,Garden,308,17.73,0,0,5460.84
2024-02-19,S05,Grocery,2186,4.46,0,0,9749.56
2024-02-19,S06,Clothing,1110,31.92,0,0,35431.2
2024-02-19,S06,Electronics,457,180.15,0,0,82328.55
2024-02-19,S06,Garden,552,16.31,1,0,9003.12
2024-02-19,S06,Grocery,3174,4.4,0,0,13965.6
2024-02-26,S01,Clothing,463,33.05,0,0,15302.15
2024-02-26,S01,Electronics,221,167.48,1,0,37013.08
2024-02-26,S01,Garden,196,18.29,0,0,3584.84
2024-02-26,S01,Grocery,1271,4.68,0,0,5948.28
2024-02-26,S02,Clothing,1059,33.18,0,0,35137.62
2024-02-26,S02,Electronics,429,185.68,0,0,79656.72
2024-02-26,S02,Garden,394,19.22,0,0,7572.68
2024-02-26,S02,Grocery,3070,4.7,0,0,14429.0
2024-02-26,S03,Clothing,880,31.62,0,0,27825.6
2024-02-26,S03,Electronics,362,179.24,0,0,64884.88
2024-02-26,S03,Garden,417,17.67,0,0,7368.39
2024-02-26,S03,Grocery,2868,4.44,0,0,12733.92
2024-02-26,S04,Clothing,650,30.61,0,0,19896.5
2024-02-26,S04,Electronics,276,171.94,0,0,47455.44
2024-02-26,S04,Garden,296,17.12,0,0,5067.52
2024-02-26,S04,Grocery,1953,4.32,0,0,8436.96
2024-02-26,S05,Clothing,716,32.14,0,0,23012.24
2024-02-26,S05,Electronics,272,178.4,0,0,48524.8
2024-02-26,S05,Garden,337,18.04,0,0,6079.48
2024-02-26,S05,Grocery,2228,4.44,0,0,9892.32
2024-02-26,S06,Clothing,1125,31.84,0,0,35820.0
2024-02-26,S06,Electronics,465,178.76,0,0,83123.4
2024-02-26,S06,Garden,481,18.04,0,0,8677.24
2024-02-26,S06,Grocery,3243,4.48,0,0,14528.64
2024-03-04,S01,Clothing,453,29.83,1,0,13512.99
2024-03-04,S01,Electronics,181,188.27,0,0,34076.87
2024-03-04,S01,Garden,193,18.52,0,0,3574.36
2024-03-04,S01,Grocery,1196,4.68,0,0,5597.28
2024-03-04,S02,Clothing,1010,33.89,0,0,34228.9
2024-03-04,S02,Electronics,435,191.96,0,0,83502.6
2024-03-04,S02,Garden,401,19.06,0,0,7643.06
2024-03-04,S02,Grocery,2886,4.68,0,0,13506.48
2024-03-04,S03,Clothing,953,32.57,0,0,31039.21
2024-03-04,S03,Electronics,321,179.13,0,0,57500.73
2024-03-04,S03,Garden,460,17.76,0,0,8169.6
2024-03-04,S03,Grocery,3133,4.07,1,0,12751.31
2024-03-04,S04,Clothing,663,30.86,0,0,20460.18
2024-03-04,S04,Electronics,280,166.1,0,0,46508.0
2024-03-04,S04,Garden,342,17.31,0,0,5920.02
2024-03-04,S04,Grocery,2780,3.89,1,0,10814.2
2024-03-04,S05,Clothing,743,31.28,0,0,23241.04
2024-03-04,S05,Electronics,268,180.44,0,0,48357.92
2024-03-04,S05,Garden,372,17.79,0,0,6617.88
2024-03-04,S05,Grocery,2410,4.44,0,0,10700.4
2024-03-04,S06,Clothing,1170,32.21,0,0,37685.7
2024-03-04,S06,Electronics,431,178.44,0,0,76907.64
2024-03-04,S06,Garden,673,16.06,1,0,10808.38
2024-03-04,S06,Grocery,3185,4.51,0,0,14364.35
2024-03-11,S01,Clothing,417,32.99,0,0,13756.83
2024-03-11,S01,Electronics,175,188.32,0,0,32956.0
2024-03-11,S01,Garden,219,18.65,0,0,4084.35
2024-03-11,S01,Grocery,1539,4.15,1,0,6386.85
2024-03-11,S02,Clothing,959,33.49,0,0,32116.91
2024-03-11,S02,Electronics,391,186.27,0,0,72831.57
2024-03-11,S02,Garden,499,18.97,0,0,9466.03
2024-03-11,S02,Grocery,3174,4.65,0,0,14759.1
2024-03-11,S03,Clothing,949,32.51,0,0,30851.99
2024-03-11,S03,Electronics,376,178.84,0,0,67243.84
2024-03-11,S03,Garden,467,17.96,0,0,8387.32
2024-03-11,S03,Grocery,2599,4.51,0,0,11721.49
2024-03-11,S04,Clothing,697,30.83,0,0,21488.51
2024-03-11,S04,Electronics,251,172.27,0,0,43239.77
2024-03-11,S04,Garden,342,17.3,0,0,5916.6
2024-03-11,S04,Grocery,2146,4.36,0,0,9356.56
2024-03-11,S05,Clothing,767,31.84,0,0,24421.28
2024-03-11,S05,Electronics,266,176.74,0,0,47012.84
2024-03-11,S05,Garden,400,17.91,0,0,7164.0
2024-03-11,S05,Grocery,2109,4.46,0,0,9406.14
2024-03-11,S06,Clothing,1131,32.06,0,0,36259.86
2024-03-11,S06,Electronics,422,179.07,0,0,75567.54
2024-03-11,S06,Garden,577,17.65,0,0,10184.05
2024-03-11,S06,Grocery,3016,4.51,0,0,13602.16
2024-03-18,S01,Clothing,476,32.75,0,0,15589.0
2024-03-18,S01,Electronics,155,182.43,0,0,28276.65
2024-03-18,S01,Garden,280,16.6,1,0,4648.0
2024-03-18,S01,Grocery,1138,4.63,0,0,5268.94
2024-03-18,S02,Clothing,1057,33.62,0,0,35536.34
2024-03-18,S02,Electronics,400,189.4,0,0,75760.0
2024-03-18,S02,Garden,510,18.64,0,0,9506.4
2024-03-18,S02,Grocery,2908,4.69,0,0,13638.52
2024-03-18,S03,Clothing,996,32.29,0,0,32160.84
2024-03-18,S03,Electronics,353,176.35,0,0,62251.55
2024-03-18,S03,Garden,478,17.99,0,0,8599.22
2024-03-18,S03,Grocery,3219,4.04,1,0,13004.76
2024-03-18,S04,Clothing,709,30.56,0,0,21667.04
2024-03-18,S04,Electronics,261,172.2,0,0,44944.2
2024-03-18,S04,Garden,403,17.16,0,0,6915.48
2024-03-18,S04,Grocery,2082,4.36,0,0,9077.52
2024-03-18,S05,Clothing,715,31.79,0,0,22729.85
2024-03-18,S05,Electronics,265,176.6,0,0,46799.0
2024-03-18,S05,Garden,400,17.89,0,0,7156.0
2024-03-18,S05,Grocery,2545,4.02,1,0,10230.9
2024-03-18,S06,Clothing,1255,32.0,0,0,40160.0
2024-03-18,S06,Electronics,465,160.8,1,0,74772.0
2024-03-18,S06,Garden,645,17.78,0,0,11468.1
2024-03-18,S06,Grocery,3466,4.53,0,0,15700.98
2024-03-25,S01,Clothing,543,28.93,1,0,15708.99
2024-03-25,S01,Electronics,198,164.69,1,0,32608.62
2024-03-25,S01,Garden,273,16.63,1,0,4539.99
2024-03-25,S01,Grocery,1300,4.06,1,0,5278.0
2024-03-25,S02,Clothing,1046,33.38,0,0,34915.48
2024-03-25,S02,Electronics,488,168.26,1,0,82110.88
2024-03-25,S02,Garden,549,18.73,0,0,10282.77
2024-03-25,S02,Grocery,2749,4.68,0,0,12865.32
2024-03-25,S03,Clothing,894,31.89,0,0,28509.66
2024-03-25,S03,Electronics,333,182.37,0,0,60729.21
2024-03-25,S03,Garden,535,17.86,0,0,9555.1
2024-03-25,S03,Grocery,2431,4.5,0,0,10939.5
2024-03-25,S04,Clothing,820,30.66,0,0,25141.2
2024-03-25,S04,Electronics,270,173.96,0,0,46969.2
2024-03-25,S04,Garden,373,16.93,0,0,6314.89
2024-03-25,S04,Grocery,2048,4.28,0,0,8765.44
2024-03-25,S05,Clothing,794,31.13,0,0,24717.22
2024-03-25,S05,Electronics,236,180.07,0,0,42496.52
2024-03-25,S05,Garden,441,17.64,0,0,7779.24
2024-03-25,S05,Grocery,2389,4.5,0,0,10750.5
2024-03-25,S06,Clothing,1251,31.87,0,0,39869.37
2024-03-25,S06,Electronics,385,183.41,0,0,70612.85
2024-03-25,S06,Garden,621,17.83,0,0,11072.43
2024-03-25,S06,Grocery,3543,3.98,1,0,14101.14
2024-04-01,S01,Clothing,488,29.78,1,0,14532.64
2024-04-01,S01,Electronics,164,187.44,0,0,30740.16
2024-04-01,S01,Garden,249,18.58,0,0,4626.42
2024-04-01,S01,Grocery,1204,4.56,0,0,5490.24
2024-04-01,S02,Clothing,1315,33.25,0,0,43723.75
2024-04-01,S02,Electronics,346,188.4,0,0,65186.4
2024-04-01,S02,Garden,626,16.93,1,0,10598.18
2024-04-01,S02,Grocery,3163,4.67,0,0,14771.21
2024-04-01,S03,Clothing,974,31.91,0,0,31080.34
2024-04-01,S03,Electronics,313,178.9,0,0,55995.7
2024-04-01,S03,Garden,520,18.02,0,0,9370.4
2024-04-01,S03,Grocery,2521,4.47,0,0,11268.87
2024-04-01,S04,Clothing,726,30.38,0,0,22055.88
2024-04-01,S04,Electronics,339,156.98,1,0,53216.22
2024-04-01,S04,Garden,443,17.3,0,0,7663.9
2024-04-01,S04,Grocery,2120,3.88,1,0,8225.6
2024-04-01,S05,Clothing,990,28.23,1,0,27947.7
2024-04-01,S05,Electronics,221,177.08,0,0,39134.68
2024-04-01,S05,Garden,495,17.85,0,0,8835.75
2024-04-01,S05,Grocery,2528,4.02,1,0,10162.56
2024-04-01,S06,Clothing,1204,31.8,0,0,38287.2
2024-04-01,S06,Electronics,350,181.14,0,0,63399.0
2024-04-01,S06,Garden,773,17.82,0,0,13774.86
2024-04-01,S06,Grocery,2682,4.49,0,0,12042.18
2024-04-08,S01,Clothing,451,33.24,0,0,14991.24
2024-04-08,S01,Electronics,154,182.75,0,0,28143.5
2024-04-08,S01,Garden,268,18.29,0,0,4901.72
2024-04-08,S01,Grocery,1284,4.6,0,0,5906.4
2024-04-08,S02,Clothing,1099,34.03,0,0,37398.97
2024-04-08,S02,Electronics,352,187.05,0,0,65841.6
2024-04-08,S02,Garden,659,18.68,0,0,12310.12
2024-04-08,S02,Grocery,2865,4.69,0,0,13436.85
2024-04-08,S03,Clothing,990,32.45,0,0,32125.5
2024-04-08,S03,Electronics,297,178.61,0,0,53047.17
2024-04-08,S03,Garden,610,17.93,0,0,10937.3
2024-04-08,S03,Grocery,2634,4.53,0,0,11932.02
2024-04-08,S04,Clothing,766,30.8,0,0,23592.8
2024-04-08,S04,Electronics,236,171.85,0,0,40556.6
2024-04-08,S04,Garden,522,15.38,1,0,8028.36
2024-04-08,S04,Grocery,2050,4.22,0,0,8651.0
2024-04-08,S05,Clothing,769,31.42,0,0,24161.98
2024-04-08,S05,Electronics,237,177.17,0,0,41989.29
2024-04-08,S05,Garden,532,16.32,1,0,8682.24
2024-04-08,S05,Grocery,2282,4.43,0,0,10109.26
2024-04-08,S06,Clothing,1317,32.2,0,0,42407.4
2024-04-08,S06,Electronics,397,177.76,0,0,70570.72
2024-04-08,S06,Garden,639,18.13,0,0,11585.07
2024-04-08,S06,Grocery,3278,4.03,1,0,13210.34
2024-04-15,S01,Clothing,448,33.05,0,0,14806.4
2024-04-15,S01,Electronics,182,164.03,1,0,29853.46
2024-04-15,S01,Garden,309,18.61,0,0,5750.49
2024-04-15,S01,Grocery,1350,4.57,0,0,6169.5
2024-04-15,S02,Clothing,1064,33.4,0,0,35537.6
2024-04-15,S02,Electronics,400,189.3,0,0,75720.0
2024-04-15,S02,Garden,599,18.92,0,0,11333.08
2024-04-15,S02,Grocery,2872,4.76,0,0,13670.72
2024-04-15,S03,Clothing,1039,31.9,0,0,33144.1
2024-04-15,S03,Electronics,322,177.93,0,0,57293.46
2024-04-15,S03,Garden,586,18.2,0,0,10665.2
2024-04-15,S03,Grocery,2482,4.5,0,0,11169.0
2024-04-15,S04,Clothing,731,30.03,0,0,21951.93
2024-04-15,S04,Electronics,225,173.58,0,0,39055.5
2024-04-15,S04,Garden,449,17.25,0,0,7745.25
2024-04-15,S04,Grocery,2044,4.31,0,0,8809.64
2024-04-15,S05,Clothing,770,31.8,0,0,24486.0
2024-04-15,S05,Electronics,250,159.51,1,0,39877.5
2024-04-15,S05,Garden,518,17.83,0,0,9235.94
2024-04-15,S05,Grocery,2234,4.43,0,0,9896.62
2024-04-15,S06,Clothing,1259,31.8,0,0,40036.2
2024-04-15,S06,Electronics,420,164.84,1,0,69232.8
2024-04-15,S06,Garden,684,18.12,0,0,12394.08
2024-04-15,S06,Grocery,3193,4.48,0,0,14304.64
2024-04-22,S01,Clothing,458,32.55,0,0,14907.9
2024-04-22,S01,Electronics,140,183.8,0,0,25732.0
2024-04-22,S01,Garden,298,18.62,0,0,5548.76
2024-04-22,S01,Grocery,1354,4.19,1,0,5673.26
2024-04-22,S02,Clothing,1191,33.32,0,0,39684.12
2024-04-22,S02,Electronics,365,188.5,0,0,68802.5
2024-04-22,S02,Garden,656,18.89,0,0,12391.84
2024-04-22,S02,Grocery,2937,4.72,0,0,13862.64
2024-04-22,S03,Clothing,968,31.81,0,0,30792.08
2024-04-22,S03,Electronics,343,179.69,0,0,61633.67
2024-04-22,S03,Garden,685,17.98,0,0,12316.3
2024-04-22,S03,Grocery,2425,4.51,0,0,10936.75
2024-04-22,S04,Clothing,734,30.85,0,0,22643.9
2024-04-22,S04,Electronics,237,170.28,0,0,40356.36
2024-04-22,S04,Garden,605,15.52,1,0,9389.6
2024-04-22,S04,Grocery,2111,4.27,0,0,9013.97
2024-04-22,S05,Clothing,811,31.51,0,0,25554.61
2024-04-22,S05,Electronics,222,177.78,0,0,39467.16
2024-04-22,S05,Garden,512,17.95,0,0,9190.4
2024-04-22,S05,Grocery,2166,4.39,0,0,9508.74
2024-04-22,S06,Clothing,1192,32.3,0,0,38501.6
2024-04-22,S06,Electronics,354,178.72,0,0,63266.88
2024-04-22,S06,Garden,1059,16.51,1,0,17484.09
2024-04-22,S06,Grocery,3614,4.03,1,0,14564.42
2024-04-29,S01,Clothing,433,33.06,0,0,14314.98
2024-04-29,S01,Electronics,169,166.93,1,0,28211.17
2024-04-29,S01,Garden,267,18.95,0,0,5059.65
2024-04-29,S01,Grocery,1235,4.71,0,0,5816.85
2024-04-29,S02,Clothing,982,33.83,0,0,33221.06
2024-04-29,S02,Electronics,324,187.4,0,0,60717.6
2024-04-29,S02,Garden,712,18.62,0,0,13257.44
2024-04-29,S02,Grocery,3123,4.82,0,0,15052.86
2024-04-29,S03,Clothing,867,32.61,0,0,28272.87
2024-04-29,S03,Electronics,309,183.23,0,0,56618.07
2024-04-29,S03,Garden,661,18.13,0,0,11983.93
2024-04-29,S03,Grocery,2423,4.52,0,0,10951.96
2024-04-29,S04,Clothing,763,27.54,1,0,21013.02
2024-04-29,S04,Electronics,241,173.49,0,0,41811.09
2024-04-29,S04,Garden,601,15.2,1,0,9135.2
2024-04-29,S04,Grocery,2214,4.3,0,0,9520.2
2024-04-29,S05,Clothing,760,31.6,0,0,24016.0
2024-04-29,S05,Electronics,216,175.1,0,0,37821.6
2024-04-29,S05,Garden,529,17.91,0,0,9474.39
2024-04-29,S05,Grocery,2116,4.52,0,0,9564.32
2024-04-29,S06,Clothing,1293,31.58,0,0,40832.94
2024-04-29,S06,Electronics,332,179.55,0,0,59610.6
2024-04-29,S06,Garden,842,17.81,0,0,14996.02
2024-04-29,S06,Grocery,2923,4.46,0,0,13036.58
2024-05-06,S01,Clothing,449,33.12,0,0,14870.88
2024-05-06,S01,Electronics,167,166.06,1,0,27732.02
2024-05-06,S01,Garden,312,18.4,0,0,5740.8
2024-05-06,S01,Grocery,1128,4.56,0,0,5143.68
2024-05-06,S02,Clothing,1101,33.22,0,0,36575.22
2024-05-06,S02,Electronics,315,186.27,0,0,58675.05
2024-05-06,S02,Garden,661,19.05,0,0,12592.05
2024-05-06,S02,Grocery,3215,4.24,1,0,13631.6
2024-05-06,S03,Clothing,943,31.99,0,0,30166.57
2024-05-06,S03,Electronics,277,183.83,0,0,50920.91
2024-05-06,S03,Garden,746,18.04,0,0,13457.84
2024-05-06,S03,Grocery,2600,4.45,0,0,11570.0
2024-05-06,S04,Clothing,693,30.46,0,0,21108.78
2024-05-06,S04,Electronics,235,171.19,0,0,40229.65
2024-05-06,S04,Garden,519,17.23,0,0,8942.37
2024-05-06,S04,Grocery,1754,4.23,0,0,7419.42
2024-05-06,S05,Clothing,729,31.17,0,0,22722.93
2024-05-06,S05,Electronics,226,176.94,0,0,39988.44
2024-05-06,S05,Garden,594,17.84,0,0,10596.96
2024-05-06,S05,Grocery,2262,4.42,0,0,9998.04
2024-05-06,S06,Clothing,1283,32.37,0,0,41530.71
2024-05-06,S06,Electronics,329,181.11,0,0,59585.19
2024-05-06,S06,Garden,866,18.24,0,0,15795.84
2024-05-06,S06,Grocery,2791,4.35,0,0,12140.85
2024-05-13,S01,Clothing,408,33.35,0,0,13606.8
2024-05-13,S01,Electronics,133,183.5,0,0,24405.5
2024-05-13,S01,Garden,336,18.39,0,0,6179.04
2024-05-13,S01,Grocery,1231,4.58,0,0,5637.98
2024-05-13,S02,Clothing,1230,33.27,0,0,40922.1
2024-05-13,S02,Electronics,339,188.75,0,0,63986.25
2024-05-13,S02,Garden,701,18.84,0,0,13206.84
2024-05-13,S02,Grocery,2693,4.69,0,0,12630.17
2024-05-13,S03,Clothing,999,32.58,0,0,32547.42
2024-05-13,S03,Electronics,301,177.07,0,0,53298.07
2024-05-13,S03,Garden,675,17.75,0,0,11981.25
2024-05-13,S03,Grocery,2628,4.46,0,0,11720.88
2024-05-13,S04,Clothing,705,30.54,0,0,21530.7
2024-05-13,S04,Electronics,220,170.13,0,0,37428.6
2024-05-13,S04,Garden,518,17.31,0,0,8966.58
2024-05-13,S04,Grocery,1890,4.32,0,0,8164.8
2024-05-13,S05,Clothing,842,32.36,0,0,27247.12
2024-05-13,S05,Electronics,244,178.31,0,0,43507.64
2024-05-13,S05,Garden,680,16.04,1,0,10907.2
2024-05-13,S05,Grocery,2299,4.49,0,0,10322.51
2024-05-13,S06,Clothing,1335,32.06,0,0,42800.1
2024-05-13,S06,Electronics,368,175.96,0,0,64753.28
2024-05-13,S06,Garden,899,18.24,0,0,16397.76
2024-05-13,S06,Grocery,3257,4.09,1,0,13321.13
2024-05-20,S01,Clothing,450,32.55,0,0,14647.5
2024-05-20,S01,Electronics,143,183.46,0,0,26234.78
2024-05-20,S01,Garden,438,16.75,1,0,7336.5
2024-05-20,S01,Grocery,1184,4.63,0,0,5481.92
2024-05-20,S02,Clothing,1076,33.47,0,0,36013.72
2024-05-20,S02,Electronics,371,185.96,0,0,68991.16
2024-05-20,S02,Garden,753,18.5,0,0,13930.5
2024-05-20,S02,Grocery,2981,4.71,0,0,14040.51
2024-05-20,S03,Clothing,1000,31.56,0,0,31560.0
2024-05-20,S03,Electronics,293,179.42,0,0,52570.06
2024-05-20,S03,Garden,791,16.19,1,0,12806.29
2024-05-20,S03,Grocery,2339,4.4,0,0,10291.6
2024-05-20,S04,Clothing,762,30.56,0,0,23286.72
2024-05-20,S04,Electronics,228,171.85,0,0,39181.8
2024-05-20,S04,Garden,517,17.33,0,0,8959.61
2024-05-20,S04,Grocery,1845,4.23,0,0,7804.35
2024-05-20,S05,Clothing,760,31.65,0,0,24054.0
2024-05-20,S05,Electronics,191,178.29,0,0,34053.39
2024-05-20,S05,Garden,577,17.89,0,0,10322.53
2024-05-20,S05,Grocery,2281,4.46,0,0,10173.26
2024-05-20,S06,Clothing,1316,31.6,0,0,41585.6
2024-05-20,S06,Electronics,351,179.07,0,0,62853.57
2024-05-20,S06,Garden,932,17.91,0,0,16692.12
2024-05-20,S06,Grocery,2732,4.5,0,0,12294.0
2024-05-27,S01,Clothing,545,29.49,1,0,16072.05
2024-05-27,S01,Electronics,128,183.38,0,0,23472.64
2024-05-27,S01,Garden,322,18.62,0,0,5995.64
2024-05-27,S01,Grocery,1067,4.69,0,0,5004.23
2024-05-27,S02,Clothing,968,33.47,0,0,32398.96
2024-05-27,S02,Electronics,332,189.05,0,0,62764.6
2024-05-27,S02,Garden,905,18.81,0,0,17023.05
2024-05-27,S02,Grocery,2796,4.72,0,0,13197.12
2024-05-27,S03,Clothing,1092,32.18,0,0,35140.56
2024-05-27,S03,Electronics,308,178.19,0,0,54882.52
2024-05-27,S03,Garden,778,17.78,0,0,13832.84
2024-05-27,S03,Grocery,2333,4.53,0,0,10568.49
2024-05-27,S04,Clothing,796,31.01,0,0,24683.96
2024-05-27,S04,Electronics,244,174.58,0,0,42597.52
2024-05-27,S04,Garden,541,17.24,0,0,9326.84
2024-05-27,S04,Grocery,1945,4.31,0,0,8382.95
2024-05-27,S05,Clothing,774,31.78,0,0,24597.72
2024-05-27,S05,Electronics,244,179.96,0,0,43910.24
2024-05-27,S05,Garden,688,17.93,0,0,12335.84
2024-05-27,S05,Grocery,1986,4.46,0,0,8857.56
2024-05-27,S06,Clothing,1232,32.07,0,0,39510.24
2024-05-27,S06,Electronics,348,178.47,0,0,62107.56
2024-05-27,S06,Garden,939,18.03,0,0,16930.17
2024-05-27,S06,Grocery,2940,4.42,0,0,12994.8
2024-06-03,S01,Clothing,431,33.08,0,0,14257.48
2024-06-03,S01,Electronics,136,183.08,0,0,24898.88
2024-06-03,S01,Garden,361,18.37,0,0,6631.57
2024-06-03,S01,Grocery,1257,4.56,0,0,5731.92
2024-06-03,S02,Clothing,1036,33.55,0,0,34757.8
2024-06-03,S02,Electronics,362,193.19,0,0,69934.78
2024-06-03,S02,Garden,967,16.99,1,0,16429.33
2024-06-03,S02,Grocery,3218,4.73,0,0,15221.14
2024-06-03,S03,Clothing,1010,32.67,0,0,32996.7
2024-06-03,S03,Electronics,303,181.84,0,0,55097.52
2024-06-03,S03,Garden,831,17.99,0,0,14949.69
2024-06-03,S03,Grocery,2480,4.45,0,0,11036.0
2024-06-03,S04,Clothing,662,31.6,0,0,20919.2
2024-06-03,S04,Electronics,291,155.24,1,0,45174.84
2024-06-03,S04,Garden,508,16.88,0,0,8575.04
2024-06-03,S04,Grocery,1923,4.25,0,0,8172.75
2024-06-03,S05,Clothing,737,31.46,0,0,23186.02
2024-06-03,S05,Electronics,209,181.17,0,0,37864.53
2024-06-03,S05,Garden,684,17.55,0,0,12004.2
2024-06-03,S05,Grocery,2302,4.44,0,0,10220.88
2024-06-03,S06,Clothing,1191,31.7,0,0,37754.7
2024-06-03,S06,Electronics,326,179.87,0,0,58637.62
2024-06-03,S06,Garden,887,18.17,0,0,16116.79
2024-06-03,S06,Grocery,2836,4.51,0,0,12790.36
2024-06-10,S01,Clothing,391,32.85,0,0,12844.35
2024-06-10,S01,Electronics,139,188.91,0,0,26258.49
2024-06-10,S01,Garden,361,18.4,0,0,6642.4
2024-06-10,S01,Grocery,1271,4.17,1,0,5300.07
2024-06-10,S02,Clothing,1295,30.75,1,0,39821.25
2024-06-10,S02,Electronics,430,171.71,1,0,73835.3
2024-06-10,S02,Garden,867,19.01,0,0,16481.67
2024-06-10,S02,Grocery,2870,4.8,0,0,13776.0
2024-06-10,S03,Clothing,965,32.02,0,0,30899.3
2024-06-10,S03,Electronics,244,180.57,0,0,44059.08
2024-06-10,S03,Garden,868,17.87,0,0,15511.16
2024-06-10,S03,Grocery,2654,4.51,0,0,11969.54
2024-06-10,S04,Clothing,703,30.98,0,0,21778.94
2024-06-10,S04,Electronics,202,174.75,0,0,35299.5
2024-06-10,S04,Garden,600,17.44,0,0,10464.0
2024-06-10,S04,Grocery,1893,4.27,0,0,8083.11
2024-06-10,S05,Clothing,813,31.42,0,0,25544.46
2024-06-10,S05,Electronics,217,180.59,0,0,39188.03
2024-06-10,S05,Garden,585,17.83,0,0,10430.55
2024-06-10,S05,Grocery,2081,4.41,0,0,9177.21
2024-06-10,S06,Clothing,1355,28.73,1,0,38929.15
2024-06-10,S06,Electronics,339,180.16,0,0,61074.24
2024-06-10,S06,Garden,1001,17.94,0,0,17957.94
2024-06-10,S06,Grocery,2925,4.47,0,0,13074.75
2024-06-17,S01,Clothing,449,32.47,0,0,14579.03
2024-06-17,S01,Electronics,186,166.73,1,0,31011.78
2024-06-17,S01,Garden,452,16.71,1,0,7552.92
2024-06-17,S01,Grocery,1150,4.7,0,0,5405.0
2024-06-17,S02,Clothing,1050,33.58,0,0,35259.0
2024-06-17,S02,Electronics,346,189.6,0,0,65601.6
2024-06-17,S02,Garden,855,18.76,0,0,16039.8
2024-06-17,S02,Grocery,2510,4.67,0,0,11721.7
2024-06-17,S03,Clothing,942,31.93,0,0,30078.06
2024-06-17,S03,Electronics,303,178.91,0,0,54209.73
2024-06-17,S03,Garden,883,16.27,1,0,14366.41
2024-06-17,S03,Grocery,2594,4.52,0,0,11724.88
2024-06-17,S04,Clothing,657,30.44,0,0,19999.08
2024-06-17,S04,Electronics,227,170.88,0,0,38789.76
2024-06-17,S04,Garden,535,17.29,0,0,9250.15
2024-06-17,S04,Grocery,2041,4.35,0,0,8878.35
2024-06-17,S05,Clothing,779,32.23,0,0,25107.17
2024-06-17,S05,Electronics,248,161.57,1,0,40069.36
2024-06-17,S05,Garden,728,15.98,1,0,11633.44
2024-06-17,S05,Grocery,2032,4.4,0,0,8940.8
2024-06-17,S06,Clothing,1212,31.76,0,0,38493.12
2024-06-17,S06,Electronics,363,179.36,0,0,65107.68
2024-06-17,S06,Garden,1001,17.93,0,0,17947.93
2024-06-17,S06,Grocery,2908,4.47,0,0,12998.76
2024-06-24,S01,Clothing,424,32.97,0,0,13979.28
2024-06-24,S01,Electronics,129,186.34,0,0,24037.86
2024-06-24,S01,Garden,331,18.32,0,0,6063.92
2024-06-24,S01,Grocery,1114,4.54,0,0,5057.56
2024-06-24,S02,Clothing,957,32.67,0,0,31265.19
2024-06-24,S02,Electronics,313,188.08,0,0,58869.04
2024-06-24,S02,Garden,818,18.98,0,0,15525.64
2024-06-24,S02,Grocery,2934,4.75,0,0,13936.5
2024-06-24,S03,Clothing,1221,28.47,1,0,34761.87
2024-06-24,S03,Electronics,279,180.19,0,0,50273.01
2024-06-24,S03,Garden,891,17.76,0,0,15824.16
2024-06-24,S03,Grocery,2247,4.53,0,0,10178.91
2024-06-24,S04,Clothing,688,30.8,0,0,21190.4
2024-06-24,S04,Electronics,323,156.58,1,0,50575.34
2024-06-24,S04,Garden,571,17.01,0,0,9712.71
2024-06-24,S04,Grocery,2115,3.9,1,0,8248.5
2024-06-24,S05,Clothing,715,31.02,0,0,22179.3
2024-06-24,S05,Electronics,229,177.63,0,0,40677.27
2024-06-24,S05,Garden,691,17.72,0,0,12244.52
2024-06-24,S05,Grocery,2106,4.52,0,0,9519.12
2024-06-24,S06,Clothing,1197,31.87,0,0,38148.39
2024-06-24,S06,Electronics,356,179.28,0,0,63823.68
2024-06-24,S06,Garden,1054,17.84,0,0,18803.36
2024-06-24,S06,Grocery,2779,4.45,0,0,12366.55
2024-07-01,S01,Clothing,388,33.03,0,0,12815.64
2024-07-01,S01,Electronics,155,183.8,0,0,28489.0
2024-07-01,S01,Garden,336,18.39,0,0,6179.04
2024-07-01,S01,Grocery,1144,4.56,0,0,5216.64
2024-07-01,S02,Clothing,945,33.58,0,0,31733.1
2024-07-01,S02,Electronics,363,184.6,0,0,67009.8
2024-07-01,S02,Garden,754,18.86,0,0,14220.44
2024-07-01,S02,Grocery,3231,4.72,0,0,15250.32
2024-07-01,S03,Clothing,971,29.12,1,0,28275.52
2024-07-01,S03,Electronics,340,161.28,1,0,54835.2
2024-07-01,S03,Garden,993,16.21,1,0,16096.53
2024-07-01,S03,Grocery,2388,4.45,0,0,10626.6
2024-07-01,S04,Clothing,730,30.81,0,0,22491.3
2024-07-01,S04,Electronics,211,171.05,0,0,36091.55
2024-07-01,S04,Garden,602,17.08,0,0,10282.16
2024-07-01,S04,Grocery,1806,4.35,0,0,7856.1
2024-07-01,S05,Clothing,661,31.71,0,0,20960.31
2024-07-01,S05,Electronics,218,176.79,0,0,38540.22
2024-07-01,S05,Garden,656,18.02,0,0,11821.12
2024-07-01,S05,Grocery,2239,4.45,0,0,9963.55
2024-07-01,S06,Clothing,1158,32.21,0,0,37299.18
2024-07-01,S06,Electronics,380,181.41,0,0,68935.8
2024-07-01,S06,Garden,1077,17.53,0,0,18879.81
2024-07-01,S06,Grocery,2616,4.51,0,0,11798.16
2024-07-08,S01,Clothing,499,29.58,1,0,14760.42
2024-07-08,S01,Electronics,145,184.36,0,0,26732.2
2024-07-08,S01,Garden,377,16.64,1,0,6273.28
2024-07-08,S01,Grocery,1566,4.14,1,0,6483.24
2024-07-08,S02,Clothing,929,33.48,0,0,31102.92
2024-07-08,S02,Electronics,342,185.76,0,0,63529.92
2024-07-08,S02,Garden,850,18.58,0,0,15793.0
2024-07-08,S02,Grocery,4089,4.17,1,0,17051.13
2024-07-08,S03,Clothing,876,31.76,0,0,27821.76
2024-07-08,S03,Electronics,300,182.96,0,0,54888.0
2024-07-08,S03,Garden,850,18.11,0,0,15393.5
2024-07-08,S03,Grocery,2299,4.5,0,0,10345.5
2024-07-08,S04,Clothing,650,30.33,0,0,19714.5
2024-07-08,S04,Electronics,232,172.56,0,0,40033.92
2024-07-08,S04,Garden,607,17.26,0,0,10476.82
2024-07-08,S04,Grocery,1812,4.37,0,0,7918.44
2024-07-08,S05,Clothing,874,28.12,1,0,24576.88
2024-07-08,S05,Electronics,220,177.93,0,0,39144.6
2024-07-08,S05,Garden,898,15.89,1,0,14269.22
2024-07-08,S05,Grocery,2433,4.05,1,0,9853.65
2024-07-08,S06,Clothing,1104,32.08,0,0,35416.32
2024-07-08,S06,Electronics,389,180.04,0,0,70035.56
2024-07-08,S06,Garden,984,17.96,0,0,17672.64
2024-07-08,S06,Grocery,2607,4.45,0,0,11601.15
2024-07-15,S01,Clothing,352,32.91,0,0,11584.32
2024-07-15,S01,Electronics,150,183.38,0,0,27507.0
2024-07-15,S01,Garden,333,18.65,0,0,6210.45
2024-07-15,S01,Grocery,1182,4.59,0,0,5425.38
2024-07-15,S02,Clothing,956,33.48,0,0,32006.88
2024-07-15,S02,Electronics,373,190.66,0,0,71116.18
2024-07-15,S02,Garden,723,18.56,0,0,13418.88
2024-07-15,S02,Grocery,3225,4.74,0,0,15286.5
2024-07-15,S03,Clothing,806,31.98,0,0,25775.88
2024-07-15,S03,Electronics,317,181.04,0,0,57389.68
2024-07-15,S03,Garden,746,18.17,0,0,13554.82
2024-07-15,S03,Grocery,2399,4.58,0,0,10987.42
2024-07-15,S04,Clothing,649,30.22,0,0,19612.78
2024-07-15,S04,Electronics,232,172.55,0,0,40031.6
2024-07-15,S04,Garden,515,17.33,0,0,8924.95
2024-07-15,S04,Grocery,1891,4.27,0,0,8074.57
2024-07-15,S05,Clothing,698,31.5,0,0,21987.0
2024-07-15,S05,Electronics,200,178.94,0,0,35788.0
2024-07-15,S05,Garden,684,17.54,0,0,11997.36
2024-07-15,S05,Grocery,2108,4.51,0,0,9507.08
2024-07-15,S06,Clothing,1148,31.55,0,0,36219.4
2024-07-15,S06,Electronics,368,179.57,0,0,66081.76
2024-07-15,S06,Garden,889,17.82,0,0,15841.98
2024-07-15,S06,Grocery,3440,4.44,0,0,15273.6
2024-07-22,S01,Clothing,353,32.75,0,0,11560.75
2024-07-22,S01,Electronics,150,179.8,0,0,26970.0
2024-07-22,S01,Garden,321,18.36,0,0,5893.56
2024-07-22,S01,Grocery,1223,4.66,0,0,5699.18
2024-07-22,S02,Clothing,1149,30.19,1,0,34688.31
2024-07-22,S02,Electronics,433,168.08,1,0,72778.64
2024-07-22,S02,Garden,860,19.04,0,0,16374.4
2024-07-22,S02,Grocery,2727,4.77,0,0,13007.79
2024-07-22,S03,Clothing,911,31.62,0,0,28805.82
2024-07-22,S03,Electronics,286,181.26,0,0,51840.36
2024-07-22,S03,Garden,799,17.87,0,0,14278.13
2024-07-22,S03,Grocery,2693,4.58,0,0,12333.94
2024-07-22,S04,Clothing,690,30.59,0,0,21107.1
2024-07-22,S04,Electronics,242,173.31,0,0,41941.02
2024-07-22,S04,Garden,562,17.13,0,0,9627.06
2024-07-22,S04,Grocery,1801,4.37,0,0,7870.37
2024-07-22,S05,Clothing,778,28.28,1,0,22001.84
2024-07-22,S05,Electronics,230,179.36,0,0,41252.8
2024-07-22,S05,Garden,841,16.14,1,0,13573.74
2024-07-22,S05,Grocery,2259,4.43,0,0,10007.37
2024-07-22,S06,Clothing,1216,28.41,1,0,34546.56
2024-07-22,S06,Electronics,341,179.76,0,0,61298.16
2024-07-22,S06,Garden,1051,17.76,0,0,18665.76
2024-07-22,S06,Grocery,3146,4.54,0,0,14282.84
2024-07-29,S01,Clothing,353,33.32,0,0,11761.96
2024-07-29,S01,Electronics,156,182.16,0,0,28416.96
2024-07-29,S01,Garden,282,18.13,0,0,5112.66
2024-07-29,S01,Grocery,1231,4.63,0,0,5699.53
2024-07-29,S02,Clothing,1147,30.11,1,0,34536.17
2024-07-29,S02,Electronics,411,168.24,1,0,69146.64
2024-07-29,S02,Garden,777,19.05,0,0,14801.85
2024-07-29,S02,Grocery,3075,4.67,0,0,14360.25
2024-07-29,S03,Clothing,832,32.51,0,0,27048.32
2024-07-29,S03,Electronics,336,175.26,0,0,58887.36
2024-07-29,S03,Garden,666,18.01,0,0,11994.66
2024-07-29,S03,Grocery,2516,4.09,1,0,10290.44
2024-07-29,S04,Clothing,632,30.86,0,0,19503.52
2024-07-29,S04,Electronics,248,172.61,0,0,42807.28
2024-07-29,S04,Garden,571,17.36,0,0,9912.56
2024-07-29,S04,Grocery,1941,4.24,0,0,8229.84
2024-07-29,S05,Clothing,641,31.31,0,0,20069.71
2024-07-29,S05,Electronics,247,179.01,0,0,44215.47
2024-07-29,S05,Garden,602,17.54,0,0,10559.08
2024-07-29,S05,Grocery,2175,4.47,0,0,9722.25
2024-07-29,S06,Clothing,1185,32.0,0,0,37920.0
2024-07-29,S06,Electronics,372,182.79,0,0,67997.88
2024-07-29,S06,Garden,874,18.03,0,0,15758.22
2024-07-29,S06,Grocery,3132,4.48,0,0,14031.36
2024-08-05,S01,Clothing,381,32.54,0,0,12397.74
2024-08-05,S01,Electronics,154,181.36,0,0,27929.44
2024-08-05,S01,Garden,317,18.12,0,0,5744.04
2024-08-05,S01,Grocery,1310,4.54,0,0,5947.4
2024-08-05,S02,Clothing,882,33.45,0,0,29502.9
2024-08-05,S02,Electronics,447,169.14,1,0,75605.58
2024-08-05,S02,Garden,641,18.89,0,0,12108.49
2024-08-05,S02,Grocery,2801,4.71,0,0,13192.71
2024-08-05,S03,Clothing,756,32.38,0,0,24479.28
2024-08-05,S03,Electronics,345,179.94,0,0,62079.3
2024-08-05,S03,Garden,701,18.04,0,0,12646.04
2024-08-05,S03,Grocery,2527,4.06,1,0,10259.62
2024-08-05,S04,Clothing,570,30.12,0,0,17168.4
2024-08-05,S04,Electronics,269,170.9,0,0,45972.1
2024-08-05,S04,Garden,546,16.91,0,0,9232.86
2024-08-05,S04,Grocery,1937,4.34,0,0,8406.58
2024-08-05,S05,Clothing,626,31.64,0,0,19806.64
2024-08-05,S05,Electronics,237,177.68,0,0,42110.16
2024-08-05,S05,Garden,645,17.45,0,0,11255.25
2024-08-05,S05,Grocery,2094,4.45,0,0,9318.3
2024-08-05,S06,Clothing,1038,32.02,0,0,33236.76
2024-08-05,S06,Electronics,396,179.81,0,0,71204.76
2024-08-05,S06,Garden,928,17.69,0,0,16416.32
2024-08-05,S06,Grocery,2789,4.48,0,0,12494.72
2024-08-12,S01,Clothing,330,32.64,0,0,10771.2
2024-08-12,S01,Electronics,174,180.55,0,0,31415.7
2024-08-12,S01,Garden,324,18.24,0,0,5909.76
2024-08-12,S01,Grocery,1191,4.64,0,0,5526.24
2024-08-12,S02,Clothing,769,33.67,0,0,25892.23
2024-08-12,S02,Electronics,384,186.25,0,0,71520.0
2024-08-12,S02,Garden,823,17.2,1,0,14155.6
2024-08-12,S02,Grocery,2980,4.62,0,0,13767.6
2024-08-12,S03,Clothing,760,32.0,0,0,24320.0
2024-08-12,S03,Electronics,339,183.81,0,0,62311.59
2024-08-12,S03,Garden,751,18.28,0,0,13728.28
2024-08-12,S03,Grocery,2360,4.46,0,0,10525.6
2024-08-12,S04,Clothing,690,27.35,1,0,18871.5
2024-08-12,S04,Electronics,259,173.69,0,0,44985.71
2024-08-12,S04,Garden,575,17.04,0,0,9798.0
2024-08-12,S04,Grocery,1875,4.28,0,0,8025.0
2024-08-12,S05,Clothing,800,27.73,1,0,22184.0
2024-08-12,S05,Electronics,264,179.3,0,0,47335.2
2024-08-12,S05,Garden,565,17.95,0,0,10141.75
2024-08-12,S05,Grocery,2088,4.4,0,0,9187.2
2024-08-12,S06,Clothing,899,31.7,0,0,28498.3
2024-08-12,S06,Electronics,389,178.58,0,0,69467.62
2024-08-12,S06,Garden,1037,16.29,1,0,16892.73
2024-08-12,S06,Grocery,3706,4.07,1,0,15083.42
2024-08-19,S01,Clothing,346,32.84,0,0,11362.64
2024-08-19,S01,Electronics,159,182.49,0,0,29015.91
2024-08-19,S01,Garden,299,18.23,0,0,5450.77
2024-08-19,S01,Grocery,1119,4.59,0,0,5136.21
2024-08-19,S02,Clothing,746,33.28,0,0,24826.88
2024-08-19,S02,Electronics,512,167.34,1,0,85678.08
2024-08-19,S02,Garden,739,19.02,0,0,14055.78
2024-08-19,S02,Grocery,2739,4.65,0,0,12736.35
2024-08-19,S03,Clothing,765,31.64,0,0,24204.6
2024-08-19,S03,Electronics,329,182.44,0,0,60022.76
2024-08-19,S03,Garden,655,17.74,0,0,11619.7
2024-08-19,S03,Grocery,3241,4.08,1,0,13223.28
2024-08-19,S04,Clothing,622,27.71,1,0,17235.62
2024-08-19,S04,Electronics,285,175.15,0,0,49917.75
2024-08-19,S04,Garden,490,16.86,0,0,8261.4
2024-08-19,S04,Grocery,2084,4.26,0,0,8877.84
2024-08-19,S05,Clothing,580,31.53,0,0,18287.4
2024-08-19,S05,Electronics,314,162.13,1,0,50908.82
2024-08-19,S05,Garden,764,16.04,1,0,12254.56
2024-08-19,S05,Grocery,2245,4.44,0,0,9967.8
2024-08-19,S06,Clothing,1098,29.18,1,0,32039.64
2024-08-19,S06,Electronics,392,176.07,0,0,69019.44
2024-08-19,S06,Garden,838,18.04,0,0,15117.52
2024-08-19,S06,Grocery,2795,4.46,0,0,12465.7
2024-08-26,S01,Clothing,312,33.12,0,0,10333.44
2024-08-26,S01,Electronics,180,187.15,0,0,33687.0
2024-08-26,S01,Garden,334,18.44,0,0,6158.96
2024-08-26,S01,Grocery,1312,4.68,0,0,6140.16
2024-08-26,S02,Clothing,809,33.15,0,0,26818.35
2024-08-26,S02,Electronics,401,188.15,0,0,75448.15
2024-08-26,S02,Garden,845,17.06,1,0,14415.7
2024-08-26,S02,Grocery,2862,4.76,0,0,13623.12
2024-08-26,S03,Clothing,710,32.5,0,0,23075.0
2024-08-26,S03,Electronics,335,176.73,0,0,59204.55
2024-08-26,S03,Garden,702,17.84,0,0,12523.68
2024-08-26,S03,Grocery,3361,4.04,1,0,13578.44
2024-08-26,S04,Clothing,558,30.62,0,0,17085.96
2024-08-26,S04,Electronics,269,171.17,0,0,46044.73
2024-08-26,S04,Garden,439,17.06,0,0,7489.34
2024-08-26,S04,Grocery,1982,4.33,0,0,8582.06
2024-08-26,S05,Clothing,580,31.6,0,0,18328.0
2024-08-26,S05,Electronics,310,161.52,1,0,50071.2
2024-08-26,S05,Garden,694,16.09,1,0,11166.46
2024-08-26,S05,Grocery,2193,4.47,0,0,9802.71
2024-08-26,S06,Clothing,948,32.17,0,0,30497.16
2024-08-26,S06,Electronics,430,176.93,0,0,76079.9
2024-08-26,S06,Garden,869,17.88,0,0,15537.72
2024-08-26,S06,Grocery,2730,4.47,0,0,12203.1
2024-09-02,S01,Clothing,318,32.34,0,0,10284.12
2024-09-02,S01,Electronics,166,184.62,0,0,30646.92
2024-09-02,S01,Garden,369,16.43,1,0,6062.67
2024-09-02,S01,Grocery,1214,4.59,0,0,5572.26
2024-09-02,S02,Clothing,702,34.48,0,0,24204.96
2024-09-02,S02,Electronics,402,186.57,0,0,75001.14
2024-09-02,S02,Garden,689,18.65,0,0,12849.85
2024-09-02,S02,Grocery,2874,4.68,0,0,13450.32
2024-09-02,S03,Clothing,678,31.89,0,0,21621.42
2024-09-02,S03,Electronics,387,179.49,0,0,69462.63
2024-09-02,S03,Garden,695,18.51,0,0,12864.45
2024-09-02,S03,Grocery,2592,4.53,0,0,11741.76
2024-09-02,S04,Clothing,674,27.94,1,0,18831.56
2024-09-02,S04,Electronics,272,169.01,0,0,45970.72
2024-09-02,S04,Garden,564,15.73,1,0,8871.72
2024-09-02,S04,Grocery,2133,4.35,0,0,9278.55
2024-09-02,S05,Clothing,517,31.2,0,0,16130.4
2024-09-02,S05,Electronics,291,177.84,0,0,51751.44
2024-09-02,S05,Garden,524,17.71,0,0,9280.04
2024-09-02,S05,Grocery,2042,4.43,0,0,9046.06
2024-09-02,S06,Clothing,861,31.71,0,0,27302.31
2024-09-02,S06,Electronics,508,178.66,0,0,90759.28
2024-09-02,S06,Garden,811,17.94,0,0,14549.34
2024-09-02,S06,Grocery,2869,4.5,0,0,12910.5
2024-09-09,S01,Clothing,302,32.41,0,0,9787.82
2024-09-09,S01,Electronics,176,187.08,0,0,32926.08
2024-09-09,S01,Garden,296,18.34,0,0,5428.64
2024-09-09,S01,Grocery,1332,4.59,0,0,6113.88
2024-09-09,S02,Clothing,730,33.23,0,0,24257.9
2024-09-09,S02,Electronics,471,186.85,0,0,88006.35
2024-09-09,S02,Garden,601,19.15,0,0,11509.15
2024-09-09,S02,Grocery,3179,4.65,0,0,14782.35
2024-09-09,S03,Clothing,654,31.66,0,0,20705.64
2024-09-09,S03,Electronics,341,177.89,0,0,60660.49
2024-09-09,S03,Garden,612,17.96,0,0,10991.52
2024-09-09,S03,Grocery,2727,4.47,0,0,12189.69
2024-09-09,S04,Clothing,474,30.18,0,0,14305.32
2024-09-09,S04,Electronics,273,173.03,0,0,47237.19
2024-09-09,S04,Garden,443,17.57,0,0,7783.51
2024-09-09,S04,Grocery,1991,4.34,0,0,8640.94
2024-09-09,S05,Clothing,622,32.1,0,0,19966.2
2024-09-09,S05,Electronics,272,176.41,0,0,47983.52
2024-09-09,S05,Garden,553,17.54,0,0,9699.62
2024-09-09,S05,Grocery,2348,4.43,0,0,10401.64
2024-09-09,S06,Clothing,782,31.68,0,0,24773.76
2024-09-09,S06,Electronics,437,179.3,0,0,78354.1
2024-09-09,S06,Garden,789,17.74,0,0,13996.86
2024-09-09,S06,Grocery,3909,3.98,1,0,15557.82
2024-09-16,S01,Clothing,313,32.17,0,0,10069.21
2024-09-16,S01,Electronics,169,185.46,0,0,31342.74
2024-09-16,S01,Garden,266,18.33,0,0,4875.78
2024-09-16,S01,Grocery,1530,4.18,1,0,6395.4
2024-09-16,S02,Clothing,854,30.15,1,0,25748.1
2024-09-16,S02,Electronics,467,186.78,0,0,87226.26
2024-09-16,S02,Garden,558,18.93,0,0,10562.94
2024-09-16,S02,Grocery,3182,4.72,0,0,15019.04
2024-09-16,S03,Clothing,677,31.45,0,0,21291.65
2024-09-16,S03,Electronics,407,183.14,0,0,74537.98
2024-09-16,S03,Garden,568,17.67,0,0,10036.56
2024-09-16,S03,Grocery,2301,4.49,0,0,10331.49
2024-09-16,S04,Clothing,507,31.33,0,0,15884.31
2024-09-16,S04,Electronics,261,171.6,0,0,44787.6
2024-09-16,S04,Garden,393,17.26,0,0,6783.18
2024-09-16,S04,Grocery,2025,4.31,0,0,8727.75
2024-09-16,S05,Clothing,590,28.29,1,0,16691.1
2024-09-16,S05,Electronics,279,176.37,0,0,49207.23
2024-09-16,S05,Garden,576,17.58,0,0,10126.08
2024-09-16,S05,Grocery,2183,4.44,0,0,9692.52
2024-09-16,S06,Clothing,783,31.84,0,0,24930.72
2024-09-16,S06,Electronics,461,178.5,0,0,82288.5
2024-09-16,S06,Garden,696,18.08,0,0,12583.68
2024-09-16,S06,Grocery,3166,4.5,0,0,14247.0
2024-09-23,S01,Clothing,281,32.85,0,0,9230.85
2024-09-23,S01,Electronics,190,186.15,0,0,35368.5
2024-09-23,S01,Garden,262,18.39,0,0,4818.18
2024-09-23,S01,Grocery,1253,4.65,0,0,5826.45
2024-09-23,S02,Clothing,659,32.97,0,0,21727.23
2024-09-23,S02,Electronics,428,189.23,0,0,80990.44
2024-09-23,S02,Garden,572,18.75,0,0,10725.0
2024-09-23,S02,Grocery,3103,4.68,0,0,14522.04
2024-09-23,S03,Clothing,635,31.8,0,0,20193.0
2024-09-23,S03,Electronics,387,180.5,0,0,69853.5
2024-09-23,S03,Garden,557,17.9,0,0,9970.3
2024-09-23,S03,Grocery,2765,4.51,0,0,12470.15
2024-09-23,S04,Clothing,574,27.12,1,0,15566.88
2024-09-23,S04,Electronics,340,154.75,1,0,52615.0
2024-09-23,S04,Garden,412,17.11,0,0,7049.32
2024-09-23,S04,Grocery,1973,4.31,0,0,8503.63
2024-09-23,S05,Clothing,627,28.4,1,0,17806.8
2024-09-23,S05,Electronics,286,176.68,0,0,50530.48
2024-09-23,S05,Garden,473,17.74,0,0,8391.02
2024-09-23,S05,Grocery,2488,4.54,0,0,11295.52
2024-09-23,S06,Clothing,842,31.81,0,0,26784.02
2024-09-23,S06,Electronics,436,180.13,0,0,78536.68
2024-09-23,S06,Garden,688,17.98,0,0,12370.24
2024-09-23,S06,Grocery,2859,4.45,0,0,12722.55
2024-09-30,S01,Clothing,259,32.47,0,0,8409.73
2024-09-30,S01,Electronics,206,183.04,0,0,37706.24
2024-09-30,S01,Garden,240,18.71,0,0,4490.4
2024-09-30,S01,Grocery,1297,4.64,0,0,6018.08
2024-09-30,S02,Clothing,651,33.5,0,0,21808.5
2024-09-30,S02,Electronics,564,169.03,1,0,95332.92
2024-09-30,S02,Garden,546,18.7,0,0,10210.2
2024-09-30,S02,Grocery,2833,4.68,0,0,13258.44
2024-09-30,S03,Clothing,759,28.39,1,0,21548.01
2024-09-30,S03,Electronics,441,160.81,1,0,70917.21
2024-09-30,S03,Garden,513,17.51,0,0,8982.63
2024-09-30,S03,Grocery,2544,4.51,0,0,11473.44
2024-09-30,S04,Clothing,497,29.99,0,0,14905.03
2024-09-30,S04,Electronics,344,173.13,0,0,59556.72
2024-09-30,S04,Garden,424,17.18,0,0,7284.32
2024-09-30,S04,Grocery,2053,4.33,0,0,8889.49
2024-09-30,S05,Clothing,516,31.44,0,0,16223.04
2024-09-30,S05,Electronics,292,178.35,0,0,52078.2
2024-09-30,S05,Garden,469,17.56,0,0,8235.64
2024-09-30,S05,Grocery,2092,4.37,0,0,9142.04
2024-09-30,S06,Clothing,719,32.31,0,0,23230.89
2024-09-30,S06,Electronics,519,178.48,0,0,92631.12
2024-09-30,S06,Garden,629,18.0,0,0,11322.0
2024-09-30,S06,Grocery,2993,4.53,0,0,13558.29
2024-10-07,S01,Clothing,258,32.71,0,0,8439.18
2024-10-07,S01,Electronics,192,185.67,0,0,35648.64
2024-10-07,S01,Garden,242,18.59,0,0,4498.78
2024-10-07,S01,Grocery,1437,4.54,0,0,6523.98
2024-10-07,S02,Clothing,677,33.15,0,0,22442.55
2024-10-07,S02,Electronics,447,187.91,0,0,83995.77
2024-10-07,S02,Garden,504,18.87,0,0,9510.48
2024-10-07,S02,Grocery,3034,4.74,0,0,14381.16
2024-10-07,S03,Clothing,578,31.81,0,0,18386.18
2024-10-07,S03,Electronics,367,180.12,0,0,66104.04
2024-10-07,S03,Garden,511,18.05,0,0,9223.55
2024-10-07,S03,Grocery,2725,4.52,0,0,12317.0
2024-10-07,S04,Clothing,498,30.59,0,0,15233.82
2024-10-07,S04,Electronics,319,171.39,0,0,54673.41
2024-10-07,S04,Garden,345,17.3,0,0,5968.5
2024-10-07,S04,Grocery,2158,4.32,0,0,9322.56
2024-10-07,S05,Clothing,546,28.44,1,0,15528.24
2024-10-07,S05,Electronics,308,160.94,1,0,49569.52
2024-10-07,S05,Garden,418,17.84,0,0,7457.12
2024-10-07,S05,Grocery,2266,4.47,0,0,10129.02
2024-10-07,S06,Clothing,721,32.23,0,0,23237.83
2024-10-07,S06,Electronics,518,177.86,0,0,92131.48
2024-10-07,S06,Garden,616,18.04,0,0,11112.64
2024-10-07,S06,Grocery,3211,4.51,0,0,14481.61
2024-10-14,S01,Clothing,269,33.05,0,0,8890.45
2024-10-14,S01,Electronics,194,186.05,0,0,36093.7
2024-10-14,S01,Garden,251,16.63,1,0,4174.13
2024-10-14,S01,Grocery,1457,4.64,0,0,6760.48
2024-10-14,S02,Clothing,694,33.32,0,0,23124.08
2024-10-14,S02,Electronics,524,170.43,1,0,89305.32
2024-10-14,S02,Garden,523,18.51,0,0,9680.73
2024-10-14,S02,Grocery,2974,4.65,0,0,13829.1
2024-10-14,S03,Clothing,622,32.25,0,0,20059.5
2024-10-14,S03,Electronics,411,175.36,0,0,72072.96
2024-10-14,S03,Garden,488,18.15,0,0,8857.2
2024-10-14,S03,Grocery,2424,4.48,0,0,10859.52
2024-10-14,S04,Clothing,481,30.26,0,0,14555.06
2024-10-14,S04,Electronics,329,171.71,0,0,56492.59
2024-10-14,S04,Garden,405,16.95,0,0,6864.75
2024-10-14,S04,Grocery,2029,4.33,0,0,8785.57
2024-10-14,S05,Clothing,485,32.04,0,0,15539.4
2024-10-14,S05,Electronics,298,175.38,0,0,52263.24
2024-10-14,S05,Garden,407,17.71,0,0,7207.97
2024-10-14,S05,Grocery,2209,4.44,0,0,9807.96
2024-10-14,S06,Clothing,803,31.92,0,0,25631.76
2024-10-14,S06,Electronics,526,180.6,0,0,94995.6
2024-10-14,S06,Garden,584,17.83,0,0,10412.72
2024-10-14,S06,Grocery,3860,4.06,1,0,15671.6
2024-10-21,S01,Clothing,255,32.62,0,0,8318.1
2024-10-21,S01,Electronics,186,183.64,0,0,34157.04
2024-10-21,S01,Garden,204,18.38,0,0,3749.52
2024-10-21,S01,Grocery,1553,4.11,1,0,6382.83
2024-10-21,S02,Clothing,712,33.82,0,0,24079.84
2024-10-21,S02,Electronics,623,169.18,1,0,105399.14
2024-10-21,S02,Garden,435,18.96,0,0,8247.6
2024-10-21,S02,Grocery,3296,4.66,0,0,15359.36
2024-10-21,S03,Clothing,608,31.89,0,0,19389.12
2024-10-21,S03,Electronics,437,178.1,0,0,77829.7
2024-10-21,S03,Garden,552,16.06,1,0,8865.12
2024-10-21,S03,Grocery,3219,4.0,1,0,12876.0
2024-10-21,S04,Clothing,456,30.6,0,0,13953.6
2024-10-21,S04,Electronics,313,172.0,0,0,53836.0
2024-10-21,S04,Garden,315,17.12,0,0,5392.8
2024-10-21,S04,Grocery,2158,4.31,0,0,9300.98
2024-10-21,S05,Clothing,482,32.41,0,0,15621.62
2024-10-21,S05,Electronics,327,159.3,1,0,52091.1
2024-10-21,S05,Garden,349,17.82,0,0,6219.18
2024-10-21,S05,Grocery,2186,4.42,0,0,9662.12
2024-10-21,S06,Clothing,762,32.13,0,0,24483.06
2024-10-21,S06,Electronics,552,181.96,0,0,100441.92
2024-10-21,S06,Garden,619,17.68,0,0,10943.92
2024-10-21,S06,Grocery,3121,4.42,0,0,13794.82
2024-10-28,S01,Clothing,282,32.91,0,0,9280.62
2024-10-28,S01,Electronics,233,167.16,1,0,38948.28
2024-10-28,S01,Garden,191,18.39,0,0,3512.49
2024-10-28,S01,Grocery,1313,4.63,0,0,6079.19
2024-10-28,S02,Clothing,692,33.62,0,0,23265.04
2024-10-28,S02,Electronics,443,187.72,0,0,83159.96
2024-10-28,S02,Garden,439,18.65,0,0,8187.35
2024-10-28,S02,Grocery,3375,4.71,0,0,15896.25
2024-10-28,S03,Clothing,601,32.12,0,0,19304.12
2024-10-28,S03,Electronics,496,162.11,1,0,80406.56
2024-10-28,S03,Garden,475,17.92,0,0,8512.0
2024-10-28,S03,Grocery,2691,4.57,0,0,12297.87
2024-10-28,S04,Clothing,490,30.59,0,0,14989.1
2024-10-28,S04,Electronics,321,174.7,0,0,56078.7
2024-10-28,S04,Garden,370,15.72,1,0,5816.4
2024-10-28,S04,Grocery,2003,4.34,0,0,8693.02
2024-10-28,S05,Clothing,455,31.86,0,0,14496.3
2024-10-28,S05,Electronics,343,178.33,0,0,61167.19
2024-10-28,S05,Garden,359,17.82,0,0,6397.38
2024-10-28,S05,Grocery,2624,3.99,1,0,10469.76
2024-10-28,S06,Clothing,739,32.17,0,0,23773.63
2024-10-28,S06,Electronics,503,177.51,0,0,89287.53
2024-10-28,S06,Garden,513,18.12,0,0,9295.56
2024-10-28,S06,Grocery,3199,4.48,0,0,14331.52
2024-11-04,S01,Clothing,268,32.74,0,0,8774.32
2024-11-04,S01,Electronics,224,167.17,1,0,37446.08
2024-11-04,S01,Garden,173,18.53,0,0,3205.69
2024-11-04,S01,Grocery,1394,4.55,0,0,6342.7
2024-11-04,S02,Clothing,782,30.29,1,0,23686.78
2024-11-04,S02,Electronics,664,170.22,1,0,113026.08
2024-11-04,S02,Garden,408,18.89,0,0,7707.12
2024-11-04,S02,Grocery,3367,4.75,0,0,15993.25
2024-11-04,S03,Clothing,622,31.78,0,0,19767.16
2024-11-04,S03,Electronics,446,181.58,0,0,80984.68
2024-11-04,S03,Garden,388,18.17,0,0,7049.96
2024-11-04,S03,Grocery,2858,4.61,0,0,13175.38
2024-11-04,S04,Clothing,441,30.55,0,0,13472.55
2024-11-04,S04,Electronics,350,172.23,0,0,60280.5
2024-11-04,S04,Garden,273,17.04,0,0,4651.92
2024-11-04,S04,Grocery,2820,3.81,1,0,10744.2
2024-11-04,S05,Clothing,495,31.97,0,0,15825.15
2024-11-04,S05,Electronics,346,176.3,0,0,60999.8
2024-11-04,S05,Garden,339,17.86,0,0,6054.54
2024-11-04,S05,Grocery,2604,4.48,0,0,11665.92
2024-11-04,S06,Clothing,750,31.93,0,0,23947.5
2024-11-04,S06,Electronics,513,179.94,0,0,92309.22
2024-11-04,S06,Garden,517,16.27,1,0,8411.59
2024-11-04,S06,Grocery,3212,4.43,0,0,14229.16
2024-11-11,S01,Clothing,320,33.06,0,0,10579.2
2024-11-11,S01,Electronics,196,183.69,0,0,36003.24
2024-11-11,S01,Garden,170,18.58,0,0,3158.6
2024-11-11,S01,Grocery,1248,4.64,0,0,5790.72
2024-11-11,S02,Clothing,644,32.87,0,0,21168.28
2024-11-11,S02,Electronics,494,189.5,0,0,93613.0
2024-11-11,S02,Garden,349,18.73,0,0,6536.77
2024-11-11,S02,Grocery,3034,4.76,0,0,14441.84
2024-11-11,S03,Clothing,648,32.03,0,0,20755.44
2024-11-11,S03,Electronics,550,158.91,1,0,87400.5
2024-11-11,S03,Garden,416,17.69,0,0,7359.04
2024-11-11,S03,Grocery,2803,4.07,1,0,11408.21
2024-11-11,S04,Clothing,432,30.35,0,0,13111.2
2024-11-11,S04,Electronics,376,170.05,0,0,63938.8
2024-11-11,S04,Garden,278,17.09,0,0,4751.02
2024-11-11,S04,Grocery,2050,4.3,0,0,8815.0
2024-11-11,S05,Clothing,440,32.17,0,0,14154.8
2024-11-11,S05,Electronics,335,178.67,0,0,59854.45
2024-11-11,S05,Garden,356,17.88,0,0,6365.28
2024-11-11,S05,Grocery,2372,4.48,0,0,10626.56
2024-11-11,S06,Clothing,712,32.04,0,0,22812.48
2024-11-11,S06,Electronics,585,176.08,0,0,103006.8
2024-11-11,S06,Garden,504,17.85,0,0,8996.4
2024-11-11,S06,Grocery,3200,4.49,0,0,14368.0
2024-11-18,S01,Clothing,299,29.69,1,0,8877.31
2024-11-18,S01,Electronics,242,164.36,1,0,39775.12
2024-11-18,S01,Garden,180,18.3,0,0,3294.0
2024-11-18,S01,Grocery,1345,4.58,0,0,6160.1
2024-11-18,S02,Clothing,639,34.08,0,0,21777.12
2024-11-18,S02,Electronics,499,187.97,0,0,93797.03
2024-11-18,S02,Garden,336,18.77,0,0,6306.72
2024-11-18,S02,Grocery,2704,4.67,0,0,12627.68
2024-11-18,S03,Clothing,848,29.36,1,0,24897.28
2024-11-18,S03,Electronics,423,179.37,0,0,75873.51
2024-11-18,S03,Garden,340,17.77,0,0,6041.8
2024-11-18,S03,Grocery,2694,4.44,0,0,11961.36
2024-11-18,S04,Clothing,391,30.74,0,0,12019.34
2024-11-18,S04,Electronics,367,170.11,0,0,62430.37
2024-11-18,S04,Garden,261,17.22,0,0,4494.42
2024-11-18,S04,Grocery,2243,4.24,0,0,9510.32
2024-11-18,S05,Clothing,546,31.7,0,0,17308.2
2024-11-18,S05,Electronics,316,177.35,0,0,56042.6
2024-11-18,S05,Garden,272,17.73,0,0,4822.56
2024-11-18,S05,Grocery,2251,4.46,0,0,10039.46
2024-11-18,S06,Clothing,810,32.1,0,0,26001.0
2024-11-18,S06,Electronics,659,159.17,1,0,104893.03
2024-11-18,S06,Garden,559,16.22,1,0,9066.98
2024-11-18,S06,Grocery,3042,4.38,0,0,13323.96
2024-11-25,S01,Clothing,416,29.35,1,1,12209.6
2024-11-25,S01,Electronics,306,182.51,0,1,55848.06
2024-11-25,S01,Garden,155,18.48,0,1,2864.4
2024-11-25,S01,Grocery,1584,4.56,0,1,7223.04
2024-11-25,S02,Clothing,840,33.07,0,1,27778.8
2024-11-25,S02,Electronics,702,188.4,0,1,132256.8
2024-11-25,S02,Garden,363,18.68,0,1,6780.84
2024-11-25,S02,Grocery,3451,4.75,0,1,16392.25
2024-11-25,S03,Clothing,823,31.9,0,1,26253.7
2024-11-25,S03,Electronics,629,181.88,0,1,114402.52
2024-11-25,S03,Garden,364,17.96,0,1,6537.44
2024-11-25,S03,Grocery,3467,4.02,1,1,13937.34
2024-11-25,S04,Clothing,599,30.51,0,1,18275.49
2024-11-25,S04,Electronics,478,172.41,0,1,82411.98
2024-11-25,S04,Garden,240,17.27,0,1,4144.8
2024-11-25,S04,Grocery,2575,4.32,0,1,11124.0
2024-11-25,S05,Clothing,789,28.91,1,1,22809.99
2024-11-25,S05,Electronics,409,176.61,0,1,72233.49
2024-11-25,S05,Garden,298,17.82,0,1,5310.36
2024-11-25,S05,Grocery,2547,4.5,0,1,11461.5
2024-11-25,S06,Clothing,953,32.07,0,1,30562.71
2024-11-25,S06,Electronics,632,178.44,0,1,112774.08
2024-11-25,S06,Garden,436,18.18,0,1,7926.48
2024-11-25,S06,Grocery,3685,4.42,0,1,16287.7
2024-12-02,S01,Clothing,272,32.78,0,0,8916.16
2024-12-02,S01,Electronics,248,184.86,0,0,45845.28
2024-12-02,S01,Garden,147,18.09,0,0,2659.23
2024-12-02,S01,Grocery,1589,4.19,1,0,6657.91
2024-12-02,S02,Clothing,908,30.58,1,0,27766.64
2024-12-02,S02,Electronics,527,186.77,0,0,98427.79
2024-12-02,S02,Garden,373,18.79,0,0,7008.67
2024-12-02,S02,Grocery,3491,4.67,0,0,16302.97
2024-12-02,S03,Clothing,640,32.13,0,0,20563.2
2024-12-02,S03,Electronics,389,177.44,0,0,69024.16
2024-12-02,S03,Garden,355,17.87,0,0,6343.85
2024-12-02,S03,Grocery,3529,4.07,1,0,14363.03
2024-12-02,S04,Clothing,467,30.95,0,0,14453.65
2024-12-02,S04,Electronics,339,170.23,0,0,57707.97
2024-12-02,S04,Garden,284,17.11,0,0,4859.24
2024-12-02,S04,Grocery,2348,4.38,0,0,10284.24
2024-12-02,S05,Clothing,529,31.88,0,0,16864.52
2024-12-02,S05,Electronics,310,177.99,0,0,55176.9
2024-12-02,S05,Garden,298,17.83,0,0,5313.34
2024-12-02,S05,Grocery,2142,4.5,0,0,9639.0
2024-12-02,S06,Clothing,790,31.66,0,0,25011.4
2024-12-02,S06,Electronics,697,163.38,1,0,113875.86
2024-12-02,S06,Garden,391,18.15,0,0,7096.65
2024-12-02,S06,Grocery,2973,4.54,0,0,13497.42
2024-12-09,S01,Clothing,289,33.18,0,0,9589.02
2024-12-09,S01,Electronics,203,185.3,0,0,37615.9
2024-12-09,S01,Garden,167,16.66,1,0,2782.22
2024-12-09,S01,Grocery,1264,4.63,0,0,5852.32
2024-12-09,S02,Clothing,738,33.81,0,0,24951.78
2024-12-09,S02,Electronics,485,186.63,0,0,90515.55
2024-12-09,S02,Garden,332,19.18,0,0,6367.76
2024-12-09,S02,Grocery,3135,4.79,0,0,15016.65
2024-12-09,S03,Clothing,643,31.51,0,0,20260.93
2024-12-09,S03,Electronics,453,180.47,0,0,81752.91
2024-12-09,S03,Garden,342,17.95,0,0,6138.9
2024-12-09,S03,Grocery,2839,4.56,0,0,12945.84
2024-12-09,S04,Clothing,515,30.55,0,0,15733.25
2024-12-09,S04,Electronics,343,169.48,0,0,58131.64
2024-12-09,S04,Garden,225,17.23,0,0,3876.75
2024-12-09,S04,Grocery,2004,4.28,0,0,8577.12
2024-12-09,S05,Clothing,470,31.67,0,0,14884.9
2024-12-09,S05,Electronics,363,178.59,0,0,64828.17
2024-12-09,S05,Garden,263,17.36,0,0,4565.68
2024-12-09,S05,Grocery,2304,4.48,0,0,10321.92
2024-12-09,S06,Clothing,853,31.69,0,0,27031.57
2024-12-09,S06,Electronics,518,178.1,0,0,92255.8
2024-12-09,S06,Garden,366,17.85,0,0,6533.1
2024-12-09,S06,Grocery,2904,4.5,0,0,13068.0
2024-12-16,S01,Clothing,308,32.96,0,0,10151.68
2024-12-16,S01,Electronics,228,183.24,0,0,41778.72
2024-12-16,S01,Garden,145,18.61,0,0,2698.45
2024-12-16,S01,Grocery,1209,4.59,0,0,5549.31
2024-12-16,S02,Clothing,654,33.66,0,0,22013.64
2024-12-16,S02,Electronics,531,189.69,0,0,100725.39
2024-12-16,S02,Garden,282,19.09,0,0,5383.38
2024-12-16,S02,Grocery,3074,4.65,0,0,14294.1
2024-12-16,S03,Clothing,641,32.5,0,0,20832.5
2024-12-16,S03,Electronics,488,180.18,0,0,87927.84
2024-12-16,S03,Garden,304,17.78,0,0,5405.12
2024-12-16,S03,Grocery,2931,4.45,0,0,13042.95
2024-12-16,S04,Clothing,458,30.31,0,0,13881.98
2024-12-16,S04,Electronics,394,155.94,1,0,61440.36
2024-12-16,S04,Garden,220,17.32,0,0,3810.4
2024-12-16,S04,Grocery,1968,4.31,0,0,8482.08
2024-12-16,S05,Clothing,510,31.74,0,0,16187.4
2024-12-16,S05,Electronics,309,176.39,0,0,54504.51
2024-12-16,S05,Garden,258,17.9,0,0,4618.2
2024-12-16,S05,Grocery,2294,4.42,0,0,10139.48
2024-12-16,S06,Clothing,844,31.82,0,0,26856.08
2024-12-16,S06,Electronics,565,178.03,0,0,100586.95
2024-12-16,S06,Garden,425,17.68,0,0,7514.0
2024-12-16,S06,Grocery,3171,4.47,0,0,14174.37
2024-12-23,S01,Clothing,342,32.38,0,1,11073.96
2024-12-23,S01,Electronics,286,184.75,0,1,52838.5
2024-12-23,S01,Garden,141,18.42,0,1,2597.22
2024-12-23,S01,Grocery,1819,4.22,1,1,7676.18
2024-12-23,S02,Clothing,911,33.18,0,1,30226.98
2024-12-23,S02,Electronics,688,189.08,0,1,130087.04
2024-12-23,S02,Garden,269,18.89,0,1,5081.41
2024-12-23,S02,Grocery,4261,4.77,0,1,20324.97
2024-12-23,S03,Clothing,847,31.86,0,1,26985.42
2024-12-23,S03,Electronics,649,183.14,0,1,118857.86
2024-12-23,S03,Garden,334,18.04,0,1,6025.36
2024-12-23,S03,Grocery,3155,4.5,0,1,14197.5
2024-12-23,S04,Clothing,638,30.09,0,1,19197.42
2024-12-23,S04,Electronics,416,173.35,0,1,72113.6
2024-12-23,S04,Garden,249,17.56,0,1,4372.44
2024-12-23,S04,Grocery,2488,4.34,0,1,10797.92
2024-12-23,S05,Clothing,748,31.05,0,1,23225.4
2024-12-23,S05,Electronics,376,177.47,0,1,66728.72
2024-12-23,S05,Garden,257,17.82,0,1,4579.74
2024-12-23,S05,Grocery,2822,4.47,0,1,12614.34
2024-12-23,S06,Clothing,1057,31.69,0,1,33496.33
2024-12-23,S06,Electronics,737,179.56,0,1,132335.72
2024-12-23,S06,Garden,393,17.71,0,1,6960.03
2024-12-23,S06,Grocery,4474,4.0,1,1,17896.0
